architecture,identifier,family,engine,java_benchmark,java_parameters,native_benchmark,java_median_ns,java_cv,java_samples,native_before_ns,native_after_ns,native_drift,native_reference_ns,slice_native_ratio,absolute_deficit_ns,measurement_source,stable,primary_slice_native_ratio,primary_native_drift,confirmation_slice_native_ratio,confirmation_native_drift
intel,failed-search/easy0/dfa/8,failed-search,dfa,io.airlift.slice.re2.BenchmarkRe2Search.searchEasy0Dfa,textSize=8,Search_Easy0_CachedDFA/8/threads:1,17.39966712261092,0.0006173168496306719,14,22.94701971368515,22.932003223093805,0.0006548268132207444,22.939510239641667,0.7585021188701158,-5.539843117030745,primary,true,0.7585021188701158,0.0006548268132207444,,
intel,failed-search/easy0/dfa/64,failed-search,dfa,io.airlift.slice.re2.BenchmarkRe2Search.searchEasy0Dfa,textSize=64,Search_Easy0_CachedDFA/64/threads:1,28.500692587860268,0.0012476008336383038,14,23.859258102884155,23.845593638894787,0.0005730393713948021,23.85242489238533,1.1948761065781137,4.648267695474939,primary,true,1.1948761065781137,0.0005730393713948021,,
intel,failed-search/easy0/dfa/512,failed-search,dfa,io.airlift.slice.re2.BenchmarkRe2Search.searchEasy0Dfa,textSize=512,Search_Easy0_CachedDFA/512/threads:1,71.176783180493,0.0005870605085101778,14,29.479163541750392,29.40320015280584,0.0025835075280845614,29.441157347417295,2.417594605421887,41.73562583307571,primary,true,2.417594605421887,0.0025835075280845614,,
intel,failed-search/easy0/dfa/4096,failed-search,dfa,io.airlift.slice.re2.BenchmarkRe2Search.searchEasy0Dfa,textSize=4096,Search_Easy0_CachedDFA/4096/threads:1,460.4889031018551,0.0009891325383687203,14,94.04275826886365,93.97371133009752,0.0007347473861450138,94.00822846030199,4.898389328720426,366.4806746415531,primary,true,4.898389328720426,0.0007347473861450138,,
intel,failed-search/easy0/dfa/32768,failed-search,dfa,io.airlift.slice.re2.BenchmarkRe2Search.searchEasy0Dfa,textSize=32768,Search_Easy0_CachedDFA/32768/threads:1,2919.397881011855,0.0006765363933919939,14,607.4270039739488,608.5295113078182,0.0018150449793251366,607.9780077300816,4.801814940496916,2311.4198732817736,primary,true,4.801814940496916,0.0018150449793251366,,
intel,failed-search/easy0/dfa/262144,failed-search,dfa,io.airlift.slice.re2.BenchmarkRe2Search.searchEasy0Dfa,textSize=262144,Search_Easy0_CachedDFA/262144/threads:1,25780.224409219492,0.0007400108253932463,14,6882.280859781398,6901.475215915499,0.0027889527505725897,6891.871355644338,3.7406711586550263,18888.353053575156,primary,true,3.7406711586550263,0.0027889527505725897,,
intel,failed-search/easy0/dfa/2097152,failed-search,dfa,io.airlift.slice.re2.BenchmarkRe2Search.searchEasy0Dfa,textSize=2097152,Search_Easy0_CachedDFA/2097152/threads:1,338390.1376362279,0.002654816899768755,14,62319.93961675391,61834.530192484184,0.007850135236067902,62076.76044886654,5.451156522817655,276313.37718736136,primary,true,5.451156522817655,0.007850135236067902,,
intel,failed-search/easy0/dfa/16777216,failed-search,dfa,io.airlift.slice.re2.BenchmarkRe2Search.searchEasy0Dfa,textSize=16777216,Search_Easy0_CachedDFA/16777216/threads:1,2844748.4653611556,0.015827448941967456,14,580395.759834432,580222.2277437465,0.00029907866742775514,580308.987302591,4.902127190178801,2264439.4780585645,primary,true,4.902127190178801,0.00029907866742775514,,
intel,failed-search/easy0/re2/8,failed-search,re2,io.airlift.slice.re2.BenchmarkRe2Search.searchEasy0Re2,textSize=8,Search_Easy0_CachedRE2/8/threads:1,2.8559544106423544,0.0005950529482829324,14,29.53558527466864,29.51862773415135,0.0005744691342026839,29.527105287061683,0.09672314244409827,-26.67115087641933,primary,true,0.09672314244409827,0.0005744691342026839,,
intel,failed-search/easy0/re2/64,failed-search,re2,io.airlift.slice.re2.BenchmarkRe2Search.searchEasy0Re2,textSize=64,Search_Easy0_CachedRE2/64/threads:1,19.216365169764067,0.0007369590875379417,14,29.570157760451515,29.534527023704424,0.0012064095937102334,29.552337022158813,0.650248579506769,-10.335971852394746,primary,true,0.650248579506769,0.0012064095937102334,,
intel,failed-search/easy0/re2/512,failed-search,re2,io.airlift.slice.re2.BenchmarkRe2Search.searchEasy0Re2,textSize=512,Search_Easy0_CachedRE2/512/threads:1,19.213716203412567,0.0005667264211640077,14,29.57566940151827,29.53762227398277,0.0012880903947712732,29.556639715675338,0.6500642964911396,-10.342923512262772,primary,true,0.6500642964911396,0.0012880903947712732,,
intel,failed-search/easy0/re2/4096,failed-search,re2,io.airlift.slice.re2.BenchmarkRe2Search.searchEasy0Re2,textSize=4096,Search_Easy0_CachedRE2/4096/threads:1,19.210466166419202,0.0006352195242994267,14,29.536451545914264,29.546384785336365,0.00033630442731615696,29.541417748121468,0.6502892423854908,-10.330951581702266,primary,true,0.6502892423854908,0.00033630442731615696,,
intel,failed-search/easy0/re2/32768,failed-search,re2,io.airlift.slice.re2.BenchmarkRe2Search.searchEasy0Re2,textSize=32768,Search_Easy0_CachedRE2/32768/threads:1,19.21276718224344,0.0006473286355295912,14,29.538849699830507,29.541667843852615,9.540466371389306e-05,29.540258738235153,0.6503926506701709,-10.327491555991713,primary,true,0.6503926506701709,9.540466371389306e-05,,
intel,failed-search/easy0/re2/262144,failed-search,re2,io.airlift.slice.re2.BenchmarkRe2Search.searchEasy0Re2,textSize=262144,Search_Easy0_CachedRE2/262144/threads:1,19.219118883856353,0.0018775681585830226,14,29.523876001879927,29.539037654154875,0.0005135386787961851,29.531455855005365,0.6508016055225687,-10.312336971149012,primary,true,0.6508016055225687,0.0005135386787961851,,
intel,failed-search/easy0/re2/2097152,failed-search,re2,io.airlift.slice.re2.BenchmarkRe2Search.searchEasy0Re2,textSize=2097152,Search_Easy0_CachedRE2/2097152/threads:1,19.214857260026367,0.0014469617153651541,14,29.52889870954204,29.55279806524673,0.0008093547930714406,29.540845970490093,0.6504504738700138,-10.325988710463726,primary,true,0.6504504738700138,0.0008093547930714406,,
intel,failed-search/easy0/re2/16777216,failed-search,re2,io.airlift.slice.re2.BenchmarkRe2Search.searchEasy0Re2,textSize=16777216,Search_Easy0_CachedRE2/16777216/threads:1,19.197650513427632,0.000977426628718887,14,29.536902438583446,29.524939747907446,0.0004051723992713064,29.530920487499145,0.6500864245513196,-10.333269974071513,primary,true,0.6500864245513196,0.0004051723992713064,,
intel,failed-search/easy0/nfa/8,failed-search,nfa,io.airlift.slice.re2.BenchmarkRe2SearchNfa.searchEasy0Nfa,textSize=8,Search_Easy0_CachedNFA/8/threads:1,88.8113702462094,0.0038337106222844754,14,143.27575839684096,143.634263217347,0.0025022015204629374,143.45489881574932,0.6190891421580311,-54.64352856953991,primary,true,0.6190891421580311,0.0025022015204629374,,
intel,failed-search/easy0/nfa/64,failed-search,nfa,io.airlift.slice.re2.BenchmarkRe2SearchNfa.searchEasy0Nfa,textSize=64,Search_Easy0_CachedNFA/64/threads:1,95.5907002787725,0.023722928403342478,14,146.39169366867714,145.45857124650226,0.006415039101364153,145.92438659594018,0.6550700846422607,-50.333686317167675,primary,true,0.6550700846422607,0.006415039101364153,,
intel,failed-search/easy0/nfa/512,failed-search,nfa,io.airlift.slice.re2.BenchmarkRe2SearchNfa.searchEasy0Nfa,textSize=512,Search_Easy0_CachedNFA/512/threads:1,115.52412714368168,0.0033746900576825233,14,151.3352530793919,151.06084089368377,0.0018165673121152955,151.19798473204392,0.7640586436943313,-35.67385758836224,primary,true,0.7640586436943313,0.0018165673121152955,,
intel,failed-search/easy0/nfa/4096,failed-search,nfa,io.airlift.slice.re2.BenchmarkRe2SearchNfa.searchEasy0Nfa,textSize=4096,Search_Easy0_CachedNFA/4096/threads:1,438.5858162129079,0.015436611458027433,14,212.55263350560054,210.7697098458459,0.008459107625372905,211.65929436466013,2.0721311460921923,226.92652184824777,primary,true,2.0721311460921923,0.008459107625372905,,
intel,failed-search/easy0/nfa/32768,failed-search,nfa,io.airlift.slice.re2.BenchmarkRe2SearchNfa.searchEasy0Nfa,textSize=32768,Search_Easy0_CachedNFA/32768/threads:1,2889.3681059088676,0.0030501637450462164,14,789.0340685204078,793.218967293407,0.005303825195845712,791.1237507438854,3.65223279315281,2098.244355164982,primary,true,3.65223279315281,0.005303825195845712,,
intel,failed-search/easy0/nfa/262144,failed-search,nfa,io.airlift.slice.re2.BenchmarkRe2SearchNfa.searchEasy0Nfa,textSize=262144,Search_Easy0_CachedNFA/262144/threads:1,23256.29156155075,0.002751161499430892,14,6981.090315666773,7082.490795685444,0.014525020510207562,7031.607775221732,3.3073931745030243,16224.68378632902,primary,true,3.3073931745030243,0.014525020510207562,,
intel,failed-search/easy1/dfa/8,failed-search,dfa,io.airlift.slice.re2.BenchmarkRe2Search.searchEasy1Dfa,textSize=8,Search_Easy1_CachedDFA/8/threads:1,22.064593639324855,0.0015726591534928939,14,24.417590618579336,24.421423634788585,0.00015697765881670205,24.419507051477623,0.9035642526612644,-2.3549134121527686,primary,true,0.9035642526612644,0.00015697765881670205,,
intel,failed-search/easy1/dfa/64,failed-search,dfa,io.airlift.slice.re2.BenchmarkRe2Search.searchEasy1Dfa,textSize=64,Search_Easy1_CachedDFA/64/threads:1,32.102309969558206,0.021544834723248106,14,28.942249683354436,28.950650991604185,0.00029027834192793734,28.946450032683817,1.1090240749145772,3.155859936874389,primary,true,1.1090240749145772,0.00029027834192793734,,
intel,failed-search/easy1/dfa/512,failed-search,dfa,io.airlift.slice.re2.BenchmarkRe2Search.searchEasy1Dfa,textSize=512,Search_Easy1_CachedDFA/512/threads:1,63.5164968983536,0.0013766199232802044,14,41.7082101219066,41.85406323442017,0.003496988053125695,41.781073033573016,1.520221772363653,21.735423864780586,primary,true,1.520221772363653,0.003496988053125695,,
intel,failed-search/easy1/dfa/4096,failed-search,dfa,io.airlift.slice.re2.BenchmarkRe2Search.searchEasy1Dfa,textSize=4096,Search_Easy1_CachedDFA/4096/threads:1,464.36734747443643,0.0014743728660780366,14,260.40987157603314,261.3075861476294,0.003447313906201793,260.8583426891833,1.7801514135499097,203.50900478525313,primary,true,1.7801514135499097,0.003447313906201793,,
intel,failed-search/easy1/dfa/32768,failed-search,dfa,io.airlift.slice.re2.BenchmarkRe2Search.searchEasy1Dfa,textSize=32768,Search_Easy1_CachedDFA/32768/threads:1,3167.5370867679094,0.0008002744752285751,14,1640.4532942764083,1637.2307262202994,0.0019683041641592645,1638.8412181534386,1.93279071314604,1528.6958686144708,primary,true,1.93279071314604,0.0019683041641592645,,
intel,failed-search/easy1/dfa/262144,failed-search,dfa,io.airlift.slice.re2.BenchmarkRe2Search.searchEasy1Dfa,textSize=262144,Search_Easy1_CachedDFA/262144/threads:1,25398.654605659027,0.004845007078272728,14,15631.99501375696,15663.773437940774,0.002032909053249299,15647.87615871588,1.623137501092246,9750.778446943146,primary,true,1.623137501092246,0.002032909053249299,,
intel,failed-search/easy1/dfa/2097152,failed-search,dfa,io.airlift.slice.re2.BenchmarkRe2Search.searchEasy1Dfa,textSize=2097152,Search_Easy1_CachedDFA/2097152/threads:1,364345.5805878611,0.018703728047891,14,245523.1547405601,246233.8203970367,0.0028944954590028357,245878.23081293906,1.4818130884675613,118467.34977492207,primary,true,1.4818130884675613,0.0028944954590028357,,
intel,failed-search/easy1/dfa/16777216,failed-search,dfa,io.airlift.slice.re2.BenchmarkRe2Search.searchEasy1Dfa,textSize=16777216,Search_Easy1_CachedDFA/16777216/threads:1,3469456.393103448,0.006198434127701771,14,2245672.209677386,2249816.1463410384,0.0018452989914532645,2247743.223039843,1.5435287970355274,1221713.170063605,primary,true,1.5435287970355274,0.0018452989914532645,,
intel,failed-search/easy1/re2/8,failed-search,re2,io.airlift.slice.re2.BenchmarkRe2Search.searchEasy1Re2,textSize=8,Search_Easy1_CachedRE2/8/threads:1,2.8568577262264427,0.0007334465144434012,14,29.53010762635651,29.551698512650017,0.0007311482425561972,29.54090109695699,0.0967085505228792,-26.684043370730546,primary,true,0.0967085505228792,0.0007311482425561972,,
intel,failed-search/easy1/re2/64,failed-search,re2,io.airlift.slice.re2.BenchmarkRe2Search.searchEasy1Re2,textSize=64,Search_Easy1_CachedRE2/64/threads:1,19.210794891560667,0.0007414231355174053,14,29.53331369301925,29.525602690485243,0.00026116325599986407,29.529457940056297,0.6505637499529408,-10.31866304849563,primary,true,0.6505637499529408,0.00026116325599986407,,
intel,failed-search/easy1/re2/512,failed-search,re2,io.airlift.slice.re2.BenchmarkRe2Search.searchEasy1Re2,textSize=512,Search_Easy1_CachedRE2/512/threads:1,19.21701816607026,0.0012161677319944156,14,29.53501928109609,29.555262250979474,0.000685388747869904,29.545139032343886,0.6504290991838914,-10.328120866273625,primary,true,0.6504290991838914,0.000685388747869904,,
intel,failed-search/easy1/re2/4096,failed-search,re2,io.airlift.slice.re2.BenchmarkRe2Search.searchEasy1Re2,textSize=4096,Search_Easy1_CachedRE2/4096/threads:1,19.21107396152008,0.0007553852763419589,14,29.546448616998003,29.541015083674722,0.00018393184214862706,29.543731725422877,0.6502588819877696,-10.332657763902798,primary,true,0.6502588819877696,0.00018393184214862706,,
intel,failed-search/easy1/re2/32768,failed-search,re2,io.airlift.slice.re2.BenchmarkRe2Search.searchEasy1Re2,textSize=32768,Search_Easy1_CachedRE2/32768/threads:1,19.2153818032383,0.0005695627930885577,14,29.548350950027963,29.53909439267253,0.00031336632167463873,29.54372230882038,0.650404901670142,-10.32834050558208,primary,true,0.650404901670142,0.00031336632167463873,,
intel,failed-search/easy1/re2/262144,failed-search,re2,io.airlift.slice.re2.BenchmarkRe2Search.searchEasy1Re2,textSize=262144,Search_Easy1_CachedRE2/262144/threads:1,19.35498937363451,0.007081760311976485,14,29.550200275800456,29.530792566331666,0.0006572024582542857,29.540494827240455,0.6552019350666567,-10.185505453605945,primary,true,0.6552019350666567,0.0006572024582542857,,
intel,failed-search/easy1/re2/2097152,failed-search,re2,io.airlift.slice.re2.BenchmarkRe2Search.searchEasy1Re2,textSize=2097152,Search_Easy1_CachedRE2/2097152/threads:1,19.212354040347194,0.0006650722658048447,14,29.515224743702397,29.523769638572098,0.0002895080401352484,29.51949688195503,0.6508360937578008,-10.307142841607835,primary,true,0.6508360937578008,0.0002895080401352484,,
intel,failed-search/easy1/re2/16777216,failed-search,re2,io.airlift.slice.re2.BenchmarkRe2Search.searchEasy1Re2,textSize=16777216,Search_Easy1_CachedRE2/16777216/threads:1,19.21469462171003,0.0006565858845319156,14,29.522133161998703,29.537057921798027,0.0005055447625490648,29.52959459899492,0.6506928009896902,-10.314899977284888,primary,true,0.6506928009896902,0.0005055447625490648,,
intel,failed-search/easy1/nfa/8,failed-search,nfa,io.airlift.slice.re2.BenchmarkRe2SearchNfa.searchEasy1Nfa,textSize=8,Search_Easy1_CachedNFA/8/threads:1,86.39530528711543,0.007980642412223751,14,204.81345104068882,203.57944203644547,0.006061560007726276,204.19551435920985,0.4231008969919556,-117.80020907209442,primary,true,0.4231008969919556,0.006061560007726276,,
intel,failed-search/easy1/nfa/64,failed-search,nfa,io.airlift.slice.re2.BenchmarkRe2SearchNfa.searchEasy1Nfa,textSize=64,Search_Easy1_CachedNFA/64/threads:1,111.65077777460465,0.0025093515481461907,14,235.95711415570236,234.93197657365562,0.004363550662612072,235.44398742634064,0.4742137567200986,-123.79320965173599,primary,true,0.4742137567200986,0.004363550662612072,,
intel,failed-search/easy1/nfa/512,failed-search,nfa,io.airlift.slice.re2.BenchmarkRe2SearchNfa.searchEasy1Nfa,textSize=512,Search_Easy1_CachedNFA/512/threads:1,183.7276622885937,0.007556766619055672,14,295.1011353508006,295.36253036958385,0.0008857811355843925,295.2318039306563,0.6223166333791986,-111.50414164206262,primary,true,0.6223166333791986,0.0008857811355843925,,
intel,failed-search/easy1/nfa/4096,failed-search,nfa,io.airlift.slice.re2.BenchmarkRe2SearchNfa.searchEasy1Nfa,textSize=4096,Search_Easy1_CachedNFA/4096/threads:1,1262.2289986296548,0.010133888028280354,14,1418.2808718662786,1421.548518371559,0.002303948794698663,1419.9137551401604,0.8889476519685237,-157.68475651050562,primary,true,0.8889476519685237,0.002303948794698663,,
intel,failed-search/easy1/nfa/32768,failed-search,nfa,io.airlift.slice.re2.BenchmarkRe2SearchNfa.searchEasy1Nfa,textSize=32768,Search_Easy1_CachedNFA/32768/threads:1,8349.849833860466,0.001544335356833486,14,7955.505715747566,8022.020425141393,0.008360839872462757,7988.693844681749,1.0452083902826175,361.1559891787165,primary,true,1.0452083902826175,0.008360839872462757,,
intel,failed-search/easy1/nfa/262144,failed-search,nfa,io.airlift.slice.re2.BenchmarkRe2SearchNfa.searchEasy1Nfa,textSize=262144,Search_Easy1_CachedNFA/262144/threads:1,69666.906276787,0.04388469042834027,14,81135.93778936024,81064.15874855782,0.0008854596397534648,81100.04032779398,0.8590243111495878,-11433.134051006971,primary,true,0.8590243111495878,0.0008854596397534648,,
intel,failed-search/medium/dfa/8,failed-search,dfa,io.airlift.slice.re2.BenchmarkRe2Search.searchMediumDfa,textSize=8,Search_Medium_CachedDFA/8/threads:1,24.485869811177118,0.0006437889478909877,14,24.699608955060793,24.739554193568456,0.00161724173772712,24.71957350569939,0.9905458039367714,-0.2337036945222728,primary,true,0.9905458039367714,0.00161724173772712,,
intel,failed-search/medium/dfa/64,failed-search,dfa,io.airlift.slice.re2.BenchmarkRe2Search.searchMediumDfa,textSize=64,Search_Medium_CachedDFA/64/threads:1,90.13364984877009,0.0008750178467137469,14,95.90260974254956,95.86605741987412,0.0003812853439392167,95.88433183943576,0.9400247998776741,-5.750681990665669,primary,true,0.9400247998776741,0.0003812853439392167,,
intel,failed-search/medium/dfa/512,failed-search,dfa,io.airlift.slice.re2.BenchmarkRe2Search.searchMediumDfa,textSize=512,Search_Medium_CachedDFA/512/threads:1,315.49360498515324,0.0006276136449788951,14,677.3026628401939,678.1594376657251,0.0012649807427870877,677.7309148631218,0.4655145546206521,-362.2373098779686,primary,true,0.4655145546206521,0.0012649807427870877,,
intel,failed-search/medium/dfa/4096,failed-search,dfa,io.airlift.slice.re2.BenchmarkRe2Search.searchMediumDfa,textSize=4096,Search_Medium_CachedDFA/4096/threads:1,1674.9858348422106,0.0019129939578574145,14,5331.645783453144,5329.258130315386,0.00044802730124406744,5330.451823197486,0.31422961700035884,-3655.465988355276,primary,true,0.31422961700035884,0.00044802730124406744,,
intel,failed-search/medium/dfa/32768,failed-search,dfa,io.airlift.slice.re2.BenchmarkRe2Search.searchMediumDfa,textSize=32768,Search_Medium_CachedDFA/32768/threads:1,13419.867773488164,0.002289724827127152,14,42539.51818043239,42566.94183038279,0.0006446629187026989,42553.227796243336,0.31536662360247303,-29133.360022755172,primary,true,0.31536662360247303,0.0006446629187026989,,
intel,failed-search/medium/dfa/262144,failed-search,dfa,io.airlift.slice.re2.BenchmarkRe2Search.searchMediumDfa,textSize=262144,Search_Medium_CachedDFA/262144/threads:1,142818.5915194092,0.048635940516289444,14,340370.4678006947,340336.0182261567,0.00010122224123539757,340353.24257756484,0.41961871859311445,-197534.65105815564,primary,true,0.41961871859311445,0.00010122224123539757,,
intel,failed-search/medium/dfa/2097152,failed-search,dfa,io.airlift.slice.re2.BenchmarkRe2Search.searchMediumDfa,textSize=2097152,Search_Medium_CachedDFA/2097152/threads:1,1707542.4795221842,0.0012900994989017314,14,2777233.811880566,2791137.623762102,0.00500635265999477,2784177.0386101687,0.6133024070820479,-1076634.5590879845,primary,true,0.6133024070820479,0.00500635265999477,,
intel,failed-search/medium/dfa/16777216,failed-search,dfa,io.airlift.slice.re2.BenchmarkRe2Search.searchMediumDfa,textSize=16777216,Search_Medium_CachedDFA/16777216/threads:1,13734877.64864865,0.003800482685411664,14,22712214.615388315,22628918.5833366,0.0036809550463031506,22670528.343620263,0.6058472674508177,-8935650.694971614,primary,true,0.6058472674508177,0.0036809550463031506,,
intel,failed-search/medium/re2/8,failed-search,re2,io.airlift.slice.re2.BenchmarkRe2Search.searchMediumRe2,textSize=8,Search_Medium_CachedRE2/8/threads:1,2.857947998364801,0.0006852407642179768,14,29.49600966053211,29.4834508612607,0.00042596096808707244,29.489729592344,0.09691333348498284,-26.6317815939792,primary,true,0.09691333348498284,0.00042596096808707244,,
intel,failed-search/medium/re2/64,failed-search,re2,io.airlift.slice.re2.BenchmarkRe2Search.searchMediumRe2,textSize=64,Search_Medium_CachedRE2/64/threads:1,19.20774729849405,0.0005648350555362032,14,29.489010627077924,29.497909327929847,0.000301763289533744,29.493459641891867,0.6512544656243645,-10.285712343397819,primary,true,0.6512544656243645,0.000301763289533744,,
intel,failed-search/medium/re2/512,failed-search,re2,io.airlift.slice.re2.BenchmarkRe2Search.searchMediumRe2,textSize=512,Search_Medium_CachedRE2/512/threads:1,19.210617135445254,0.003669635526793403,14,29.48676429998601,29.46831088570492,0.0006262121487947966,29.477536148828534,0.6517036240224814,-10.26691901338328,primary,true,0.6517036240224814,0.0006262121487947966,,
intel,failed-search/medium/re2/4096,failed-search,re2,io.airlift.slice.re2.BenchmarkRe2Search.searchMediumRe2,textSize=4096,Search_Medium_CachedRE2/4096/threads:1,19.21601734050943,0.000817288505532353,14,29.4662101071517,29.484220175083976,0.0006112108705797154,29.475213765544527,0.6519381841760303,-10.259196425035096,primary,true,0.6519381841760303,0.0006112108705797154,,
intel,failed-search/medium/re2/32768,failed-search,re2,io.airlift.slice.re2.BenchmarkRe2Search.searchMediumRe2,textSize=32768,Search_Medium_CachedRE2/32768/threads:1,19.216368398136034,0.0006505442067967228,14,29.487679017253253,29.467243585146342,0.0006934965616265541,29.477459530326055,0.6519004250812885,-10.261091132190021,primary,true,0.6519004250812885,0.0006934965616265541,,
intel,failed-search/medium/re2/262144,failed-search,re2,io.airlift.slice.re2.BenchmarkRe2Search.searchMediumRe2,textSize=262144,Search_Medium_CachedRE2/262144/threads:1,19.21213854586037,0.0006690070148399855,14,29.494634029225665,29.476983519284726,0.0005987895582799875,29.485807453532953,0.6515724073738531,-10.273668907672583,primary,true,0.6515724073738531,0.0005987895582799875,,
intel,failed-search/medium/re2/2097152,failed-search,re2,io.airlift.slice.re2.BenchmarkRe2Search.searchMediumRe2,textSize=2097152,Search_Medium_CachedRE2/2097152/threads:1,19.22379350119649,0.0008506283401352458,14,29.474615957487146,29.498399309575525,0.000806909651433074,29.486505235621642,0.6519522523127929,-10.262711734425153,primary,true,0.6519522523127929,0.000806909651433074,,
intel,failed-search/medium/re2/16777216,failed-search,re2,io.airlift.slice.re2.BenchmarkRe2Search.searchMediumRe2,textSize=16777216,Search_Medium_CachedRE2/16777216/threads:1,19.22912110541231,0.0011518783995987994,14,29.457628189628377,29.461690259951553,0.00013789536268932057,29.45965915477721,0.6527272092451923,-10.230538049364899,primary,true,0.6527272092451923,0.00013789536268932057,,
intel,failed-search/medium/nfa/8,failed-search,nfa,io.airlift.slice.re2.BenchmarkRe2SearchNfa.searchMediumNfa,textSize=8,Search_Medium_CachedNFA/8/threads:1,111.05296101826764,0.004751389677204924,14,216.1076911108158,216.95658792222434,0.003928119388278684,216.5317235121741,0.5128715516459826,-105.47876249390646,primary,true,0.5128715516459826,0.003928119388278684,,
intel,failed-search/medium/nfa/64,failed-search,nfa,io.airlift.slice.re2.BenchmarkRe2SearchNfa.searchMediumNfa,textSize=64,Search_Medium_CachedNFA/64/threads:1,609.3295489300565,0.00298038963885805,14,819.7019776485073,814.6645580889206,0.006183427902404101,817.1793862950994,0.7456496812684108,-207.84983736504296,primary,true,0.7456496812684108,0.006183427902404101,,
intel,failed-search/medium/nfa/512,failed-search,nfa,io.airlift.slice.re2.BenchmarkRe2SearchNfa.searchMediumNfa,textSize=512,Search_Medium_CachedNFA/512/threads:1,4513.009381355688,0.007172318629443383,14,6502.377496279332,6512.47213457191,0.0015524534369703727,6507.422858012734,0.6935171541524644,-1994.413476657046,primary,true,0.6935171541524644,0.0015524534369703727,,
intel,failed-search/medium/nfa/4096,failed-search,nfa,io.airlift.slice.re2.BenchmarkRe2SearchNfa.searchMediumNfa,textSize=4096,Search_Medium_CachedNFA/4096/threads:1,40110.455832711814,0.0022400413503766018,14,53918.79733385895,53877.81691219413,0.0007606177089841205,53898.30322820333,0.7441877281903606,-13787.847395491517,primary,true,0.7441877281903606,0.0007606177089841205,,
intel,failed-search/medium/nfa/32768,failed-search,nfa,io.airlift.slice.re2.BenchmarkRe2SearchNfa.searchMediumNfa,textSize=32768,Search_Medium_CachedNFA/32768/threads:1,367301.59801762115,0.0018994121088590382,14,447595.7233705342,447009.8685898776,0.001310608158394119,447302.7000647925,0.82114773276445,-80001.10204717133,primary,true,0.82114773276445,0.001310608158394119,,
intel,failed-search/medium/nfa/262144,failed-search,nfa,io.airlift.slice.re2.BenchmarkRe2SearchNfa.searchMediumNfa,textSize=262144,Search_Medium_CachedNFA/262144/threads:1,4030882.8253548387,0.010190472113409007,14,3583715.79487154,3588219.3376614666,0.001256668510480526,3585966.859278107,1.1240714104553375,444915.9660767317,primary,true,1.1240714104553375,0.001256668510480526,,
intel,failed-search/hard/dfa/8,failed-search,dfa,io.airlift.slice.re2.BenchmarkRe2Search.searchHardDfa,textSize=8,Search_Hard_CachedDFA/8/threads:1,24.04189705912856,0.0007604720521854281,14,24.714836370646548,24.64329132539897,0.0029032260465078215,24.67903792171423,0.9741829132640105,-0.6371408625856709,primary,true,0.9741829132640105,0.0029032260465078215,,
intel,failed-search/hard/dfa/64,failed-search,dfa,io.airlift.slice.re2.BenchmarkRe2Search.searchHardDfa,textSize=64,Search_Hard_CachedDFA/64/threads:1,90.12454259107272,0.0007605271278076455,14,95.66508095209588,95.71716228871671,0.0005444132394233773,95.69111807714958,0.9418276680434553,-5.566575486076857,primary,true,0.9418276680434553,0.0005444132394233773,,
intel,failed-search/hard/dfa/512,failed-search,dfa,io.airlift.slice.re2.BenchmarkRe2Search.searchHardDfa,textSize=512,Search_Hard_CachedDFA/512/threads:1,506.72607757347123,0.0006494849673588079,14,677.7615001599559,677.2473588764732,0.0007591632167242596,677.5043807470815,0.7479303336971878,-170.7783031736103,primary,true,0.7479303336971878,0.0007591632167242596,,
intel,failed-search/hard/dfa/4096,failed-search,dfa,io.airlift.slice.re2.BenchmarkRe2Search.searchHardDfa,textSize=4096,Search_Hard_CachedDFA/4096/threads:1,3867.1549896759757,0.000662599982447128,14,5331.2662888431605,5329.4694784648445,0.0003371461991810749,5330.367807943291,0.7254949618885882,-1463.2128182673155,primary,true,0.7254949618885882,0.0003371461991810749,,
intel,failed-search/hard/dfa/32768,failed-search,dfa,io.airlift.slice.re2.BenchmarkRe2Search.searchHardDfa,textSize=32768,Search_Hard_CachedDFA/32768/threads:1,30776.32277415799,0.000594424102540806,14,42521.34004883302,42534.43488827629,0.0003079592371320419,42527.886964547666,0.7236739224738328,-11751.564190389676,primary,true,0.7236739224738328,0.0003079592371320419,,
intel,failed-search/hard/dfa/262144,failed-search,dfa,io.airlift.slice.re2.BenchmarkRe2Search.searchHardDfa,textSize=262144,Search_Hard_CachedDFA/262144/threads:1,242502.2273221364,0.0007452930175823919,14,340455.20000007877,340330.1849151136,0.0003673346958523125,340392.68671835295,0.7124190289164088,-97890.45939621655,primary,true,0.7124190289164088,0.0003673346958523125,,
intel,failed-search/hard/dfa/2097152,failed-search,dfa,io.airlift.slice.re2.BenchmarkRe2Search.searchHardDfa,textSize=2097152,Search_Hard_CachedDFA/2097152/threads:1,1939672.775874712,0.002454879274990204,14,2768361.2199996333,2778062.6300000222,0.003504387335836998,2773207.6827425403,0.6994329303013069,-833534.9068678282,primary,true,0.6994329303013069,0.003504387335836998,,
intel,failed-search/hard/dfa/16777216,failed-search,dfa,io.airlift.slice.re2.BenchmarkRe2Search.searchHardDfa,textSize=16777216,Search_Hard_CachedDFA/16777216/threads:1,15474957.848484848,0.0018363307805122032,14,22111009.58333153,22260400.58333941,0.006756407908235076,22185579.33944968,0.6975232700354945,-6710621.490964834,primary,true,0.6975232700354945,0.006756407908235076,,
intel,failed-search/hard/re2/8,failed-search,re2,io.airlift.slice.re2.BenchmarkRe2Search.searchHardRe2,textSize=8,Search_Hard_CachedRE2/8/threads:1,2.857643887092461,0.0005998550698130085,14,29.521801965941073,29.54628979689972,0.000829482935591112,29.534043343443155,0.09675762488263856,-26.676399456350694,primary,true,0.09675762488263856,0.000829482935591112,,
intel,failed-search/hard/re2/64,failed-search,re2,io.airlift.slice.re2.BenchmarkRe2Search.searchHardRe2,textSize=64,Search_Hard_CachedRE2/64/threads:1,19.21776317448323,0.0006310074917823232,14,29.550975481439604,29.532161795296854,0.0006370575331788156,29.54156714067019,0.6505329620115492,-10.323803966186958,primary,true,0.6505329620115492,0.0006370575331788156,,
intel,failed-search/hard/re2/512,failed-search,re2,io.airlift.slice.re2.BenchmarkRe2Search.searchHardRe2,textSize=512,Search_Hard_CachedRE2/512/threads:1,19.213073202603113,0.0005060536169730449,14,29.54803713785835,29.568754587039773,0.0007011446846625887,29.558394047344162,0.6500039606965528,-10.34532084474105,primary,true,0.6500039606965528,0.0007011446846625887,,
intel,failed-search/hard/re2/4096,failed-search,re2,io.airlift.slice.re2.BenchmarkRe2Search.searchHardRe2,textSize=4096,Search_Hard_CachedRE2/4096/threads:1,19.222135315550602,0.0009441182537630826,14,29.542553120637933,29.509107922363842,0.001133385609693203,29.525825785895837,0.6510278647221717,-10.303690470345234,primary,true,0.6510278647221717,0.001133385609693203,,
intel,failed-search/hard/re2/32768,failed-search,re2,io.airlift.slice.re2.BenchmarkRe2Search.searchHardRe2,textSize=32768,Search_Hard_CachedRE2/32768/threads:1,19.214541441415214,0.0005770554455333596,14,29.55148263369253,29.52378995198609,0.000937978550568091,29.537633047468493,0.6505105338175358,-10.323091606053278,primary,true,0.6505105338175358,0.000937978550568091,,
intel,failed-search/hard/re2/262144,failed-search,re2,io.airlift.slice.re2.BenchmarkRe2Search.searchHardRe2,textSize=262144,Search_Hard_CachedRE2/262144/threads:1,19.20940071837564,0.0006306068847497573,14,29.53938002146166,29.546068188919076,0.0002264152955328199,29.54272391592387,0.6502244265980346,-10.333323197548228,primary,true,0.6502244265980346,0.0002264152955328199,,
intel,failed-search/hard/re2/2097152,failed-search,re2,io.airlift.slice.re2.BenchmarkRe2Search.searchHardRe2,textSize=2097152,Search_Hard_CachedRE2/2097152/threads:1,19.214280971142607,0.0003944663568125229,14,29.539679561160114,29.528932378399084,0.00036395432870073736,29.534305480933092,0.6505750061922756,-10.320024509790485,primary,true,0.6505750061922756,0.00036395432870073736,,
intel,failed-search/hard/re2/16777216,failed-search,re2,io.airlift.slice.re2.BenchmarkRe2Search.searchHardRe2,textSize=16777216,Search_Hard_CachedRE2/16777216/threads:1,19.23753226910715,0.0011094120519892397,14,29.540925876616132,29.518191408703153,0.000770184988578814,29.529556454783858,0.6514670241852083,-10.29202418567671,primary,true,0.6514670241852083,0.000770184988578814,,
intel,failed-search/hard/nfa/8,failed-search,nfa,io.airlift.slice.re2.BenchmarkRe2SearchNfa.searchHardNfa,textSize=8,Search_Hard_CachedNFA/8/threads:1,191.85048917118166,0.00876478649671224,14,305.6363710477844,304.7063679980962,0.0030521286962207714,305.1710152522498,0.62866550092446,-113.32052608106812,primary,true,0.62866550092446,0.0030521286962207714,,
intel,failed-search/hard/nfa/64,failed-search,nfa,io.airlift.slice.re2.BenchmarkRe2SearchNfa.searchHardNfa,textSize=64,Search_Hard_CachedNFA/64/threads:1,1112.0140670122396,0.020457039727791643,14,1485.356607033864,1483.1500127510747,0.0014877755208971943,1484.2528998328312,0.7492079463934238,-372.2388328205916,primary,true,0.7492079463934238,0.0014877755208971943,,
intel,failed-search/hard/nfa/512,failed-search,nfa,io.airlift.slice.re2.BenchmarkRe2SearchNfa.searchHardNfa,textSize=512,Search_Hard_CachedNFA/512/threads:1,9023.90719991622,0.014682523962503486,14,11308.293056736138,11297.960557126295,0.000914545555155639,11303.125626278335,0.7983550301287264,-2279.2184263621148,primary,true,0.7983550301287264,0.000914545555155639,,
intel,failed-search/hard/nfa/4096,failed-search,nfa,io.airlift.slice.re2.BenchmarkRe2SearchNfa.searchHardNfa,textSize=4096,Search_Hard_CachedNFA/4096/threads:1,84125.58440509853,0.02096746242134981,14,91446.60745828337,91029.59604792853,0.004581053069105978,91237.86350458357,0.9220468473691547,-7112.279099485037,primary,true,0.9220468473691547,0.004581053069105978,,
intel,failed-search/hard/nfa/32768,failed-search,nfa,io.airlift.slice.re2.BenchmarkRe2SearchNfa.searchHardNfa,textSize=32768,Search_Hard_CachedNFA/32768/threads:1,716506.2654803934,0.022163351714191815,14,742489.8597885239,739606.1548559784,0.003898973681617028,741046.6046192673,0.9668842162073166,-24540.339138873853,primary,true,0.9668842162073166,0.003898973681617028,,
intel,failed-search/hard/nfa/262144,failed-search,nfa,io.airlift.slice.re2.BenchmarkRe2SearchNfa.searchHardNfa,textSize=262144,Search_Hard_CachedNFA/262144/threads:1,5938166.547058824,0.0033377185449390504,14,5928335.680853204,5911256.702129902,0.0028892297499358765,5919790.0322493985,1.003104251115211,18376.51480942592,primary,true,1.003104251115211,0.0028892297499358765,,
intel,failed-search/parens/dfa/8,failed-search,dfa,io.airlift.slice.re2.BenchmarkRe2Search.searchParensDfa,textSize=8,Search_Parens_CachedDFA/8/threads:1,24.454314935148027,0.0007299008127058433,14,24.65414489404545,24.658521436756242,0.00017751752208804955,24.65633306829534,0.9918066432430263,-0.20201813314731254,primary,true,0.9918066432430263,0.00017751752208804955,,
intel,failed-search/parens/dfa/64,failed-search,dfa,io.airlift.slice.re2.BenchmarkRe2Search.searchParensDfa,textSize=64,Search_Parens_CachedDFA/64/threads:1,90.14355766731991,0.0015827213345543008,14,95.55516591079456,95.78527972863328,0.0024081776808754663,95.67015363362505,0.9422328097489047,-5.526595966305138,primary,true,0.9422328097489047,0.0024081776808754663,,
intel,failed-search/parens/dfa/512,failed-search,dfa,io.airlift.slice.re2.BenchmarkRe2Search.searchParensDfa,textSize=512,Search_Parens_CachedDFA/512/threads:1,507.42413343640396,0.0011511117238218495,14,677.4981160441179,677.673273434995,0.0002585356132057241,677.5856890797351,0.7488707946674074,-170.1615556433311,primary,true,0.7488707946674074,0.0002585356132057241,,
intel,failed-search/parens/dfa/4096,failed-search,dfa,io.airlift.slice.re2.BenchmarkRe2Search.searchParensDfa,textSize=4096,Search_Parens_CachedDFA/4096/threads:1,3865.77924860547,0.0008998545173550255,14,5327.237924151267,5331.060568489099,0.0007175659116897212,5329.148903568237,0.7254027460214258,-1463.369654962767,primary,true,0.7254027460214258,0.0007175659116897212,,
intel,failed-search/parens/dfa/32768,failed-search,dfa,io.airlift.slice.re2.BenchmarkRe2Search.searchParensDfa,textSize=32768,Search_Parens_CachedDFA/32768/threads:1,30789.99100844207,0.0010954141864646775,14,42555.216421310055,42560.70282585414,0.00012892437180362035,42557.95953517139,0.723483723015342,-11767.968526729317,primary,true,0.723483723015342,0.00012892437180362035,,
intel,failed-search/parens/dfa/262144,failed-search,dfa,io.airlift.slice.re2.BenchmarkRe2Search.searchParensDfa,textSize=262144,Search_Parens_CachedDFA/262144/threads:1,243883.9398684886,0.006800269187880249,14,340393.66341469914,340399.8333333818,1.812583295694984e-05,340396.7483600612,0.7164696520852651,-96512.80849157259,primary,true,0.7164696520852651,1.812583295694984e-05,,
intel,failed-search/parens/dfa/2097152,failed-search,dfa,io.airlift.slice.re2.BenchmarkRe2Search.searchParensDfa,textSize=2097152,Search_Parens_CachedDFA/2097152/threads:1,1944992.3643410853,0.0010147177242344728,14,2747913.742573834,2747236.0990068046,0.00024666375317155013,2747574.8998991325,0.7078942104226126,-802582.5355580472,primary,true,0.7078942104226126,0.00024666375317155013,,
intel,failed-search/parens/dfa/16777216,failed-search,dfa,io.airlift.slice.re2.BenchmarkRe2Search.searchParensDfa,textSize=16777216,Search_Parens_CachedDFA/16777216/threads:1,15498244.424242426,0.0020260647405951175,14,22051373.250008054,22106239.500014152,0.0024881103495936817,22078789.332046345,0.7019517325502734,-6580544.907803919,primary,true,0.7019517325502734,0.0024881103495936817,,
intel,failed-search/parens/re2/8,failed-search,re2,io.airlift.slice.re2.BenchmarkRe2Search.searchParensRe2,textSize=8,Search_Parens_CachedRE2/8/threads:1,2.856948854469533,0.0007217691500980505,14,29.530187966848302,29.513803667900913,0.0005551402025896581,29.5219946807422,0.09677357120903415,-26.665045826272667,primary,true,0.09677357120903415,0.0005551402025896581,,
intel,failed-search/parens/re2/64,failed-search,re2,io.airlift.slice.re2.BenchmarkRe2Search.searchParensRe2,textSize=64,Search_Parens_CachedRE2/64/threads:1,19.222304875942484,0.0005835322779905903,14,29.534800934711484,29.534056523257654,2.5205188228849716e-05,29.53442872663922,0.6508439710772028,-10.312123850696736,primary,true,0.6508439710772028,2.5205188228849716e-05,,
intel,failed-search/parens/re2/512,failed-search,re2,io.airlift.slice.re2.BenchmarkRe2Search.searchParensRe2,textSize=512,Search_Parens_CachedRE2/512/threads:1,19.22512593320865,0.0007256723187441936,14,29.537113361682913,29.54594939101201,0.0002991500632068761,29.54153104598453,0.650782991012981,-10.316405112775882,primary,true,0.650782991012981,0.0002991500632068761,,
intel,failed-search/parens/re2/4096,failed-search,re2,io.airlift.slice.re2.BenchmarkRe2Search.searchParensRe2,textSize=4096,Search_Parens_CachedRE2/4096/threads:1,19.21245710488501,0.0012558033736105745,14,29.5092588477145,29.53123088852461,0.0007445812490073516,29.520242823884335,0.6508231392101061,-10.307785718999323,primary,true,0.6508231392101061,0.0007445812490073516,,
intel,failed-search/parens/re2/32768,failed-search,re2,io.airlift.slice.re2.BenchmarkRe2Search.searchParensRe2,textSize=32768,Search_Parens_CachedRE2/32768/threads:1,19.22568928269189,0.0010962237168419063,14,29.545390478557827,29.54442080826188,3.282075835031825e-05,29.544905639431754,0.6507277267128094,-10.319216356739865,primary,true,0.6507277267128094,3.282075835031825e-05,,
intel,failed-search/parens/re2/262144,failed-search,re2,io.airlift.slice.re2.BenchmarkRe2Search.searchParensRe2,textSize=262144,Search_Parens_CachedRE2/262144/threads:1,19.212861452979574,0.0005418094230701074,14,29.522176773588892,29.531640583263755,0.00032056612042676323,29.526908299265,0.6506899150514119,-10.314046846285425,primary,true,0.6506899150514119,0.00032056612042676323,,
intel,failed-search/parens/re2/2097152,failed-search,re2,io.airlift.slice.re2.BenchmarkRe2Search.searchParensRe2,textSize=2097152,Search_Parens_CachedRE2/2097152/threads:1,19.235035905619263,0.000708186196071311,14,29.51672034226225,29.517436103461847,2.4249347193642025e-05,29.517078220692483,0.6516578558962806,-10.28204231507322,primary,true,0.6516578558962806,2.4249347193642025e-05,,
intel,failed-search/parens/re2/16777216,failed-search,re2,io.airlift.slice.re2.BenchmarkRe2Search.searchParensRe2,textSize=16777216,Search_Parens_CachedRE2/16777216/threads:1,19.216692296243707,0.0008964937146326865,14,29.52229847068591,29.52852433461926,0.00021088682981545352,29.5254112385508,0.6508526550564288,-10.308718942307092,primary,true,0.6508526550564288,0.00021088682981545352,,
intel,failed-search/parens/nfa/8,failed-search,nfa,io.airlift.slice.re2.BenchmarkRe2SearchNfa.searchParensNfa,textSize=8,Search_Parens_CachedNFA/8/threads:1,476.5320577959253,0.008625871574296866,14,456.87647242699995,456.2954754273154,0.0012732911698071232,456.5858815136893,1.0436854863232077,19.946176282236024,primary,true,1.0436854863232077,0.0012732911698071232,,
intel,failed-search/parens/nfa/64,failed-search,nfa,io.airlift.slice.re2.BenchmarkRe2SearchNfa.searchParensNfa,textSize=64,Search_Parens_CachedNFA/64/threads:1,2194.4855608090193,0.005471338131210164,14,2212.632177896956,2218.7518937772415,0.002765808045918529,2215.689923012995,0.9904299053835379,-21.20436220397596,primary,true,0.9904299053835379,0.002765808045918529,,
intel,failed-search/parens/nfa/512,failed-search,nfa,io.airlift.slice.re2.BenchmarkRe2SearchNfa.searchParensNfa,textSize=512,Search_Parens_CachedNFA/512/threads:1,16709.931941603885,0.0022107262703133404,14,16517.771987548284,16441.065910949408,0.004665517248963203,16479.374319109178,1.0139906781671533,230.55762249470718,primary,true,1.0139906781671533,0.004665517248963203,,
intel,failed-search/parens/nfa/4096,failed-search,nfa,io.airlift.slice.re2.BenchmarkRe2SearchNfa.searchParensNfa,textSize=4096,Search_Parens_CachedNFA/4096/threads:1,135325.82494588743,0.0011541885893163665,14,131854.85310732268,131253.01468331722,0.004585330290946486,131553.58973042908,1.0286745137338187,3772.2352154583496,primary,true,1.0286745137338187,0.004585330290946486,,
intel,failed-search/parens/nfa/32768,failed-search,nfa,io.airlift.slice.re2.BenchmarkRe2SearchNfa.searchParensNfa,textSize=32768,Search_Parens_CachedNFA/32768/threads:1,1105642.0381170071,0.05539573215288495,14,1054835.6842103484,1040272.0000003555,0.013999881002264696,1047528.5327308476,1.0554767756393812,58113.50538615952,primary,true,1.0554767756393812,0.013999881002264696,,
intel,failed-search/parens/nfa/262144,failed-search,nfa,io.airlift.slice.re2.BenchmarkRe2SearchNfa.searchParensNfa,textSize=262144,Search_Parens_CachedNFA/262144/threads:1,9480682.790966388,0.057937602955265496,14,8382181.96969537,8265540.176473545,0.0141118173442343,8323656.758722649,1.139004534399049,1157026.0322437389,primary,true,1.139004534399049,0.0141118173442343,,
intel,failed-search/easy2/dfa/8,failed-search,dfa,io.airlift.slice.re2.BenchmarkRe2SearchExtra.searchEasy2Dfa,textSize=8,Search_Easy2_CachedDFA/8/threads:1,22.812417622330994,0.00385846217714882,14,22.79978871255961,22.79374914751229,0.00026496584691858613,22.79676873002764,1.000686452211218,0.015648892303353534,primary,true,1.000686452211218,0.00026496584691858613,,
intel,failed-search/easy2/dfa/64,failed-search,dfa,io.airlift.slice.re2.BenchmarkRe2SearchExtra.searchEasy2Dfa,textSize=64,Search_Easy2_CachedDFA/64/threads:1,51.22122398891707,0.005588975700611654,14,33.03936596526391,33.02224512009299,0.0005184639962745733,33.030804433398266,1.5507107643168998,18.1904195555188,primary,true,1.5507107643168998,0.0005184639962745733,,
intel,failed-search/easy2/dfa/512,failed-search,dfa,io.airlift.slice.re2.BenchmarkRe2SearchExtra.searchEasy2Dfa,textSize=512,Search_Easy2_CachedDFA/512/threads:1,339.5491722910158,0.000554394229429421,14,157.99897316840898,158.09785745025246,0.0006258539524689343,158.04840757586072,2.1483871776945147,181.50076471515507,primary,true,2.1483871776945147,0.0006258539524689343,,
intel,failed-search/easy2/dfa/4096,failed-search,dfa,io.airlift.slice.re2.BenchmarkRe2SearchExtra.searchEasy2Dfa,textSize=4096,Search_Easy2_CachedDFA/4096/threads:1,2291.8010318206325,0.0009571475525540099,14,1123.0036456641087,1123.2291730184984,0.00020082513112083396,1123.1164036804269,2.04057302013438,1168.6846281402056,primary,true,2.04057302013438,0.00020082513112083396,,
intel,failed-search/easy2/dfa/32768,failed-search,dfa,io.airlift.slice.re2.BenchmarkRe2SearchExtra.searchEasy2Dfa,textSize=32768,Search_Easy2_CachedDFA/32768/threads:1,24609.27633974706,0.0006984517429547229,14,8848.728404031437,8854.71480451831,0.0006765266390304084,8851.72109820112,2.780168519402204,15757.555241545939,primary,true,2.780168519402204,0.0006765266390304084,,
intel,failed-search/easy2/dfa/262144,failed-search,dfa,io.airlift.slice.re2.BenchmarkRe2SearchExtra.searchEasy2Dfa,textSize=262144,Search_Easy2_CachedDFA/262144/threads:1,154262.99784083897,0.000675897028685235,14,70749.94306681555,70734.67424820192,0.00021586044999740244,70742.30824556143,2.1806328018780454,83520.68959527754,primary,true,2.1806328018780454,0.00021586044999740244,,
intel,failed-search/easy2/dfa/2097152,failed-search,dfa,io.airlift.slice.re2.BenchmarkRe2SearchExtra.searchEasy2Dfa,textSize=2097152,Search_Easy2_CachedDFA/2097152/threads:1,1237961.4786120278,0.011152945064439054,14,566686.1784989889,566769.0809718899,0.00014629344431979922,566727.6282195392,2.184402907091845,671233.8503924886,primary,true,2.184402907091845,0.00014629344431979922,,
intel,failed-search/easy2/dfa/16777216,failed-search,dfa,io.airlift.slice.re2.BenchmarkRe2SearchExtra.searchEasy2Dfa,textSize=16777216,Search_Easy2_CachedDFA/16777216/threads:1,9916906.37254902,0.0003277795997285215,14,4542250.659999354,4541775.799998504,0.00010455381810124971,4542013.2237932,2.183372413052345,5374893.14875582,primary,true,2.183372413052345,0.00010455381810124971,,
intel,failed-search/easy2/re2/8,failed-search,re2,io.airlift.slice.re2.BenchmarkRe2SearchExtra.searchEasy2Re2,textSize=8,Search_Easy2_CachedRE2/8/threads:1,2.8368872596822543,0.0005585468730892913,14,29.347337677611772,29.323019220183046,0.0008293299283447782,29.33517592893917,0.09670599101073273,-26.498288669256915,primary,true,0.09670599101073273,0.0008293299283447782,,
intel,failed-search/easy2/re2/64,failed-search,re2,io.airlift.slice.re2.BenchmarkRe2SearchExtra.searchEasy2Re2,textSize=64,Search_Easy2_CachedRE2/64/threads:1,19.087879687007515,0.00042181344087172134,14,29.32613155772902,29.36572432789827,0.0013500849947191609,29.345921265619662,0.6504440434579234,-10.258041578612147,primary,true,0.6504440434579234,0.0013500849947191609,,
intel,failed-search/easy2/re2/512,failed-search,re2,io.airlift.slice.re2.BenchmarkRe2SearchExtra.searchEasy2Re2,textSize=512,Search_Easy2_CachedRE2/512/threads:1,19.0981573824086,0.0006026725382964511,14,29.332519558345286,29.332558052206103,1.3123271166851006e-06,29.33253880526938,0.6510911827031404,-10.234381422860778,primary,true,0.6510911827031404,1.3123271166851006e-06,,
intel,failed-search/easy2/re2/4096,failed-search,re2,io.airlift.slice.re2.BenchmarkRe2SearchExtra.searchEasy2Re2,textSize=4096,Search_Easy2_CachedRE2/4096/threads:1,19.092472677922213,0.0003626694344346719,14,29.340956590782575,29.338629111668087,7.933155655054727e-05,29.339792828145928,0.6507364516768719,-10.247320150223715,primary,true,0.6507364516768719,7.933155655054727e-05,,
intel,failed-search/easy2/re2/32768,failed-search,re2,io.airlift.slice.re2.BenchmarkRe2SearchExtra.searchEasy2Re2,textSize=32768,Search_Easy2_CachedRE2/32768/threads:1,19.093495633835317,0.0010301906714956502,14,29.333718151577017,29.325940754515635,0.00026520537317065775,29.32982919525457,0.6509923909452754,-10.236333561419254,primary,true,0.6509923909452754,0.00026520537317065775,,
intel,failed-search/easy2/re2/262144,failed-search,re2,io.airlift.slice.re2.BenchmarkRe2SearchExtra.searchEasy2Re2,textSize=262144,Search_Easy2_CachedRE2/262144/threads:1,19.094566227508416,0.0006822131724913775,14,29.34708201866381,29.331337385756587,0.0005367853739552686,29.33920864605756,0.6508207654085529,-10.244642418549144,primary,true,0.6508207654085529,0.0005367853739552686,,
intel,failed-search/easy2/re2/2097152,failed-search,re2,io.airlift.slice.re2.BenchmarkRe2SearchExtra.searchEasy2Re2,textSize=2097152,Search_Easy2_CachedRE2/2097152/threads:1,19.095506306540223,0.000511112989312459,14,29.334750585930287,29.320517841844246,0.0004854192604241314,29.327633350490796,0.6511096916117393,-10.232127043950573,primary,true,0.6511096916117393,0.0004854192604241314,,
intel,failed-search/easy2/re2/16777216,failed-search,re2,io.airlift.slice.re2.BenchmarkRe2SearchExtra.searchEasy2Re2,textSize=16777216,Search_Easy2_CachedRE2/16777216/threads:1,19.093900210868593,0.00045840590166891705,14,29.327458417943966,29.34092868613535,0.00045930567863807366,29.334192778845882,0.6509093451052114,-10.240292567977288,primary,true,0.6509093451052114,0.00045930567863807366,,
intel,failed-search/fanout/dfa/8,failed-search,dfa,io.airlift.slice.re2.BenchmarkRe2SearchExtra.searchFanoutDfa,textSize=8,Search_Fanout_CachedDFA/8/threads:1,23.95448568782938,0.0006105340185968105,14,23.232212679099867,23.233976261288866,7.591107284353447e-05,23.233094453460573,1.031050157171868,0.7213912343688058,primary,true,1.031050157171868,7.591107284353447e-05,,
intel,failed-search/fanout/dfa/64,failed-search,dfa,io.airlift.slice.re2.BenchmarkRe2SearchExtra.searchFanoutDfa,textSize=64,Search_Fanout_CachedDFA/64/threads:1,89.70072468733673,0.0004754056614586796,14,88.14557606465918,88.12218051150877,0.00026548994832637526,88.1338775117765,1.0177780351868766,1.566847175560227,primary,true,1.0177780351868766,0.00026548994832637526,,
intel,failed-search/fanout/dfa/512,failed-search,dfa,io.airlift.slice.re2.BenchmarkRe2SearchExtra.searchFanoutDfa,textSize=512,Search_Fanout_CachedDFA/512/threads:1,177.47121566870098,0.0007773232001991976,14,665.547720314077,665.694554364047,0.00022062137017124305,665.6211332901674,0.26662497146306063,-488.14991762146644,primary,true,0.26662497146306063,0.00022062137017124305,,
intel,failed-search/fanout/dfa/4096,failed-search,dfa,io.airlift.slice.re2.BenchmarkRe2SearchExtra.searchFanoutDfa,textSize=4096,Search_Fanout_CachedDFA/4096/threads:1,1218.708042480912,0.0005915992158739935,14,5283.8625434115675,5284.436150092926,0.00010855821411819754,5284.149338968955,0.23063467065423754,-4065.441296488043,primary,true,0.23063467065423754,0.00010855821411819754,,
intel,failed-search/fanout/dfa/32768,failed-search,dfa,io.airlift.slice.re2.BenchmarkRe2SearchExtra.searchFanoutDfa,textSize=32768,Search_Fanout_CachedDFA/32768/threads:1,9539.827770258973,0.0004147968662202358,14,42278.36414440396,42253.055094336574,0.0005989874580874613,42265.70772496214,0.2257108252472192,-32725.87995470317,primary,true,0.2257108252472192,0.0005989874580874613,,
intel,failed-search/fanout/dfa/262144,failed-search,dfa,io.airlift.slice.re2.BenchmarkRe2SearchExtra.searchFanoutDfa,textSize=262144,Search_Fanout_CachedDFA/262144/threads:1,76103.8980368285,0.00450339298420766,14,338221.6016948779,338319.1388888807,0.0002883825087281653,338270.3667763836,0.22497950016159,-262166.4687395551,primary,true,0.22497950016159,0.0002883825087281653,,
intel,failed-search/fanout/dfa/2097152,failed-search,dfa,io.airlift.slice.re2.BenchmarkRe2SearchExtra.searchFanoutDfa,textSize=2097152,Search_Fanout_CachedDFA/2097152/threads:1,609926.4908536585,0.0003785723184273399,14,2754875.7254907303,2755977.2178221354,0.0003998337642649778,2755426.416615708,0.22135466480821048,-2145499.9257620494,primary,true,0.22135466480821048,0.0003998337642649778,,
intel,failed-search/fanout/dfa/16777216,failed-search,dfa,io.airlift.slice.re2.BenchmarkRe2SearchExtra.searchFanoutDfa,textSize=16777216,Search_Fanout_CachedDFA/16777216/threads:1,4899222.572815534,0.00046320702115445903,14,22620915.000004515,22648870.307700865,0.0012358168401386213,22634888.338064037,0.2164456258693682,-17735665.765248504,primary,true,0.2164456258693682,0.0012358168401386213,,
intel,failed-search/fanout/re2/8,failed-search,re2,io.airlift.slice.re2.BenchmarkRe2SearchExtra.searchFanoutRe2,textSize=8,Search_Fanout_CachedRE2/8/threads:1,24.767902921740067,0.0011598660711603548,14,30.98553361822224,31.061085534009358,0.0024382964230341693,31.023286576900965,0.7983648947169101,-6.255383655160898,primary,true,0.7983648947169101,0.0024382964230341693,,
intel,failed-search/fanout/re2/64,failed-search,re2,io.airlift.slice.re2.BenchmarkRe2SearchExtra.searchFanoutRe2,textSize=64,Search_Fanout_CachedRE2/64/threads:1,92.83001074743905,0.006533870043595918,14,94.00371131840824,94.23431791986097,0.0024531648614555942,94.11894399123757,0.9863052729967038,-1.2889332437985246,primary,true,0.9863052729967038,0.0024531648614555942,,
intel,failed-search/fanout/re2/512,failed-search,re2,io.airlift.slice.re2.BenchmarkRe2SearchExtra.searchFanoutRe2,textSize=512,Search_Fanout_CachedRE2/512/threads:1,179.65755156106627,0.0019210461708135647,14,671.81094877372,672.3488703446062,0.0008007037870818515,672.0798557412272,0.267315781043496,-492.42230418016095,primary,true,0.267315781043496,0.0008007037870818515,,
intel,failed-search/fanout/re2/4096,failed-search,re2,io.airlift.slice.re2.BenchmarkRe2SearchExtra.searchFanoutRe2,textSize=4096,Search_Fanout_CachedRE2/4096/threads:1,1219.7948364448016,0.00042346374486906666,14,5295.23682518079,5290.647820414159,0.0008673805028043669,5292.941825461483,0.23045687571645465,-4073.1469890166813,primary,true,0.23045687571645465,0.0008673805028043669,,
intel,failed-search/fanout/re2/32768,failed-search,re2,io.airlift.slice.re2.BenchmarkRe2SearchExtra.searchFanoutRe2,textSize=32768,Search_Fanout_CachedRE2/32768/threads:1,9542.51364758375,0.0011485387786664475,14,42251.52055623563,42249.12439542508,5.671504072176746e-05,42250.32245884354,0.22585658741135545,-32707.80881125979,primary,true,0.22585658741135545,5.671504072176746e-05,,
intel,failed-search/fanout/re2/262144,failed-search,re2,io.airlift.slice.re2.BenchmarkRe2SearchExtra.searchFanoutRe2,textSize=262144,Search_Fanout_CachedRE2/262144/threads:1,76110.79434085751,0.0033584290429551442,14,338277.6196840142,338495.4448483768,0.000643924255367779,338386.5147389748,0.22492265804258774,-262275.7203981173,primary,true,0.22492265804258774,0.000643924255367779,,
intel,failed-search/fanout/re2/2097152,failed-search,re2,io.airlift.slice.re2.BenchmarkRe2SearchExtra.searchFanoutRe2,textSize=2097152,Search_Fanout_CachedRE2/2097152/threads:1,610538.6638390066,0.0006523982649812392,14,2755663.2178211296,2757888.0198018285,0.0008073562713726939,2756775.3943760907,0.22146841018841246,-2146236.730537084,primary,true,0.22146841018841246,0.0008073562713726939,,
intel,failed-search/fanout/re2/16777216,failed-search,re2,io.airlift.slice.re2.BenchmarkRe2SearchExtra.searchFanoutRe2,textSize=16777216,Search_Fanout_CachedRE2/16777216/threads:1,4902640.45374072,0.0002762887916086942,14,22666191.833328262,22650753.230769064,0.000681593340491022,22658471.217140656,0.2163711932176596,-17755830.763399936,primary,true,0.2163711932176596,0.000681593340491022,,
intel,failed-search/big-fixed/dfa/8,failed-search,dfa,io.airlift.slice.re2.BenchmarkRe2SearchExtra.searchBigFixedDfa,textSize=8,Search_BigFixed_CachedDFA/8/threads:1,30.289457013884178,0.0005729711020735604,14,25.05874069612658,25.140697897853876,0.003270603368347388,25.0996858454837,1.2067663794817693,5.189771168400476,primary,true,1.2067663794817693,0.003270603368347388,,
intel,failed-search/big-fixed/dfa/64,failed-search,dfa,io.airlift.slice.re2.BenchmarkRe2SearchExtra.searchBigFixedDfa,textSize=64,Search_BigFixed_CachedDFA/64/threads:1,121.49536188680254,0.0008995429705747255,14,95.88482498133114,95.9186518910533,0.00035278689541073515,95.90173694474399,1.2668734243760873,25.593624942058554,primary,true,1.2668734243760873,0.00035278689541073515,,
intel,failed-search/big-fixed/dfa/512,failed-search,dfa,io.airlift.slice.re2.BenchmarkRe2SearchExtra.searchBigFixedDfa,textSize=512,Search_BigFixed_CachedDFA/512/threads:1,974.4390692653342,0.0003376387031623375,14,674.6989795056828,674.8816933105774,0.0002708078868422361,674.790330223925,1.444061993214948,299.64873904140916,primary,true,1.444061993214948,0.0002708078868422361,,
intel,failed-search/big-fixed/dfa/4096,failed-search,dfa,io.airlift.slice.re2.BenchmarkRe2SearchExtra.searchBigFixedDfa,textSize=4096,Search_BigFixed_CachedDFA/4096/threads:1,8725.72515690529,0.005079374822988173,14,6352.960764724973,6353.872898892178,0.00014357623177354423,6353.416815439652,1.373390950157813,2372.3083414656376,primary,true,1.373390950157813,0.00014357623177354423,,
intel,failed-search/big-fixed/dfa/32768,failed-search,dfa,io.airlift.slice.re2.BenchmarkRe2SearchExtra.searchBigFixedDfa,textSize=32768,Search_BigFixed_CachedDFA/32768/threads:1,69741.32275833217,0.004657588574108828,14,65355.574766353995,65407.71495443674,0.0007977925107253372,65381.639662837006,1.06668054086709,4359.683095495166,primary,true,1.06668054086709,0.0007977925107253372,,
intel,failed-search/big-fixed/dfa/262144,failed-search,dfa,io.airlift.slice.re2.BenchmarkRe2SearchExtra.searchBigFixedDfa,textSize=262144,Search_BigFixed_CachedDFA/262144/threads:1,909041.539416349,0.05639347677464446,14,757724.4999999271,758328.1482479502,0.0007966592713092671,758026.2640351248,1.199221692632838,151015.27538122423,primary,true,1.199221692632838,0.0007966592713092671,,
intel,failed-search/big-fixed/dfa/1048576,failed-search,dfa,io.airlift.slice.re2.BenchmarkRe2SearchExtra.searchBigFixedDfa,textSize=1048576,Search_BigFixed_CachedDFA/1048576/threads:1,2317394.527777778,0.0022205605200831327,14,3126370.0666664187,3119532.2111115167,0.002191949014197102,3122949.267410656,0.7420532097529746,-805554.739632878,primary,true,0.7420532097529746,0.002191949014197102,,
intel,failed-search/big-fixed/re2/8,failed-search,re2,io.airlift.slice.re2.BenchmarkRe2SearchExtra.searchBigFixedRe2,textSize=8,Search_BigFixed_CachedRE2/8/threads:1,19.23096222678461,0.0007579558651694418,14,21.037876985001347,20.985357050649153,0.0025026943418420136,21.011600608185173,0.9152545103723841,-1.7806383814005642,primary,true,0.9152545103723841,0.0025026943418420136,,
intel,failed-search/big-fixed/re2/64,failed-search,re2,io.airlift.slice.re2.BenchmarkRe2SearchExtra.searchBigFixedRe2,textSize=64,Search_BigFixed_CachedRE2/64/threads:1,58.902444026640396,0.0007108535662774729,14,64.52697809920056,64.49187938930987,0.0005442345644606505,64.50942635716335,0.9130827439159156,-5.606982330522953,primary,true,0.9130827439159156,0.0005442345644606505,,
intel,failed-search/big-fixed/re2/512,failed-search,re2,io.airlift.slice.re2.BenchmarkRe2SearchExtra.searchBigFixedRe2,textSize=512,Search_BigFixed_CachedRE2/512/threads:1,288.18362902197737,0.008640828738960616,14,354.710061986724,354.61763868908963,0.00026062803298790955,354.66384732728636,0.8125542853992654,-66.480218305309,primary,true,0.8125542853992654,0.00026062803298790955,,
intel,failed-search/big-fixed/re2/4096,failed-search,re2,io.airlift.slice.re2.BenchmarkRe2SearchExtra.searchBigFixedRe2,textSize=4096,Search_BigFixed_CachedRE2/4096/threads:1,1952.9734871552769,0.000328959490018811,14,2686.705380476991,2681.474166677557,0.0019508723464286462,2684.08849914131,0.7276114359791301,-731.1150119860331,primary,true,0.7276114359791301,0.0019508723464286462,,
intel,failed-search/big-fixed/re2/32768,failed-search,re2,io.airlift.slice.re2.BenchmarkRe2SearchExtra.searchBigFixedRe2,textSize=32768,Search_BigFixed_CachedRE2/32768/threads:1,15587.389534476879,0.0025890681966155146,14,21330.304772815278,21311.12431275811,0.0009000210301285801,21320.712385905026,0.7310914031550649,-5733.322851428147,primary,true,0.7310914031550649,0.0009000210301285801,,
intel,failed-search/big-fixed/re2/262144,failed-search,re2,io.airlift.slice.re2.BenchmarkRe2SearchExtra.searchBigFixedRe2,textSize=262144,Search_BigFixed_CachedRE2/262144/threads:1,122935.64515732546,0.0006405499842124772,14,171348.0343558169,171320.47613225708,0.00016085773389129272,171334.25468996237,0.7175193622535287,-48398.60953263691,primary,true,0.7175193622535287,0.00016085773389129272,,
intel,failed-search/big-fixed/re2/1048576,failed-search,re2,io.airlift.slice.re2.BenchmarkRe2SearchExtra.searchBigFixedRe2,textSize=1048576,Search_BigFixed_CachedRE2/1048576/threads:1,499484.02045908186,0.0010398070628000482,14,694742.1315136006,693044.1311880876,0.002450060896702305,693892.6119613923,0.7198289934911034,-194408.59150231048,primary,true,0.7198289934911034,0.002450060896702305,,
intel,successful-search/success/dfa/8,successful-search,dfa,io.airlift.slice.re2.BenchmarkRe2SearchExtra.searchSuccessDfa,textSize=8,Search_Success_CachedDFA/8/threads:1,24.574074210215084,0.000625784677264101,14,25.064754937364974,24.999475566093153,0.0026112296275670388,25.0320939720745,0.9817026988485111,-0.45801976185941484,primary,true,0.9817026988485111,0.0026112296275670388,,
intel,successful-search/success/dfa/64,successful-search,dfa,io.airlift.slice.re2.BenchmarkRe2SearchExtra.searchSuccessDfa,textSize=64,Search_Success_CachedDFA/64/threads:1,90.28084704103956,0.0010796518721428252,14,95.83049036607137,95.85624823703375,0.00026878575768510894,95.84336843625024,0.9419623758433473,-5.5625213952106805,primary,true,0.9419623758433473,0.00026878575768510894,,
intel,successful-search/success/dfa/512,successful-search,dfa,io.airlift.slice.re2.BenchmarkRe2SearchExtra.searchSuccessDfa,textSize=512,Search_Success_CachedDFA/512/threads:1,529.9065470374164,0.0007284095411787468,14,673.3765976212335,673.0905797799791,0.000424932170864602,673.2335735115605,0.7871065375920636,-143.32702647414408,primary,true,0.7871065375920636,0.000424932170864602,,
intel,successful-search/success/dfa/4096,successful-search,dfa,io.airlift.slice.re2.BenchmarkRe2SearchExtra.searchSuccessDfa,textSize=4096,Search_Success_CachedDFA/4096/threads:1,3772.180945600501,0.0004923147482915948,14,5291.9651305706675,5292.203231546028,4.499292219166949e-05,5292.084179719271,0.7127968523358984,-1519.9032341187694,primary,true,0.7127968523358984,4.499292219166949e-05,,
intel,successful-search/success/dfa/32768,successful-search,dfa,io.airlift.slice.re2.BenchmarkRe2SearchExtra.searchSuccessDfa,textSize=32768,Search_Success_CachedDFA/32768/threads:1,30534.295996412395,0.00036117950223306177,14,42266.626987733056,42256.42679594988,0.0002413879392223177,42261.5265841032,0.7225081170612034,-11727.230587690807,primary,true,0.7225081170612034,0.0002413879392223177,,
intel,successful-search/success/dfa/262144,successful-search,dfa,io.airlift.slice.re2.BenchmarkRe2SearchExtra.searchSuccessDfa,textSize=262144,Search_Success_CachedDFA/262144/threads:1,243537.81329113926,0.0007036558157499799,14,338281.7729468537,338016.0688410081,0.000786069451540107,338148.894796452,0.7202088104937806,-94611.08150531276,primary,true,0.7202088104937806,0.000786069451540107,,
intel,successful-search/success/dfa/2097152,successful-search,dfa,io.airlift.slice.re2.BenchmarkRe2SearchExtra.searchSuccessDfa,textSize=2097152,Search_Success_CachedDFA/2097152/threads:1,1915776.141221374,0.0006940962598566842,14,2776418.57425833,2762696.6470604967,0.004966859902057354,2769549.1123899524,0.6917285317855135,-853772.9711685784,primary,true,0.6917285317855135,0.004966859902057354,,
intel,successful-search/success/dfa/16777216,successful-search,dfa,io.airlift.slice.re2.BenchmarkRe2SearchExtra.searchSuccessDfa,textSize=16777216,Search_Success_CachedDFA/16777216/threads:1,15332336.015151516,0.0010443523312651593,14,22723765.92307305,22727506.692297958,0.00016461924654442663,22725636.23071651,0.6746713649507408,-7393300.215564996,primary,true,0.6746713649507408,0.00016461924654442663,,
intel,successful-search/success/re2/8,successful-search,re2,io.airlift.slice.re2.BenchmarkRe2SearchExtra.searchSuccessRe2,textSize=8,Search_Success_CachedRE2/8/threads:1,23.132262103097535,0.0004737761666072022,14,23.8162655562113,23.79739363617262,0.0007930246617424239,23.806827726196115,0.9716650353059717,-0.6745656230985801,primary,true,0.9716650353059717,0.0007930246617424239,,
intel,successful-search/success/re2/64,successful-search,re2,io.airlift.slice.re2.BenchmarkRe2SearchExtra.searchSuccessRe2,textSize=64,Search_Success_CachedRE2/64/threads:1,95.35744397527773,0.000497218684870064,14,104.30218023126982,104.31709441535551,0.00014299014701924445,104.30963705675904,0.9141767401931419,-8.952193081481312,primary,true,0.9141767401931419,0.00014299014701924445,,
intel,successful-search/success/re2/512,successful-search,re2,io.airlift.slice.re2.BenchmarkRe2SearchExtra.searchSuccessRe2,textSize=512,Search_Success_CachedRE2/512/threads:1,531.5384914188421,0.0004562057868390184,14,682.101833098174,682.0087766360383,0.00013644466951682444,682.0553032800822,0.7793187573831807,-150.51681186124006,primary,true,0.7793187573831807,0.00013644466951682444,,
intel,successful-search/success/re2/4096,successful-search,re2,io.airlift.slice.re2.BenchmarkRe2SearchExtra.searchSuccessRe2,textSize=4096,Search_Success_CachedRE2/4096/threads:1,3763.7173812330607,0.000658204913327946,14,5302.435183606991,5300.014395996471,0.00045675113870422343,5301.224651621099,0.7099713044762453,-1537.5072703880383,primary,true,0.7099713044762453,0.00045675113870422343,,
intel,successful-search/success/re2/32768,successful-search,re2,io.airlift.slice.re2.BenchmarkRe2SearchExtra.searchSuccessRe2,textSize=32768,Search_Success_CachedRE2/32768/threads:1,30459.810913798854,0.0004416498790291056,14,42257.59878878902,42286.26222562838,0.0006783025458361219,42271.928077722325,0.720568289617512,-11812.11716392347,primary,true,0.720568289617512,0.0006783025458361219,,
intel,successful-search/success/re2/262144,successful-search,re2,io.airlift.slice.re2.BenchmarkRe2SearchExtra.searchSuccessRe2,textSize=262144,Search_Success_CachedRE2/262144/threads:1,243423.61386861315,0.0005734056882606383,14,338001.16082224704,338029.01209222904,8.239992405424109e-05,338015.08617038204,0.7201560635252579,-94591.4723017689,primary,true,0.7201560635252579,8.239992405424109e-05,,
intel,successful-search/success/re2/2097152,successful-search,re2,io.airlift.slice.re2.BenchmarkRe2SearchExtra.searchSuccessRe2,textSize=2097152,Search_Success_CachedRE2/2097152/threads:1,1914628.0572519084,0.0008574812035110122,14,2784328.3663370665,2778152.1188093266,0.0022231495121969812,2781238.5281381803,0.6884084331068148,-866610.4708862719,primary,true,0.6884084331068148,0.0022231495121969812,,
intel,successful-search/success/re2/16777216,successful-search,re2,io.airlift.slice.re2.BenchmarkRe2SearchExtra.searchSuccessRe2,textSize=16777216,Search_Success_CachedRE2/16777216/threads:1,15338892.93939394,0.0024522056211504803,14,22785846.307696234,22755396.538461637,0.0013381339755222836,22770616.333249956,0.6736266034659714,-7431723.393856017,primary,true,0.6736266034659714,0.0013381339755222836,,
intel,successful-search/success/one-pass/8,successful-search,one-pass,io.airlift.slice.re2.BenchmarkRe2SearchExtra.searchSuccessOnePass,textSize=8,Search_Success_CachedOnePass/8/threads:1,19.60614750477594,0.0020583556666903297,14,16.36761807729227,16.655591885354948,0.017594118258550995,16.5109771615958,1.1874613666342804,3.09517034318014,primary,true,1.1874613666342804,0.017594118258550995,,
intel,successful-search/success/one-pass/64,successful-search,one-pass,io.airlift.slice.re2.BenchmarkRe2SearchExtra.searchSuccessOnePass,textSize=64,Search_Success_CachedOnePass/64/threads:1,176.3774131286268,0.0004644080760941814,14,162.41122410401383,162.4786582483529,0.0004152061823996061,162.44493767702556,1.0857673723221952,13.932475451601249,primary,true,1.0857673723221952,0.0004152061823996061,,
intel,successful-search/success/one-pass/512,successful-search,one-pass,io.airlift.slice.re2.BenchmarkRe2SearchExtra.searchSuccessOnePass,textSize=512,Search_Success_CachedOnePass/512/threads:1,1486.796802464948,0.006732219597174931,14,1456.2876717321856,1457.2723331474722,0.0006761448540695267,1456.7799192462332,1.02060495399624,30.016883218714838,primary,true,1.02060495399624,0.0006761448540695267,,
intel,successful-search/success/one-pass/4096,successful-search,one-pass,io.airlift.slice.re2.BenchmarkRe2SearchExtra.searchSuccessOnePass,textSize=4096,Search_Success_CachedOnePass/4096/threads:1,12074.007093951182,0.0006910282622840556,14,11817.78082770055,11820.725905901398,0.00024920738028453025,11819.253275070501,1.021554138231221,254.75381888068114,primary,true,1.021554138231221,0.00024920738028453025,,
intel,successful-search/success/one-pass/32768,successful-search,one-pass,io.airlift.slice.re2.BenchmarkRe2SearchExtra.searchSuccessOnePass,textSize=32768,Search_Success_CachedOnePass/32768/threads:1,96574.19974786675,0.0033764983781332993,14,94182.35050504706,94206.19757646906,0.0002532010646806285,94194.27328609061,1.0252661481292789,2379.9264617761364,primary,true,1.0252661481292789,0.0002532010646806285,,
intel,successful-search/success/one-pass/262144,successful-search,one-pass,io.airlift.slice.re2.BenchmarkRe2SearchExtra.searchSuccessOnePass,textSize=262144,Search_Success_CachedOnePass/262144/threads:1,771019.5092449924,0.0017219130731037683,14,749356.3887399081,749584.9517421273,0.0003050124155257213,749470.6615280273,1.0287520897389515,21548.84771696513,primary,true,1.0287520897389515,0.0003050124155257213,,
intel,successful-search/success/one-pass/2097152,successful-search,one-pass,io.airlift.slice.re2.BenchmarkRe2SearchExtra.searchSuccessOnePass,textSize=2097152,Search_Success_CachedOnePass/2097152/threads:1,6148613.646341464,0.004390239409494303,14,6018199.304348756,6012239.510642332,0.000991276827191283,6015218.6693856595,1.0221762473299125,133394.97695580404,primary,true,1.0221762473299125,0.000991276827191283,,
intel,successful-search/success-one-byte/dfa/8,successful-search,dfa,io.airlift.slice.re2.BenchmarkRe2SearchExtra.searchSuccess1Dfa,textSize=8,Search_Success1_CachedDFA/8/threads:1,24.637329368837417,0.0013385719705787797,14,34.532013446869385,34.57182023070633,0.0011527501545251792,34.55191110618198,0.7130525803080495,-9.914581737344566,confirmation,true,0.7000252288417838,0.03859853028593319,0.7130525803080495,0.0011527501545251792
intel,successful-search/success-one-byte/dfa/64,successful-search,dfa,io.airlift.slice.re2.BenchmarkRe2SearchExtra.searchSuccess1Dfa,textSize=64,Search_Success1_CachedDFA/64/threads:1,90.32302775959205,0.0014201338799960622,14,107.55402546165689,105.49322307162224,0.019534926794638904,106.51864062349607,0.8479551300213312,-16.195612863904017,primary,true,0.8479551300213312,0.019534926794638904,,
intel,successful-search/success-one-byte/dfa/512,successful-search,dfa,io.airlift.slice.re2.BenchmarkRe2SearchExtra.searchSuccess1Dfa,textSize=512,Search_Success1_CachedDFA/512/threads:1,529.18240290612,0.0003112922251304783,14,684.7169531109687,682.8571135786772,0.0027236144946115883,683.7864010198964,0.7739001567109584,-154.60399811377636,primary,true,0.7739001567109584,0.0027236144946115883,,
intel,successful-search/success-one-byte/dfa/4096,successful-search,dfa,io.airlift.slice.re2.BenchmarkRe2SearchExtra.searchSuccess1Dfa,textSize=4096,Search_Success1_CachedDFA/4096/threads:1,3772.2364885470242,0.0004941754951393521,14,5304.682609272534,5303.906383949408,0.00014634974053742727,5304.294482411963,0.7111664899177538,-1532.057993864939,primary,true,0.7111664899177538,0.00014634974053742727,,
intel,successful-search/success-one-byte/dfa/32768,successful-search,dfa,io.airlift.slice.re2.BenchmarkRe2SearchExtra.searchSuccess1Dfa,textSize=32768,Search_Success1_CachedDFA/32768/threads:1,30524.4780972627,0.0007430142586445222,14,42260.41823947601,42253.75456605073,0.00015770606644809732,42257.08627141101,0.7223516998121569,-11732.60817414831,primary,true,0.7223516998121569,0.00015770606644809732,,
intel,successful-search/success-one-byte/dfa/262144,successful-search,dfa,io.airlift.slice.re2.BenchmarkRe2SearchExtra.searchSuccess1Dfa,textSize=262144,Search_Success1_CachedDFA/262144/threads:1,243468.06139441882,0.0005458889061669083,14,338065.8742442045,338053.28415949893,3.7242900144758834e-05,338059.5791432414,0.7201927601384649,-94591.51774882257,primary,true,0.7201927601384649,3.7242900144758834e-05,,
intel,successful-search/success-one-byte/dfa/2097152,successful-search,dfa,io.airlift.slice.re2.BenchmarkRe2SearchExtra.searchSuccess1Dfa,textSize=2097152,Search_Success1_CachedDFA/2097152/threads:1,1915920.7267482672,0.0004021656619346308,14,2788361.330000271,2781647.2900030934,0.002413692067037801,2785002.2867395775,0.6879422454590691,-869081.5599913104,primary,true,0.6879422454590691,0.002413692067037801,,
intel,successful-search/success-one-byte/dfa/16777216,successful-search,dfa,io.airlift.slice.re2.BenchmarkRe2SearchExtra.searchSuccess1Dfa,textSize=16777216,Search_Success1_CachedDFA/16777216/threads:1,15344378.681818182,0.0010551650272009095,14,22772756.692303963,22771905.307693556,3.738750003142739e-05,22772330.99601994,0.6738167772328626,-7427952.314201759,primary,true,0.6738167772328626,3.738750003142739e-05,,
intel,successful-search/success-one-byte/re2/8,successful-search,re2,io.airlift.slice.re2.BenchmarkRe2SearchExtra.searchSuccess1Re2,textSize=8,Search_Success1_CachedRE2/8/threads:1,26.252226256927116,0.005161278837279286,14,32.48362417059605,32.574795033839074,0.0028066715328380495,32.52917766119253,0.8070362715700051,-6.276951404265411,primary,true,0.8070362715700051,0.0028066715328380495,,
intel,successful-search/success-one-byte/re2/64,successful-search,re2,io.airlift.slice.re2.BenchmarkRe2SearchExtra.searchSuccess1Re2,textSize=64,Search_Success1_CachedRE2/64/threads:1,94.67785534751488,0.0013533128139593244,14,103.82357849215562,103.90631441851869,0.0007968895655944112,103.86493821719472,0.911547794401336,-9.187082869679841,primary,true,0.911547794401336,0.0007968895655944112,,
intel,successful-search/success-one-byte/re2/512,successful-search,re2,io.airlift.slice.re2.BenchmarkRe2SearchExtra.searchSuccess1Re2,textSize=512,Search_Success1_CachedRE2/512/threads:1,533.1340757966177,0.0006754451448728769,14,681.853822031707,681.576260812905,0.00040723428141535323,681.7150272961268,0.7820482965018054,-148.58095149950907,primary,true,0.7820482965018054,0.00040723428141535323,,
intel,successful-search/success-one-byte/re2/4096,successful-search,re2,io.airlift.slice.re2.BenchmarkRe2SearchExtra.searchSuccess1Re2,textSize=4096,Search_Success1_CachedRE2/4096/threads:1,3764.1666947469685,0.0005243406725634085,14,5302.838506958559,5301.856831404952,0.00018515693366006358,5302.347646463354,0.7099056768293293,-1538.1809517163856,primary,true,0.7099056768293293,0.00018515693366006358,,
intel,successful-search/success-one-byte/re2/32768,successful-search,re2,io.airlift.slice.re2.BenchmarkRe2SearchExtra.searchSuccess1Re2,textSize=32768,Search_Success1_CachedRE2/32768/threads:1,30487.9584785235,0.0011920882581091317,14,42257.81627097498,42248.19348978561,0.00022776787347596463,42253.00460644144,0.7215571711999773,-11765.046127917944,primary,true,0.7215571711999773,0.00022776787347596463,,
intel,successful-search/success-one-byte/re2/262144,successful-search,re2,io.airlift.slice.re2.BenchmarkRe2SearchExtra.searchSuccess1Re2,textSize=262144,Search_Success1_CachedRE2/262144/threads:1,243533.52093476144,0.0007050381881443063,14,338176.04353074764,337941.22276029346,0.0006948568408913738,338058.61275675124,0.72038845260835,-94525.0918219898,primary,true,0.72038845260835,0.0006948568408913738,,
intel,successful-search/success-one-byte/re2/2097152,successful-search,re2,io.airlift.slice.re2.BenchmarkRe2SearchExtra.searchSuccess1Re2,textSize=2097152,Search_Success1_CachedRE2/2097152/threads:1,1916111.6778318856,0.0004420844018910761,14,2779626.029999918,2777330.762379135,0.0008264293370720622,2778478.159177891,0.6896263234974767,-862366.4813460053,primary,true,0.6896263234974767,0.0008264293370720622,,
intel,successful-search/success-one-byte/re2/16777216,successful-search,re2,io.airlift.slice.re2.BenchmarkRe2SearchExtra.searchSuccess1Re2,textSize=16777216,Search_Success1_CachedRE2/16777216/threads:1,15340041.0,0.0025927305462339883,14,22771824.07692635,22771495.769225463,1.4417485096917255e-05,22771659.92248424,0.6736461484238827,-7431618.922484241,primary,true,0.6736461484238827,1.4417485096917255e-05,,
intel,successful-search/success-one-byte/bit-state/8,successful-search,bit-state,io.airlift.slice.re2.BenchmarkRe2SearchExtra.searchSuccess1BitState,textSize=8,Search_Success1_CachedBitState/8/threads:1,112.42946524644594,0.00792499807639266,14,111.17102009021312,110.20219063234956,0.008791381117783027,110.68554534705257,1.0157556245842703,1.7439198993933758,primary,true,1.0157556245842703,0.008791381117783027,,
intel,successful-search/success-one-byte/bit-state/64,successful-search,bit-state,io.airlift.slice.re2.BenchmarkRe2SearchExtra.searchSuccess1BitState,textSize=64,Search_Success1_CachedBitState/64/threads:1,489.7912762188572,0.0036568257137661736,14,456.9762497242367,455.22130119813,0.003855154671997421,456.0979313876666,1.0738730489934023,33.693344831190586,primary,true,1.0738730489934023,0.003855154671997421,,
intel,successful-search/success-one-byte/bit-state/512,successful-search,bit-state,io.airlift.slice.re2.BenchmarkRe2SearchExtra.searchSuccess1BitState,textSize=512,Search_Success1_CachedBitState/512/threads:1,3523.0950769152782,0.0038623434916806305,14,3287.851333708438,3230.430285510688,0.01777504639406644,3259.0143483373076,1.0810308579072996,264.0807285779706,primary,true,1.0810308579072996,0.01777504639406644,,
intel,successful-search/success-one-byte/bit-state/4096,successful-search,bit-state,io.airlift.slice.re2.BenchmarkRe2SearchExtra.searchSuccess1BitState,textSize=4096,Search_Success1_CachedBitState/4096/threads:1,31486.930739784548,0.02230905464344538,14,25841.03941888219,25309.87532819785,0.02098643647179748,25574.07840065707,1.231204903906745,5912.852339127479,confirmation,false,1.2148207480660285,0.09954007003576305,1.231204903906745,0.02098643647179748
intel,successful-search/success-one-byte/bit-state/32768,successful-search,bit-state,io.airlift.slice.re2.BenchmarkRe2SearchExtra.searchSuccess1BitState,textSize=32768,Search_Success1_CachedBitState/32768/threads:1,257691.61558084935,0.008949317864021599,14,219681.44030900867,217203.61460780157,0.01140784745079513,218439.01413750404,1.179695928395998,39252.60144334531,primary,true,1.179695928395998,0.01140784745079513,,
intel,successful-search/success-one-byte/bit-state/262144,successful-search,bit-state,io.airlift.slice.re2.BenchmarkRe2SearchExtra.searchSuccess1BitState,textSize=262144,Search_Success1_CachedBitState/262144/threads:1,2125117.091101695,0.0024956397677122454,14,1701165.259035691,1680254.7469885747,0.012444846285715249,1690677.675344052,1.256961703637114,434439.4157576428,primary,true,1.256961703637114,0.012444846285715249,,
intel,successful-search/success-one-byte/bit-state/2097152,successful-search,bit-state,io.airlift.slice.re2.BenchmarkRe2SearchExtra.searchSuccess1BitState,textSize=2097152,Search_Success1_CachedBitState/2097152/threads:1,15809388.21875,0.0038483522294981594,14,13598460.619050454,12236989.956521858,0.11125862384180384,12899776.200364036,1.2255552323693688,2909612.0183859635,confirmation,false,1.2290759161075804,0.11553898626111014,1.2255552323693688,0.11125862384180384
intel,successful-search/alternate-match/dfa/8,successful-search,dfa,io.airlift.slice.re2.BenchmarkRe2SearchExtra.searchAltMatchDfa,textSize=8,Search_AltMatch_CachedDFA/8/threads:1,19.339875556101035,0.00044408397491789686,14,21.143813778503052,21.136442288184195,0.00034875738396984116,21.140127712041938,0.9148419451167537,-1.8002521559409033,primary,true,0.9148419451167537,0.00034875738396984116,,
intel,successful-search/alternate-match/dfa/64,successful-search,dfa,io.airlift.slice.re2.BenchmarkRe2SearchExtra.searchAltMatchDfa,textSize=64,Search_AltMatch_CachedDFA/64/threads:1,19.339185189301517,0.0005210106570614951,14,21.151275513189066,21.150229590037206,4.945209447527377e-05,21.15075254514791,0.914349744673176,-1.8115673558463925,primary,true,0.914349744673176,4.945209447527377e-05,,
intel,successful-search/alternate-match/dfa/512,successful-search,dfa,io.airlift.slice.re2.BenchmarkRe2SearchExtra.searchAltMatchDfa,textSize=512,Search_AltMatch_CachedDFA/512/threads:1,19.804720071824704,0.0027771363501961142,14,21.150156513008305,21.148457966167957,8.031539902651758e-05,21.149307222536383,0.9364240569885472,-1.3445871507116784,primary,true,0.9364240569885472,8.031539902651758e-05,,
intel,successful-search/alternate-match/dfa/4096,successful-search,dfa,io.airlift.slice.re2.BenchmarkRe2SearchExtra.searchAltMatchDfa,textSize=4096,Search_AltMatch_CachedDFA/4096/threads:1,19.803192032642492,0.12985800201451814,14,21.143605524657623,21.146083769997453,0.00011721015779168248,21.144844611020225,0.9365494236037804,-1.341652578377733,primary,true,0.9365494236037804,0.00011721015779168248,,
intel,successful-search/alternate-match/dfa/32768,successful-search,dfa,io.airlift.slice.re2.BenchmarkRe2SearchExtra.searchAltMatchDfa,textSize=32768,Search_AltMatch_CachedDFA/32768/threads:1,19.798428096537812,0.0031341243352124492,14,21.154839157342344,21.152924188005443,9.052976883392183e-05,21.15388165100466,0.9359241213112075,-1.3554535544668482,primary,true,0.9359241213112075,9.052976883392183e-05,,
intel,successful-search/alternate-match/dfa/262144,successful-search,dfa,io.airlift.slice.re2.BenchmarkRe2SearchExtra.searchAltMatchDfa,textSize=262144,Search_AltMatch_CachedDFA/262144/threads:1,19.77191373371226,0.003272242867372978,14,21.145136534395604,21.155657055091616,0.0004975385559180018,21.150396140610745,0.9348247475964921,-1.3784824068984847,primary,true,0.9348247475964921,0.0004975385559180018,,
intel,successful-search/alternate-match/dfa/2097152,successful-search,dfa,io.airlift.slice.re2.BenchmarkRe2SearchExtra.searchAltMatchDfa,textSize=2097152,Search_AltMatch_CachedDFA/2097152/threads:1,19.778433505136036,0.003559360364508939,14,21.148122203826354,21.146139820227138,9.374683115071857e-05,21.147130988797564,0.9352773913214715,-1.3686974836615278,primary,true,0.9352773913214715,9.374683115071857e-05,,
intel,successful-search/alternate-match/dfa/16777216,successful-search,dfa,io.airlift.slice.re2.BenchmarkRe2SearchExtra.searchAltMatchDfa,textSize=16777216,Search_AltMatch_CachedDFA/16777216/threads:1,19.790015000702798,0.005024474572589773,14,21.137643590205922,21.137053711358963,2.7907335384324698e-05,21.13734864872473,0.936258152788561,-1.3473336480219302,primary,true,0.936258152788561,2.7907335384324698e-05,,
intel,successful-search/alternate-match/re2/8,successful-search,re2,io.airlift.slice.re2.BenchmarkRe2SearchExtra.searchAltMatchRe2,textSize=8,Search_AltMatch_CachedRE2/8/threads:1,5.169698987560169,0.0004670120514035137,14,23.086508312720845,23.090319695237834,0.00016509133669595779,23.088413925332553,0.22390879703901997,-17.918714937772386,primary,true,0.22390879703901997,0.00016509133669595779,,
intel,successful-search/alternate-match/re2/64,successful-search,re2,io.airlift.slice.re2.BenchmarkRe2SearchExtra.searchAltMatchRe2,textSize=64,Search_AltMatch_CachedRE2/64/threads:1,21.293366244988004,0.0003695503647812032,14,29.126942425892423,29.128826001493547,6.466781077059101e-05,29.127884198467637,0.7310303110209497,-7.834517953479633,primary,true,0.7310303110209497,6.466781077059101e-05,,
intel,successful-search/alternate-match/re2/512,successful-search,re2,io.airlift.slice.re2.BenchmarkRe2SearchExtra.searchAltMatchRe2,textSize=512,Search_AltMatch_CachedRE2/512/threads:1,21.197685788543083,0.0007174950993753084,14,29.138049433895453,29.143851537308272,0.0001991246334447294,29.140950341198526,0.7274191658250241,-7.943264552655442,primary,true,0.7274191658250241,0.0001991246334447294,,
intel,successful-search/alternate-match/re2/4096,successful-search,re2,io.airlift.slice.re2.BenchmarkRe2SearchExtra.searchAltMatchRe2,textSize=4096,Search_AltMatch_CachedRE2/4096/threads:1,20.911457061983874,0.0005717586984097925,14,29.136113743224268,29.12320622402313,0.00044320392136261595,29.12965926869923,0.7178751000515107,-8.218202206715354,primary,true,0.7178751000515107,0.00044320392136261595,,
intel,successful-search/alternate-match/re2/32768,successful-search,re2,io.airlift.slice.re2.BenchmarkRe2SearchExtra.searchAltMatchRe2,textSize=32768,Search_AltMatch_CachedRE2/32768/threads:1,20.93129849033006,0.0015326270061309345,14,29.139891957205798,29.12978003108025,0.00034713362458478,29.13483555544547,0.7184285784107637,-8.203537065115409,primary,true,0.7184285784107637,0.00034713362458478,,
intel,successful-search/alternate-match/re2/262144,successful-search,re2,io.airlift.slice.re2.BenchmarkRe2SearchExtra.searchAltMatchRe2,textSize=262144,Search_AltMatch_CachedRE2/262144/threads:1,20.897808234997015,0.00046515040077309516,14,29.39329058772252,29.389335669264504,0.00013456984882286748,29.391313061971392,0.7110198918617253,-8.493504826974377,primary,true,0.7110198918617253,0.00013456984882286748,,
intel,successful-search/alternate-match/re2/2097152,successful-search,re2,io.airlift.slice.re2.BenchmarkRe2SearchExtra.searchAltMatchRe2,textSize=2097152,Search_AltMatch_CachedRE2/2097152/threads:1,20.901523731046503,0.0005326884111568447,14,29.381089143072227,29.381112200395002,7.847674625795838e-07,29.381100671731353,0.7113934894602718,-8.47957694068485,primary,true,0.7113934894602718,7.847674625795838e-07,,
intel,successful-search/alternate-match/re2/16777216,successful-search,re2,io.airlift.slice.re2.BenchmarkRe2SearchExtra.searchAltMatchRe2,textSize=16777216,Search_AltMatch_CachedRE2/16777216/threads:1,20.898687070804716,0.00047932577868538815,14,29.388849999250823,29.39744466818213,0.0002924465888091757,29.393147019577206,0.7110054277919005,-8.49445994877249,primary,true,0.7110054277919005,0.0002924465888091757,,
intel,successful-search/alternate-match/one-pass/8,successful-search,one-pass,io.airlift.slice.re2.BenchmarkRe2SearchExtra.searchAltMatchOnePass,textSize=8,Search_AltMatch_CachedOnePass/8/threads:1,2.578653379267142,0.00031922609919884503,14,19.845971983717387,19.999637717066197,0.007742917982293048,19.922656695767092,0.12943320856475035,-17.34400331649995,primary,true,0.12943320856475035,0.007742917982293048,,
intel,successful-search/alternate-match/one-pass/64,successful-search,one-pass,io.airlift.slice.re2.BenchmarkRe2SearchExtra.searchAltMatchOnePass,textSize=64,Search_AltMatch_CachedOnePass/64/threads:1,2.578238617732226,0.00037664550512346036,14,186.78484072855036,186.54865090180465,0.0012661031082451537,186.6667084587381,0.013811989502681647,-184.08846984100586,primary,true,0.013811989502681647,0.0012661031082451537,,
intel,successful-search/alternate-match/one-pass/512,successful-search,one-pass,io.airlift.slice.re2.BenchmarkRe2SearchExtra.searchAltMatchOnePass,textSize=512,Search_AltMatch_CachedOnePass/512/threads:1,2.5786044379212822,0.0006126096038708273,14,1521.9867950051716,1522.502516782503,0.0003388477344376117,1522.244634053643,0.0016939487781636113,-1519.6660296157218,primary,true,0.0016939487781636113,0.0003388477344376117,,
intel,successful-search/alternate-match/one-pass/4096,successful-search,one-pass,io.airlift.slice.re2.BenchmarkRe2SearchExtra.searchAltMatchOnePass,textSize=4096,Search_AltMatch_CachedOnePass/4096/threads:1,2.5789188632891173,0.0004080913998605222,14,12200.88628675474,12191.959625976804,0.0007321760448513849,12196.422139678827,0.00021144880307964061,-12193.843220815537,primary,true,0.00021144880307964061,0.0007321760448513849,,
intel,successful-search/alternate-match/one-pass/32768,successful-search,one-pass,io.airlift.slice.re2.BenchmarkRe2SearchExtra.searchAltMatchOnePass,textSize=32768,Search_AltMatch_CachedOnePass/32768/threads:1,2.578629143831119,0.0003893735495908924,14,95752.82045999632,96073.72485510804,0.003351383213257804,95913.13844815134,2.6885046048462614e-05,-95910.55981900751,primary,true,2.6885046048462614e-05,0.003351383213257804,,
intel,successful-search/alternate-match/one-pass/262144,successful-search,one-pass,io.airlift.slice.re2.BenchmarkRe2SearchExtra.searchAltMatchOnePass,textSize=262144,Search_AltMatch_CachedOnePass/262144/threads:1,2.579450094654069,0.0007058053175496965,14,766722.5218578557,767030.1890407058,0.0004012757863230062,766876.3400199524,3.363580228054705e-06,-766873.7605698578,primary,true,3.363580228054705e-06,0.0004012757863230062,,
intel,successful-search/alternate-match/one-pass/2097152,successful-search,one-pass,io.airlift.slice.re2.BenchmarkRe2SearchExtra.searchAltMatchOnePass,textSize=2097152,Search_AltMatch_CachedOnePass/2097152/threads:1,2.5784680508049425,0.00043772132201812844,14,6275280.999999369,6277173.363638543,0.00030155839064007167,6276227.110497442,4.1083090293088166e-07,-6276224.532029391,primary,true,4.1083090293088166e-07,0.00030155839064007167,,
intel,successful-search/alternate-match/one-pass/16777216,successful-search,one-pass,io.airlift.slice.re2.BenchmarkRe2SearchExtra.searchAltMatchOnePass,textSize=16777216,Search_AltMatch_CachedOnePass/16777216/threads:1,2.579468913336382,0.0005336402050586962,14,50482035.8333215,50481576.16670324,9.105631265153504e-06,50481805.99948918,5.1097001429831635e-08,-50481803.42002027,primary,true,5.1097001429831635e-08,9.105631265153504e-06,,
intel,successful-search/alternate-match/bit-state/8,successful-search,bit-state,io.airlift.slice.re2.BenchmarkRe2SearchExtra.searchAltMatchBitState,textSize=8,Search_AltMatch_CachedBitState/8/threads:1,53.633022919632374,0.02280289356894307,14,52.42848718415162,53.196808298164456,0.01465464970053699,52.811250525793135,1.0155605554812206,0.8217723938392396,primary,true,1.0155605554812206,0.01465464970053699,,
intel,successful-search/alternate-match/bit-state/64,successful-search,bit-state,io.airlift.slice.re2.BenchmarkRe2SearchExtra.searchAltMatchBitState,textSize=64,Search_AltMatch_CachedBitState/64/threads:1,54.45340376177365,0.013800288548692276,14,52.63040386916392,53.00559225698572,0.007128738528294352,52.81766492196893,1.0309695410090793,1.6357388398047235,primary,true,1.0309695410090793,0.007128738528294352,,
intel,successful-search/alternate-match/bit-state/512,successful-search,bit-state,io.airlift.slice.re2.BenchmarkRe2SearchExtra.searchAltMatchBitState,textSize=512,Search_AltMatch_CachedBitState/512/threads:1,75.48852516949725,0.0091312502016319,14,52.91194702498319,52.72576884600089,0.00353106617612507,52.818775904323154,1.4291986869638644,22.669749265174097,primary,true,1.4291986869638644,0.00353106617612507,,
intel,successful-search/alternate-match/bit-state/4096,successful-search,bit-state,io.airlift.slice.re2.BenchmarkRe2SearchExtra.searchAltMatchBitState,textSize=4096,Search_AltMatch_CachedBitState/4096/threads:1,203.04590720043345,0.0009746655159996597,14,77.02052981455532,75.55682031694596,0.019372301421226902,76.28516455979063,2.661669649297152,126.76074264064282,primary,true,2.661669649297152,0.019372301421226902,,
intel,successful-search/alternate-match/bit-state/32768,successful-search,bit-state,io.airlift.slice.re2.BenchmarkRe2SearchExtra.searchAltMatchBitState,textSize=32768,Search_AltMatch_CachedBitState/32768/threads:1,984.5125088244688,0.000541459333040125,14,109.71222057780267,108.67077387797306,0.009583503113717142,109.19025558199182,9.016486897818373,875.322253242477,primary,true,9.016486897818373,0.009583503113717142,,
intel,successful-search/alternate-match/bit-state/262144,successful-search,bit-state,io.airlift.slice.re2.BenchmarkRe2SearchExtra.searchAltMatchBitState,textSize=262144,Search_AltMatch_CachedBitState/262144/threads:1,7164.532335918599,0.0009036682526328315,14,1621.4984866761145,1624.4166632855092,0.001799678897867308,1622.9569190982602,4.414493232450879,5541.575416820338,primary,true,4.414493232450879,0.001799678897867308,,
intel,successful-search/alternate-match/bit-state/2097152,successful-search,bit-state,io.airlift.slice.re2.BenchmarkRe2SearchExtra.searchAltMatchBitState,textSize=2097152,Search_AltMatch_CachedBitState/2097152/threads:1,57440.07896968532,0.0031433764474625334,14,12554.00475442578,12551.626357845946,0.00018948911575487906,12552.815499806165,4.575872159562313,44887.26346987915,primary,true,4.575872159562313,0.00018948911575487906,,
intel,successful-search/alternate-match/bit-state/16777216,successful-search,bit-state,io.airlift.slice.re2.BenchmarkRe2SearchExtra.searchAltMatchBitState,textSize=16777216,Search_AltMatch_CachedBitState/16777216/threads:1,518222.8110766045,0.003249079815842544,14,209627.00373975516,209598.12134824187,0.00013779890452982077,209612.56204653755,2.4722889029978568,308610.249030067,primary,true,2.4722889029978568,0.00013779890452982077,,
intel,capture/digits/nfa,capture,nfa,io.airlift.slice.re2.BenchmarkRe2Parse.parse3DigitsNfa,,Parse_CachedDigits_NFA/threads:1,444.38521724782777,0.0024764845049317545,14,439.41376607215943,433.00736735359385,0.014795126368679353,436.1988056217413,1.0187676158682228,8.186411626086453,primary,true,1.0187676158682228,0.014795126368679353,,
intel,capture/digits/one-pass,capture,one-pass,io.airlift.slice.re2.BenchmarkRe2Parse.parse3DigitsOnePass,,Parse_CachedDigits_OnePass/threads:1,34.284697723640804,0.0010683569222142502,14,40.04221402043352,40.162580770232196,0.0030059963651673715,40.10235223543109,0.8549298435753528,-5.817654511790288,primary,true,0.8549298435753528,0.0030059963651673715,,
intel,capture/digits/bit-state,capture,bit-state,io.airlift.slice.re2.BenchmarkRe2Parse.parse3DigitsBitState,,Parse_CachedDigits_BitState/threads:1,191.14298686148092,0.00973176795486664,14,159.91569131260692,159.72047287829992,0.0012222505405162223,159.81805228793715,1.1960037312750316,31.32493457354377,primary,true,1.1960037312750316,0.0012222505405162223,,
intel,capture/digits/backtrack,capture,backtrack,io.airlift.slice.re2.BenchmarkRe2Parse.parse3DigitsBacktrack,,Parse_CachedDigits_Backtrack/threads:1,297.5031860423069,0.0036901239868897414,14,249.70463745879874,249.6607877350802,0.00017563720805480009,249.68271163431862,1.1915249722136363,47.82047440798826,primary,true,1.1915249722136363,0.00017563720805480009,,
intel,capture/digits/re2,capture,re2,io.airlift.slice.re2.BenchmarkRe2Parse.parse3DigitsRe2,,Parse_CachedDigits_RE2/threads:1,50.40053194256083,0.00033864681647455817,14,58.67639341878411,59.029620414414616,0.006019916614667534,58.852741914015205,0.8563837521146731,-8.452209971454373,primary,true,0.8563837521146731,0.006019916614667534,,
intel,capture/digit-classes/nfa,capture,nfa,io.airlift.slice.re2.BenchmarkRe2Parse.parse3DigitDsNfa,,Parse_CachedDigitDs_NFA/threads:1,447.311153345301,0.011300410098608996,14,437.80120481928424,444.22965748315437,0.014683496968729613,441.00371796911526,1.014302453968489,6.307435376185765,primary,true,1.014302453968489,0.014683496968729613,,
intel,capture/digit-classes/one-pass,capture,one-pass,io.airlift.slice.re2.BenchmarkRe2Parse.parse3DigitDsOnePass,,Parse_CachedDigitDs_OnePass/threads:1,34.272904162015934,0.00015407739056923342,14,39.974795824285366,40.2646634109624,0.007251258716897155,40.11946782781142,0.8542711560659696,-5.846563665795486,primary,true,0.8542711560659696,0.007251258716897155,,
intel,capture/digit-classes/bit-state,capture,bit-state,io.airlift.slice.re2.BenchmarkRe2Parse.parse3DigitDsBitState,,Parse_CachedDigitDs_BitState/threads:1,193.81689089387987,0.015763779656294594,14,159.78794773206357,160.3287090270721,0.003384243321751016,160.05810000736304,1.2109158542114635,33.758790886516834,primary,true,1.2109158542114635,0.003384243321751016,,
intel,capture/digit-classes/backtrack,capture,backtrack,io.airlift.slice.re2.BenchmarkRe2Parse.parse3DigitDsBacktrack,,Parse_CachedDigitDs_Backtrack/threads:1,298.3117760025088,0.004889614836211123,14,247.6353354095226,250.4607379174826,0.011409528867467635,249.04402992465478,1.1978274528112935,49.267746077854014,primary,true,1.1978274528112935,0.011409528867467635,,
intel,capture/digit-classes/re2,capture,re2,io.airlift.slice.re2.BenchmarkRe2Parse.parse3DigitDsRe2,,Parse_CachedDigitDs_RE2/threads:1,50.39143287218466,0.00027227945981455476,14,58.7741491739088,59.33403802817425,0.009526107347105461,59.05343006259917,0.8533193214817086,-8.66199719041451,primary,true,0.8533193214817086,0.009526107347105461,,
intel,capture/split/nfa,capture,nfa,io.airlift.slice.re2.BenchmarkRe2Parse.parse1SplitNfa,,Parse_CachedSplit_NFA/threads:1,481.3780647530648,0.010509248969210952,14,473.7021440109096,472.40954105564407,0.0027361914672110093,473.0554010359341,1.0175934228821932,8.322663717130695,confirmation,true,0.9626582568593836,0.021164114954218792,1.0175934228821932,0.0027361914672110093
intel,capture/split/one-pass,capture,one-pass,io.airlift.slice.re2.BenchmarkRe2Parse.parse1SplitOnePass,,Parse_CachedSplit_OnePass/threads:1,30.526946821818125,0.0023710359224547095,14,27.59397319324858,27.817428038143145,0.00809795832335004,27.70547533592671,1.101838046511792,2.821471485891415,primary,true,1.101838046511792,0.00809795832335004,,
intel,capture/split/bit-state,capture,bit-state,io.airlift.slice.re2.BenchmarkRe2Parse.parse1SplitBitState,,Parse_CachedSplit_BitState/threads:1,155.97681640862257,0.01653172481713605,14,143.05596987253978,145.88705752221108,0.019790069943909017,144.46457872326664,1.079688999110353,11.512237685355927,primary,true,1.079688999110353,0.019790069943909017,,
intel,capture/split/re2,capture,re2,io.airlift.slice.re2.BenchmarkRe2Parse.parse1SplitRe2,,Parse_CachedSplit_RE2/threads:1,40.49992530839499,0.0009378024501966313,14,38.91937708862663,39.21335533806376,0.0075535188748700015,39.06608968546012,1.0367028191067846,1.4338356229348719,primary,true,1.0367028191067846,0.0075535188748700015,,
intel,capture/split-hard/nfa,capture,nfa,io.airlift.slice.re2.BenchmarkRe2Parse.parseSplitHardNfa,,Parse_CachedSplitHard_NFA/threads:1,573.3546924037726,0.00320876494354592,14,565.0516797479861,575.0587161289236,0.01770994891193078,570.0332389452115,1.0058267715488085,3.321453458561109,primary,true,1.0058267715488085,0.01770994891193078,,
intel,capture/split-hard/bit-state,capture,bit-state,io.airlift.slice.re2.BenchmarkRe2Parse.parseSplitHardBitState,,Parse_CachedSplitHard_BitState/threads:1,170.0783899413163,0.0023705025642313327,14,142.23796156335916,143.93797227381134,0.0119518776265288,143.08544219378237,1.1886491548942977,26.99294774753392,primary,true,1.1886491548942977,0.0119518776265288,,
intel,capture/split-hard/backtrack,capture,backtrack,io.airlift.slice.re2.BenchmarkRe2Parse.parseSplitHardBacktrack,,Parse_CachedSplitHard_Backtrack/threads:1,636.4533555960415,0.0035354411103199206,14,368.0113667599072,367.5110001222075,0.0013615011184245187,367.7610983427611,1.7306163116873596,268.69225725328045,primary,true,1.7306163116873596,0.0013615011184245187,,
intel,capture/split-hard/re2,capture,re2,io.airlift.slice.re2.BenchmarkRe2Parse.parseSplitHardRe2,,Parse_CachedSplitHard_RE2/threads:1,177.5786287308618,0.014419138789201293,14,156.0929180821222,155.05197323543808,0.006713522085291323,155.57157502805788,1.1414593488484954,22.007053702803915,confirmation,true,1.1443792922884501,0.024625959065670742,1.1414593488484954,0.006713522085291323
intel,capture/splitbig1/re2,capture,re2,io.airlift.slice.re2.BenchmarkRe2Parse.parseSplitBig1Re2,,Parse_CachedSplitBig1_RE2/threads:1,275160.16903257277,0.013312204614441029,14,257414.81123394798,257506.51762510728,0.00035625918617384223,257460.6603463494,1.0687464588275857,17699.50868622336,primary,true,1.0687464588275857,0.00035625918617384223,,
intel,capture/splitbig2/re2,capture,re2,io.airlift.slice.re2.BenchmarkRe2Parse.parseSplitBig2Re2,,Parse_CachedSplitBig2_RE2/threads:1,3162001.7987421383,0.0024313848514340743,14,2556188.125000501,2499643.535713858,0.022621061154823763,2527757.7262716517,1.2509117333036395,634244.0724704866,confirmation,false,1.217199983399314,0.04314454038821392,1.2509117333036395,0.022621061154823763
intel,successful-search/phone/re2/8,successful-search,re2,io.airlift.slice.re2.BenchmarkRe2Parse.searchPhoneRe2,textSize=8,SearchPhone_CachedRE2/8/threads:1,39.67304980613664,0.00032131015304060043,14,129.63994190012755,129.9932571554926,0.0027253580199630843,129.8164793277279,0.30560873327938687,-90.14342952159126,primary,true,0.30560873327938687,0.0027253580199630843,,
intel,successful-search/phone/re2/64,successful-search,re2,io.airlift.slice.re2.BenchmarkRe2Parse.searchPhoneRe2,textSize=64,SearchPhone_CachedRE2/64/threads:1,113.0956259906404,0.023331963168243538,14,200.00009872729387,200.20704104351668,0.0010347110703429188,200.10354313355552,0.5651855245519404,-87.00791714291512,primary,true,0.5651855245519404,0.0010347110703429188,,
intel,successful-search/phone/re2/512,successful-search,re2,io.airlift.slice.re2.BenchmarkRe2Parse.searchPhoneRe2,textSize=512,SearchPhone_CachedRE2/512/threads:1,404.2344818479071,0.000838839341819776,14,776.0239721849355,777.8514617547396,0.0023549395834496427,776.9371796488899,0.5202923639599626,-372.70269780098283,primary,true,0.5202923639599626,0.0023549395834496427,,
intel,successful-search/phone/re2/4096,successful-search,re2,io.airlift.slice.re2.BenchmarkRe2Parse.searchPhoneRe2,textSize=4096,SearchPhone_CachedRE2/4096/threads:1,2139.0987702581633,0.009427103239507741,14,5381.879596597658,5389.059607631371,0.001334108447586345,5385.468405548384,0.39719827676537006,-3246.3696352902207,primary,true,0.39719827676537006,0.001334108447586345,,
intel,successful-search/phone/re2/32768,successful-search,re2,io.airlift.slice.re2.BenchmarkRe2Parse.searchPhoneRe2,textSize=32768,SearchPhone_CachedRE2/32768/threads:1,16868.228938699955,0.002380344749180697,14,42271.224588432815,42376.96663634575,0.0025015137115727525,42324.06258928242,0.39854938081892544,-25455.833650582463,primary,true,0.39854938081892544,0.0025015137115727525,,
intel,successful-search/phone/re2/262144,successful-search,re2,io.airlift.slice.re2.BenchmarkRe2Parse.searchPhoneRe2,textSize=262144,SearchPhone_CachedRE2/262144/threads:1,241102.47947530734,0.0073986401236410945,14,337485.6248492879,339059.81136633916,0.00466445502013378,338271.80240193044,0.7127477896866861,-97169.3229266231,primary,true,0.7127477896866861,0.00466445502013378,,
intel,successful-search/phone/re2/2097152,successful-search,re2,io.airlift.slice.re2.BenchmarkRe2Parse.searchPhoneRe2,textSize=2097152,SearchPhone_CachedRE2/2097152/threads:1,1925192.7153846154,0.0007085443371393909,14,2730170.7920791577,2731902.8627440883,0.0006344184290432494,2731036.690097983,0.7049311063322053,-805843.9747133676,primary,true,0.7049311063322053,0.0006344184290432494,,
intel,successful-search/phone/re2/16777216,successful-search,re2,io.airlift.slice.re2.BenchmarkRe2Parse.searchPhoneRe2,textSize=16777216,SearchPhone_CachedRE2/16777216/threads:1,15402418.606060605,0.0047822048837226,14,21885814.23076987,22027897.538464457,0.006492027493079468,21956740.956281878,0.7014892891767681,-6554322.350221273,primary,true,0.7014892891767681,0.006492027493079468,,
intel,compile/parse/compile,compile,compile,io.airlift.slice.re2.BenchmarkRe2Practical.compilePhaseParse,,BM_Regexp_Parse/threads:1,455.4706950216265,0.016007245937532454,14,681.1141842887421,682.3000002428514,0.0017409943610961884,681.706834427834,0.6681327984688746,-226.23613940620749,primary,true,0.6681327984688746,0.0017409943610961884,,
intel,compile/simplify/compile,compile,compile,io.airlift.slice.re2.BenchmarkRe2Practical.compilePhaseSimplify,,BM_Regexp_Simplify/threads:1,837.2216833438868,0.01304343294590189,14,904.5868321201644,903.479756927549,0.001225345874245403,904.033125058915,0.9260962459636928,-66.8114417150282,primary,true,0.9260962459636928,0.001225345874245403,,
intel,compile/compile-to-program/compile,compile,compile,io.airlift.slice.re2.BenchmarkRe2Practical.compilePhaseCompileToProg,,BM_CompileToProg/threads:1,5411.587060712898,0.005305255537380857,14,2926.2985466848127,2930.031341093016,0.0012756027276958394,2928.1643490728875,1.848115889542303,2483.4227116400107,primary,true,1.848115889542303,0.0012756027276958394,,
intel,compile/simplify-compile/compile,compile,compile,io.airlift.slice.re2.BenchmarkRe2Practical.compilePhaseSimplifyCompile,,BM_Regexp_SimplifyCompile/threads:1,6616.054112266688,0.011393910582983346,14,3974.3903297140496,3980.7404278619847,0.0015977540254311137,3977.564111563312,1.6633431735350115,2638.490000703376,primary,true,1.6633431735350115,0.0015977540254311137,,
intel,compile/re2/compile,compile,compile,io.airlift.slice.re2.BenchmarkRe2Practical.compilePhaseRe2Compile,,BM_RE2_Compile/threads:1,6449.695808290781,0.006461258088919322,14,4325.12188318229,4321.3407482148705,0.0008749911630970829,4323.23090232195,1.491869380565987,2126.464905968831,primary,true,1.491869380565987,0.0008749911630970829,,
intel,practical/empty/re2,practical,re2,io.airlift.slice.re2.BenchmarkRe2Practical.emptyPartialMatch,,EmptyPartialMatchRE2/threads:1,21.2393670930535,0.0010424788140847394,14,28.26443880413163,28.26432343077097,4.0819431232198665e-06,28.264381117392432,0.7514534638079833,-7.025014024338933,primary,true,0.7514534638079833,4.0819431232198665e-06,,
intel,practical/simple/re2,practical,re2,io.airlift.slice.re2.BenchmarkRe2Practical.simplePartialMatch,,SimplePartialMatchRE2/threads:1,32.71844050197444,0.0007970182779729157,14,36.784593265784295,36.78577465519302,3.2116418963564744e-05,36.785183955745985,0.889446156945579,-4.066743453771544,primary,true,0.889446156945579,3.2116418963564744e-05,,
intel,practical/http/re2,practical,re2,io.airlift.slice.re2.BenchmarkRe2Practical.httpPartialMatch,,HTTPPartialMatchRE2/threads:1,317.16495836467493,0.0046373388406212085,14,288.8571617963279,288.87664526739445,6.745019214826422e-05,288.86690336759625,1.0979622610523438,28.29805499707868,primary,true,1.0979622610523438,6.745019214826422e-05,,
intel,practical/small-http/re2,practical,re2,io.airlift.slice.re2.BenchmarkRe2Practical.smallHttpPartialMatch,,SmallHTTPPartialMatchRE2/threads:1,72.15031502748903,0.0037625637238342686,14,44.555286865789775,44.57449079717014,0.00043101352793920955,44.564887797058596,1.6189946523830616,27.585427230430433,primary,true,1.6189946523830616,0.00043101352793920955,,
intel,practical/dot/re2,practical,re2,io.airlift.slice.re2.BenchmarkRe2Misc.dotMatch,,DotMatchRE2/threads:1,23.966598896086424,0.0013979539652786022,14,297.9028919385668,296.80976179515096,0.0036829319116879577,297.3558245509454,0.08059905647478001,-273.38922565485893,primary,true,0.08059905647478001,0.0036829319116879577,,
intel,practical/ascii/re2,practical,re2,io.airlift.slice.re2.BenchmarkRe2Misc.asciiMatch,,ASCIIMatchRE2/threads:1,23.98395131399242,0.0015607000659486462,14,297.41866719885877,296.5911375769337,0.0027901360394169254,297.00461417480534,0.080752790257583,-273.02066286081293,primary,true,0.080752790257583,0.0027901360394169254,,
intel,practical/possible-trivial/re2,practical,re2,io.airlift.slice.re2.BenchmarkRe2Misc.possibleMatchRangeTrivial,,PossibleMatchRange_Trivial,5829.1301683185575,0.008834858026916933,14,486.05790611385646,485.4112021007257,0.0013322807762408781,485.7344464800584,12.000652229958472,5343.395721838499,primary,true,12.000652229958472,0.0013322807762408781,,
intel,practical/possible-complex/re2,practical,re2,io.airlift.slice.re2.BenchmarkRe2Misc.possibleMatchRangeComplex,,PossibleMatchRange_Complex,35313.98981192376,0.001086276135293603,14,1209.7559761256557,1210.3904552775718,0.0005244687064478172,1210.0731741169604,29.183350699178845,34103.916637806804,primary,true,29.183350699178845,0.0005244687064478172,,
intel,practical/possible-prefix/re2,practical,re2,io.airlift.slice.re2.BenchmarkRe2Misc.possibleMatchRangePrefix,,PossibleMatchRange_Prefix,100297.19281373572,0.008459898304774732,14,37.4037465529391,37.46017424494852,0.0015086106930373153,37.431949766035316,2679.454141198451,100259.76086396968,primary,true,2679.454141198451,0.0015086106930373153,,
intel,practical/possible-no-program/re2,practical,re2,io.airlift.slice.re2.BenchmarkRe2Misc.possibleMatchRangeNoProg,,PossibleMatchRange_NoProg,101879.69536018561,0.010888954296336763,14,37.43036929970413,37.57121573706602,0.003762892004461208,37.50072639399451,2716.739251656228,101842.19463379162,primary,true,2716.739251656228,0.003762892004461208,,
intel,full-match/dot-star/re2/8,full-match,re2,io.airlift.slice.re2.BenchmarkRe2FullMatch.fullMatchDotStarLatin1,textSize=8,FullMatch_DotStar_CachedRE2/8,3.3544188775700565,0.03534270387312302,14,29.127456690158493,29.132784708491574,0.00018292082243079915,29.13012057751049,0.11515293486837777,-25.775701699940434,primary,true,0.11515293486837777,0.00018292082243079915,,
intel,full-match/dot-star/re2/64,full-match,re2,io.airlift.slice.re2.BenchmarkRe2FullMatch.fullMatchDotStarLatin1,textSize=64,FullMatch_DotStar_CachedRE2/64,3.2782619613817814,0.015714847537156316,14,29.140149488205918,29.13447642363794,0.0001947199766176833,29.137312817852994,0.11251078580496712,-25.859050856471214,primary,true,0.11251078580496712,0.0001947199766176833,,
intel,full-match/dot-star/re2/512,full-match,re2,io.airlift.slice.re2.BenchmarkRe2FullMatch.fullMatchDotStarLatin1,textSize=512,FullMatch_DotStar_CachedRE2/512,3.315198461221157,0.03579565559248238,14,29.13393093241441,29.13750289440345,0.00012260487598904924,29.13571685866979,0.11378468830207167,-25.820518397448634,primary,true,0.11378468830207167,0.00012260487598904924,,
intel,full-match/dot-star/re2/4096,full-match,re2,io.airlift.slice.re2.BenchmarkRe2FullMatch.fullMatchDotStarLatin1,textSize=4096,FullMatch_DotStar_CachedRE2/4096,2.7567838986195388,0.005095874405744683,14,29.15950885575048,29.18534319227421,0.0008859661063404616,29.17242316423572,0.09449965411166977,-26.415639265616182,primary,true,0.09449965411166977,0.0008859661063404616,,
intel,full-match/dot-star/re2/32768,full-match,re2,io.airlift.slice.re2.BenchmarkRe2FullMatch.fullMatchDotStarLatin1,textSize=32768,FullMatch_DotStar_CachedRE2/32768,2.7588121521199636,0.0038542376402961116,14,29.136971245390566,29.193258476218613,0.0019318147502016742,29.16510128185459,0.0945929220494904,-26.406289129734624,primary,true,0.0945929220494904,0.0019318147502016742,,
intel,full-match/dot-star/re2/262144,full-match,re2,io.airlift.slice.re2.BenchmarkRe2FullMatch.fullMatchDotStarLatin1,textSize=262144,FullMatch_DotStar_CachedRE2/262144,2.758332365611923,0.003676016008953833,14,29.399594716287993,29.42252955376866,0.000780107266851509,29.411059899446066,0.09378554785316914,-26.652727533834142,primary,true,0.09378554785316914,0.000780107266851509,,
intel,full-match/dot-star/re2/2097152,full-match,re2,io.airlift.slice.re2.BenchmarkRe2FullMatch.fullMatchDotStarLatin1,textSize=2097152,FullMatch_DotStar_CachedRE2/2097152,2.761767133134026,0.004150048166943898,14,29.40947727264399,29.390898884734746,0.0006321136342955954,29.400186611196606,0.09393706134104093,-26.63841947806258,primary,true,0.09393706134104093,0.0006321136342955954,,
intel,full-match/dot-star-dollar/re2/8,full-match,re2,io.airlift.slice.re2.BenchmarkRe2FullMatch.fullMatchDotStarDollarLatin1,textSize=8,FullMatch_DotStarDollar_CachedRE2/8,36.393555902453876,0.0009917489556202348,14,44.42465635263452,44.79571531615861,0.008352545500379255,44.60980003307338,0.8158197498189179,-8.2162441306195,primary,true,0.8158197498189179,0.008352545500379255,,
intel,full-match/dot-star-dollar/re2/64,full-match,re2,io.airlift.slice.re2.BenchmarkRe2FullMatch.fullMatchDotStarDollarLatin1,textSize=64,FullMatch_DotStarDollar_CachedRE2/64,107.59074331494776,0.0005581989152383323,14,117.33974362195701,117.52772220487525,0.0016020026728868588,117.43369530076384,0.9161828982677678,-9.842951985816086,primary,true,0.9161828982677678,0.0016020026728868588,,
intel,full-match/dot-star-dollar/re2/512,full-match,re2,io.airlift.slice.re2.BenchmarkRe2FullMatch.fullMatchDotStarDollarLatin1,textSize=512,FullMatch_DotStarDollar_CachedRE2/512,539.1916954202127,0.0007433754694536361,14,694.5407044584559,694.6165560559516,0.00010921116215184751,694.5786292217801,0.7762860426966115,-155.38693380156747,primary,true,0.7762860426966115,0.00010921116215184751,,
intel,full-match/dot-star-dollar/re2/4096,full-match,re2,io.airlift.slice.re2.BenchmarkRe2FullMatch.fullMatchDotStarDollarLatin1,textSize=4096,FullMatch_DotStarDollar_CachedRE2/4096,3847.367055851667,0.0005119158716223159,14,5316.314737702973,5313.867002570221,0.0004606316137696858,5315.090729231025,0.723857268266857,-1467.723673379358,primary,true,0.723857268266857,0.0004606316137696858,,
intel,full-match/dot-star-dollar/re2/32768,full-match,re2,io.airlift.slice.re2.BenchmarkRe2FullMatch.fullMatchDotStarDollarLatin1,textSize=32768,FullMatch_DotStarDollar_CachedRE2/32768,29854.925351929982,0.0004749162206239368,14,42284.79522801986,42303.82420401122,0.0004500193482965097,42294.30864583041,0.7058851724456131,-12439.383293900428,primary,true,0.7058851724456131,0.0004500193482965097,,
intel,full-match/dot-star-dollar/re2/262144,full-match,re2,io.airlift.slice.re2.BenchmarkRe2FullMatch.fullMatchDotStarDollarLatin1,textSize=262144,FullMatch_DotStarDollar_CachedRE2/262144,238889.1817096466,0.0006370385923422137,14,338289.76456300536,338090.683192273,0.000588840156293575,338190.2092285637,0.7063752148667168,-99301.02751891711,primary,true,0.7063752148667168,0.000588840156293575,,
intel,full-match/dot-star-dollar/re2/2097152,full-match,re2,io.airlift.slice.re2.BenchmarkRe2FullMatch.fullMatchDotStarDollarLatin1,textSize=2097152,FullMatch_DotStarDollar_CachedRE2/2097152,1914434.4904580154,0.0006961726212217183,14,2780831.5799995856,2781058.7821770045,8.170296218331043e-05,2780945.1787680034,0.6884114455309529,-866510.688309988,primary,true,0.6884114455309529,8.170296218331043e-05,,
intel,full-match/dot-star-capture/re2/8,full-match,re2,io.airlift.slice.re2.BenchmarkRe2FullMatch.fullMatchDotStarCaptureLatin1,textSize=8,FullMatch_DotStarCapture_CachedRE2/8,36.462466931496735,0.0006783124398307991,14,44.72022428293693,44.73740954583916,0.00038428391578485574,44.7288160890441,0.8151896276196737,-8.266349157547367,primary,true,0.8151896276196737,0.00038428391578485574,,
intel,full-match/dot-star-capture/re2/64,full-match,re2,io.airlift.slice.re2.BenchmarkRe2FullMatch.fullMatchDotStarCaptureLatin1,textSize=64,FullMatch_DotStarCapture_CachedRE2/64,107.6062400252537,0.0005557174293395952,14,117.37458016565229,117.42924484356729,0.0004657284212463255,117.40190932298887,0.9165629472789413,-9.795669297735174,primary,true,0.9165629472789413,0.0004657284212463255,,
intel,full-match/dot-star-capture/re2/512,full-match,re2,io.airlift.slice.re2.BenchmarkRe2FullMatch.fullMatchDotStarCaptureLatin1,textSize=512,FullMatch_DotStarCapture_CachedRE2/512,540.6344053677788,0.0014256280270619531,14,694.566303707418,694.6680465672064,0.00014648401347041475,694.6171732744858,0.778319952585078,-153.98276790670707,primary,true,0.778319952585078,0.00014648401347041475,,
intel,full-match/dot-star-capture/re2/4096,full-match,re2,io.airlift.slice.re2.BenchmarkRe2FullMatch.fullMatchDotStarCaptureLatin1,textSize=4096,FullMatch_DotStarCapture_CachedRE2/4096,3845.198252946494,0.0005474163405871146,14,5316.558483534769,5314.538425013639,0.00038010046396915994,5315.548358314293,0.7233869384203876,-1470.3501053677992,primary,true,0.7233869384203876,0.00038010046396915994,,
intel,full-match/dot-star-capture/re2/32768,full-match,re2,io.airlift.slice.re2.BenchmarkRe2FullMatch.fullMatchDotStarCaptureLatin1,textSize=32768,FullMatch_DotStarCapture_CachedRE2/32768,29854.925994905607,0.0004486913779467043,14,42292.37679626204,42279.66338283402,0.0003006980758787736,42286.019611757496,0.7060235574077192,-12431.09361685189,primary,true,0.7060235574077192,0.0003006980758787736,,
intel,full-match/dot-star-capture/re2/262144,full-match,re2,io.airlift.slice.re2.BenchmarkRe2FullMatch.fullMatchDotStarCaptureLatin1,textSize=262144,FullMatch_DotStarCapture_CachedRE2/262144,238960.5011944577,0.0004948631264556748,14,338075.4903148241,338072.83050844196,7.867554390998162e-06,338074.16040901723,0.7068286464287972,-99113.65921455954,primary,true,0.7068286464287972,7.867554390998162e-06,,
intel,full-match/dot-star-capture/re2/2097152,full-match,re2,io.airlift.slice.re2.BenchmarkRe2FullMatch.fullMatchDotStarCaptureLatin1,textSize=2097152,FullMatch_DotStarCapture_CachedRE2/2097152,1916378.8007662836,0.0007974490003326024,14,2775459.8613851746,2784453.4242417878,0.0032403865686332395,2779953.0058761043,0.6893565454939535,-863574.2051098207,primary,true,0.6893565454939535,0.0032403865686332395,,
arm,failed-search/easy0/dfa/8,failed-search,dfa,io.airlift.slice.re2.BenchmarkRe2Search.searchEasy0Dfa,textSize=8,Search_Easy0_CachedDFA/8/threads:1,23.64171504964726,0.0004124988179828758,14,35.67767617948403,35.676793184779875,2.474983386491416e-05,35.677234679400236,0.6626554793860693,-12.035519629752976,primary,true,0.6626554793860693,2.474983386491416e-05,,
arm,failed-search/easy0/dfa/64,failed-search,dfa,io.airlift.slice.re2.BenchmarkRe2Search.searchEasy0Dfa,textSize=64,Search_Easy0_CachedDFA/64/threads:1,36.76780241144067,0.0007435722435765743,14,54.634445094937234,54.63666239121316,4.058421883977894e-05,54.63555373182702,0.6729647619554043,-17.867751320386347,primary,true,0.6729647619554043,4.058421883977894e-05,,
arm,failed-search/easy0/dfa/512,failed-search,dfa,io.airlift.slice.re2.BenchmarkRe2Search.searchEasy0Dfa,textSize=512,Search_Easy0_CachedDFA/512/threads:1,85.71674644573154,0.00036965408991690955,14,89.99510764060923,89.9954188706117,3.4582991301002828e-06,89.99526325547593,0.9524584221994145,-4.278516809744389,primary,true,0.9524584221994145,3.4582991301002828e-06,,
arm,failed-search/easy0/dfa/4096,failed-search,dfa,io.airlift.slice.re2.BenchmarkRe2Search.searchEasy0Dfa,textSize=4096,Search_Easy0_CachedDFA/4096/threads:1,546.1741507511347,0.0007510306583406192,14,480.03973280562457,479.99278430711894,9.781084224713837e-05,480.0162579823908,1.137824275050223,66.15789276874386,primary,true,1.137824275050223,9.781084224713837e-05,,
arm,failed-search/easy0/dfa/32768,failed-search,dfa,io.airlift.slice.re2.BenchmarkRe2Search.searchEasy0Dfa,textSize=32768,Search_Easy0_CachedDFA/32768/threads:1,4108.94138250391,0.0013238206359633868,14,3004.2417757151325,3007.495982726495,0.0010832041008377526,3005.868438837996,1.3669731281028181,1103.072943665914,primary,true,1.3669731281028181,0.0010832041008377526,,
arm,failed-search/easy0/dfa/262144,failed-search,dfa,io.airlift.slice.re2.BenchmarkRe2Search.searchEasy0Dfa,textSize=262144,Search_Easy0_CachedDFA/262144/threads:1,29204.09279626029,0.00039350503274693,14,23038.630757546358,22988.151741513182,0.0021958710121970475,23013.37740904556,1.2690050780978124,6190.715387214732,primary,true,1.2690050780978124,0.0021958710121970475,,
arm,failed-search/easy0/dfa/2097152,failed-search,dfa,io.airlift.slice.re2.BenchmarkRe2Search.searchEasy0Dfa,textSize=2097152,Search_Easy0_CachedDFA/2097152/threads:1,351049.6061545955,0.017997932733370813,14,267247.1926782214,263330.4796208861,0.014873755073754238,265281.6077780203,1.323309252740745,85767.99837657518,primary,true,1.323309252740745,0.014873755073754238,,
arm,failed-search/easy0/dfa/16777216,failed-search,dfa,io.airlift.slice.re2.BenchmarkRe2Search.searchEasy0Dfa,textSize=16777216,Search_Easy0_CachedDFA/16777216/threads:1,2942734.6911764704,0.0024228308794345256,14,2241950.751999866,2244482.032258401,0.00112905257007853,2243216.0350871044,1.3118374000309798,699518.656089366,primary,true,1.3118374000309798,0.00112905257007853,,
arm,failed-search/easy0/re2/8,failed-search,re2,io.airlift.slice.re2.BenchmarkRe2Search.searchEasy0Re2,textSize=8,Search_Easy0_CachedRE2/8/threads:1,3.583768469878577,0.0005169450606866165,14,43.58576534899977,43.58012025128754,0.0001295337800740843,43.58294270874572,0.08222869423544978,-39.99917423886714,primary,true,0.08222869423544978,0.0001295337800740843,,
arm,failed-search/easy0/re2/64,failed-search,re2,io.airlift.slice.re2.BenchmarkRe2Search.searchEasy0Re2,textSize=64,Search_Easy0_CachedRE2/64/threads:1,25.63058668884682,0.0007614714288795211,14,43.59518085157862,43.59017079979317,0.00011493535568966426,43.59267575371102,0.5879562620485599,-17.9620890648642,primary,true,0.5879562620485599,0.00011493535568966426,,
arm,failed-search/easy0/re2/512,failed-search,re2,io.airlift.slice.re2.BenchmarkRe2Search.searchEasy0Re2,textSize=512,Search_Easy0_CachedRE2/512/threads:1,25.527603435045172,0.0011928414425676087,14,43.59926390760902,43.59589871518949,7.719057339577725e-05,43.59758127893037,0.5855279739424909,-18.069977843885198,primary,true,0.5855279739424909,7.719057339577725e-05,,
arm,failed-search/easy0/re2/4096,failed-search,re2,io.airlift.slice.re2.BenchmarkRe2Search.searchEasy0Re2,textSize=4096,Search_Easy0_CachedRE2/4096/threads:1,25.174305928622044,0.0007945088925476194,14,43.615783236366866,43.60075912983739,0.0003445835996738905,43.608270536081015,0.57728283234239,-18.43396460745897,primary,true,0.57728283234239,0.0003445835996738905,,
arm,failed-search/easy0/re2/32768,failed-search,re2,io.airlift.slice.re2.BenchmarkRe2Search.searchEasy0Re2,textSize=32768,Search_Easy0_CachedRE2/32768/threads:1,25.188386699965978,0.0021670878871498087,14,43.62585112333019,43.61624666280151,0.00022020373744988372,43.62104862872769,0.5774365241503515,-18.432661928761714,primary,true,0.5774365241503515,0.00022020373744988372,,
arm,failed-search/easy0/re2/262144,failed-search,re2,io.airlift.slice.re2.BenchmarkRe2Search.searchEasy0Re2,textSize=262144,Search_Easy0_CachedRE2/262144/threads:1,25.31742934878358,0.001654299839249501,14,43.613473768159785,43.60091513406325,0.00028803602075599846,43.607193999009255,0.5805791895107671,-18.289764650225674,primary,true,0.5805791895107671,0.00028803602075599846,,
arm,failed-search/easy0/re2/2097152,failed-search,re2,io.airlift.slice.re2.BenchmarkRe2Search.searchEasy0Re2,textSize=2097152,Search_Easy0_CachedRE2/2097152/threads:1,25.235021800257826,0.0028630100522773036,14,43.683026850854056,43.65854987112852,0.0005606457337173512,43.67078664610769,0.5778467423715845,-18.435764845849867,primary,true,0.5778467423715845,0.0005606457337173512,,
arm,failed-search/easy0/re2/16777216,failed-search,re2,io.airlift.slice.re2.BenchmarkRe2Search.searchEasy0Re2,textSize=16777216,Search_Easy0_CachedRE2/16777216/threads:1,25.188051765366467,0.0005069491401874779,14,43.6791811170272,43.65578359171516,0.0005359547667465342,43.66748078728919,0.5768148588204852,-18.479429021922726,primary,true,0.5768148588204852,0.0005359547667465342,,
arm,failed-search/easy0/nfa/8,failed-search,nfa,io.airlift.slice.re2.BenchmarkRe2SearchNfa.searchEasy0Nfa,textSize=8,Search_Easy0_CachedNFA/8/threads:1,126.90930697374131,0.014117951410165558,14,156.34448057126917,156.3429643411261,9.698102818106423e-06,156.34372245435958,0.8117326681331202,-29.43441548061827,primary,true,0.8117326681331202,9.698102818106423e-06,,
arm,failed-search/easy0/nfa/64,failed-search,nfa,io.airlift.slice.re2.BenchmarkRe2SearchNfa.searchEasy0Nfa,textSize=64,Search_Easy0_CachedNFA/64/threads:1,134.05453817937502,0.011073010524489283,14,174.59798130734208,174.15108857836537,0.0025661207898543315,174.37439177889254,0.7687742266040803,-40.31985359951753,primary,true,0.7687742266040803,0.0025661207898543315,,
arm,failed-search/easy0/nfa/512,failed-search,nfa,io.airlift.slice.re2.BenchmarkRe2SearchNfa.searchEasy0Nfa,textSize=512,Search_Easy0_CachedNFA/512/threads:1,165.81773916145352,0.016708011127754652,14,209.56297294568964,209.29843324068437,0.0012639354289912565,209.43066132444113,0.7917548371991993,-43.612922162987616,primary,true,0.7917548371991993,0.0012639354289912565,,
arm,failed-search/easy0/nfa/4096,failed-search,nfa,io.airlift.slice.re2.BenchmarkRe2SearchNfa.searchEasy0Nfa,textSize=4096,Search_Easy0_CachedNFA/4096/threads:1,610.1148022108894,0.0029559779936151375,14,593.6562877831498,595.2438649233574,0.0026742362085239273,594.449546367137,1.0263525406646998,15.665255843752334,primary,true,1.0263525406646998,0.0026742362085239273,,
arm,failed-search/easy0/nfa/32768,failed-search,nfa,io.airlift.slice.re2.BenchmarkRe2SearchNfa.searchEasy0Nfa,textSize=32768,Search_Easy0_CachedNFA/32768/threads:1,3807.9849489242915,0.002865485601227688,14,3198.6003796115738,3200.619685623271,0.0006313092515615754,3199.6098733168815,1.1901403920149605,608.37507560741,primary,true,1.1901403920149605,0.0006313092515615754,,
arm,failed-search/easy0/nfa/262144,failed-search,nfa,io.airlift.slice.re2.BenchmarkRe2SearchNfa.searchEasy0Nfa,textSize=262144,Search_Easy0_CachedNFA/262144/threads:1,29478.177237130432,0.004833801968895998,14,23540.568261874043,23640.03066159959,0.004225148629340245,23590.247041991326,1.2495917140951691,5887.930195139106,primary,true,1.2495917140951691,0.004225148629340245,,
arm,failed-search/easy1/dfa/8,failed-search,dfa,io.airlift.slice.re2.BenchmarkRe2Search.searchEasy1Dfa,textSize=8,Search_Easy1_CachedDFA/8/threads:1,25.932657277024354,0.0019635195712420523,14,52.90435108699214,52.905424823935185,2.0295815390987492e-05,52.90488795273964,0.4901750722955921,-26.972230675715288,primary,true,0.4901750722955921,2.0295815390987492e-05,,
arm,failed-search/easy1/dfa/64,failed-search,dfa,io.airlift.slice.re2.BenchmarkRe2Search.searchEasy1Dfa,textSize=64,Search_Easy1_CachedDFA/64/threads:1,38.83296269203848,0.0033670364721957503,14,58.95698732739112,58.95727702707971,4.913746473933569e-06,58.957132177057474,0.6586643762694737,-20.124169485018996,primary,true,0.6586643762694737,4.913746473933569e-06,,
arm,failed-search/easy1/dfa/512,failed-search,dfa,io.airlift.slice.re2.BenchmarkRe2Search.searchEasy1Dfa,textSize=512,Search_Easy1_CachedDFA/512/threads:1,82.65722888613,0.0008116448030605802,14,88.11936607063032,88.10841040971263,0.00012434296415907237,88.11388806989964,0.9380726545690398,-5.456659183769645,primary,true,0.9380726545690398,0.00012434296415907237,,
arm,failed-search/easy1/dfa/4096,failed-search,dfa,io.airlift.slice.re2.BenchmarkRe2Search.searchEasy1Dfa,textSize=4096,Search_Easy1_CachedDFA/4096/threads:1,605.0966092674755,0.0013641402607024887,14,538.1556548195346,538.232788294315,0.0001433293027578035,538.1942201750879,1.1243090070172486,66.90238909238758,primary,true,1.1243090070172486,0.0001433293027578035,,
arm,failed-search/easy1/dfa/32768,failed-search,dfa,io.airlift.slice.re2.BenchmarkRe2Search.searchEasy1Dfa,textSize=32768,Search_Easy1_CachedDFA/32768/threads:1,4166.917515028969,0.0007813391323656671,14,3398.0814152427834,3397.860863012406,6.49091411535828e-05,3397.9711373381706,1.2262957354879593,768.9463776907987,primary,true,1.2262957354879593,6.49091411535828e-05,,
arm,failed-search/easy1/dfa/262144,failed-search,dfa,io.airlift.slice.re2.BenchmarkRe2Search.searchEasy1Dfa,textSize=262144,Search_Easy1_CachedDFA/262144/threads:1,33046.41170381975,0.00033812865108896886,14,27104.03996023758,27589.26473262898,0.01790230434663023,27345.57612826523,1.2084737783111457,5700.83557555452,primary,true,1.2084737783111457,0.01790230434663023,,
arm,failed-search/easy1/dfa/2097152,failed-search,dfa,io.airlift.slice.re2.BenchmarkRe2Search.searchEasy1Dfa,textSize=2097152,Search_Easy1_CachedDFA/2097152/threads:1,396350.50269840256,0.0046677370172720405,14,304510.2971174388,305184.13421343034,0.002212854876732325,304847.0294834116,1.3001619316089488,91503.47321499098,primary,true,1.3001619316089488,0.002212854876732325,,
arm,failed-search/easy1/dfa/16777216,failed-search,dfa,io.airlift.slice.re2.BenchmarkRe2Search.searchEasy1Dfa,textSize=16777216,Search_Easy1_CachedDFA/16777216/threads:1,3551896.539007092,0.0013277299087247616,14,2563949.045871604,2564455.2201852887,0.00019741980227725375,2564202.120538575,1.3851858675871718,987694.4184685168,primary,true,1.3851858675871718,0.00019741980227725375,,
arm,failed-search/easy1/re2/8,failed-search,re2,io.airlift.slice.re2.BenchmarkRe2Search.searchEasy1Re2,textSize=8,Search_Easy1_CachedRE2/8/threads:1,3.618619133539897,0.0015472236738180514,14,43.62531813234702,43.59312352401032,0.0007385249262756562,43.609217857210545,0.082978308516982,-39.99059872367065,primary,true,0.082978308516982,0.0007385249262756562,,
arm,failed-search/easy1/re2/64,failed-search,re2,io.airlift.slice.re2.BenchmarkRe2Search.searchEasy1Re2,textSize=64,Search_Easy1_CachedRE2/64/threads:1,25.569152222664272,0.001648778087879909,14,43.585771305695104,43.574161162690686,0.00026644558827122316,43.57996584756048,0.5867180417741328,-18.01081362489621,primary,true,0.5867180417741328,0.00026644558827122316,,
arm,failed-search/easy1/re2/512,failed-search,re2,io.airlift.slice.re2.BenchmarkRe2Search.searchEasy1Re2,textSize=512,Search_Easy1_CachedRE2/512/threads:1,25.625362021947723,0.0006519092105268263,14,43.59273398399651,43.57052614433316,0.0005096986800156056,43.581628649611986,0.5879854153219184,-17.956266627664263,primary,true,0.5879854153219184,0.0005096986800156056,,
arm,failed-search/easy1/re2/4096,failed-search,re2,io.airlift.slice.re2.BenchmarkRe2Search.searchEasy1Re2,textSize=4096,Search_Easy1_CachedRE2/4096/threads:1,25.21074582930332,0.0011398082835591167,14,43.57514771233755,43.560608593716665,0.00033376757327900077,43.567877546542526,0.5786544410471058,-18.357131717239206,primary,true,0.5786544410471058,0.00033376757327900077,,
arm,failed-search/easy1/re2/32768,failed-search,re2,io.airlift.slice.re2.BenchmarkRe2Search.searchEasy1Re2,textSize=32768,Search_Easy1_CachedRE2/32768/threads:1,25.204524719170315,0.0007022857026460484,14,43.63010123576762,43.60878099767782,0.0004888978229163289,43.61943981411387,0.5778277948222281,-18.414915094943552,primary,true,0.5778277948222281,0.0004888978229163289,,
arm,failed-search/easy1/re2/262144,failed-search,re2,io.airlift.slice.re2.BenchmarkRe2Search.searchEasy1Re2,textSize=262144,Search_Easy1_CachedRE2/262144/threads:1,25.172655047050927,0.0006787403190145545,14,43.589277088524355,43.574470062269036,0.00033980966915167125,43.5818729465572,0.5775946131989141,-18.40921789950627,primary,true,0.5775946131989141,0.00033980966915167125,,
arm,failed-search/easy1/re2/2097152,failed-search,re2,io.airlift.slice.re2.BenchmarkRe2Search.searchEasy1Re2,textSize=2097152,Search_Easy1_CachedRE2/2097152/threads:1,25.263210094163476,0.0012625102122537403,14,43.60499046657253,43.57330236321707,0.0007272366710082911,43.58914353534791,0.5795757393965928,-18.325933441184432,primary,true,0.5795757393965928,0.0007272366710082911,,
arm,failed-search/easy1/re2/16777216,failed-search,re2,io.airlift.slice.re2.BenchmarkRe2Search.searchEasy1Re2,textSize=16777216,Search_Easy1_CachedRE2/16777216/threads:1,25.19031327027529,0.0007199236431515002,14,43.66619015543941,43.65367110699381,0.0002867811143514879,43.65993018250262,0.5769664121077933,-18.46961691222733,primary,true,0.5769664121077933,0.0002867811143514879,,
arm,failed-search/easy1/nfa/8,failed-search,nfa,io.airlift.slice.re2.BenchmarkRe2SearchNfa.searchEasy1Nfa,textSize=8,Search_Easy1_CachedNFA/8/threads:1,145.2491883627622,0.021474788824817556,14,232.17015355204958,231.9940079881173,0.0007592677304894737,232.08206405872173,0.6258527084023652,-86.83287569595953,primary,true,0.6258527084023652,0.0007592677304894737,,
arm,failed-search/easy1/nfa/64,failed-search,nfa,io.airlift.slice.re2.BenchmarkRe2SearchNfa.searchEasy1Nfa,textSize=64,Search_Easy1_CachedNFA/64/threads:1,186.6439066659828,0.010556913930722667,14,269.0703411327476,269.1029786006252,0.00012129715872875007,269.0866593718624,0.6936200668649707,-82.44275270587963,primary,true,0.6936200668649707,0.00012129715872875007,,
arm,failed-search/easy1/nfa/512,failed-search,nfa,io.airlift.slice.re2.BenchmarkRe2SearchNfa.searchEasy1Nfa,textSize=512,Search_Easy1_CachedNFA/512/threads:1,314.4375579008682,0.0054923321794274034,14,347.28358783272085,347.22914518815656,0.00015679169021018795,347.25636544350306,0.9054911275687636,-32.81880754263483,primary,true,0.9054911275687636,0.00015679169021018795,,
arm,failed-search/easy1/nfa/4096,failed-search,nfa,io.airlift.slice.re2.BenchmarkRe2SearchNfa.searchEasy1Nfa,textSize=4096,Search_Easy1_CachedNFA/4096/threads:1,1948.2896364361523,0.0011286352912320615,14,1686.6664237971843,1686.09336825349,0.00033987177370122196,1686.379871683798,1.155308877406634,261.90976475235425,primary,true,1.155308877406634,0.00033987177370122196,,
arm,failed-search/easy1/nfa/32768,failed-search,nfa,io.airlift.slice.re2.BenchmarkRe2SearchNfa.searchEasy1Nfa,textSize=32768,Search_Easy1_CachedNFA/32768/threads:1,12246.37695494665,0.002487882923035075,14,9716.418388245578,9691.710268551684,0.0025494075874377825,9704.05646453606,1.2619853356894226,2542.3204904105914,primary,true,1.2619853356894226,0.0025494075874377825,,
arm,failed-search/easy1/nfa/262144,failed-search,nfa,io.airlift.slice.re2.BenchmarkRe2SearchNfa.searchEasy1Nfa,textSize=262144,Search_Easy1_CachedNFA/262144/threads:1,92867.81460928483,0.011411679243067543,14,94185.02783649371,92967.69163762857,0.013094185489837736,93574.38017312544,0.9924491558209271,-706.5655638406024,primary,true,0.9924491558209271,0.013094185489837736,,
arm,failed-search/medium/dfa/8,failed-search,dfa,io.airlift.slice.re2.BenchmarkRe2Search.searchMediumDfa,textSize=8,Search_Medium_CachedDFA/8/threads:1,37.19389524857528,0.0013802134514319115,14,50.105231579663574,50.609933469802385,0.010072838189289139,50.3569502326721,0.7386050004363351,-13.163054984096817,primary,true,0.7386050004363351,0.010072838189289139,,
arm,failed-search/medium/dfa/64,failed-search,dfa,io.airlift.slice.re2.BenchmarkRe2Search.searchMediumDfa,textSize=64,Search_Medium_CachedDFA/64/threads:1,138.02285716536608,0.0015774077622073015,14,149.64961902621206,149.00477803859312,0.004327653086748206,149.32685045416565,0.9243003300851831,-11.303993288799575,primary,true,0.9243003300851831,0.004327653086748206,,
arm,failed-search/medium/dfa/512,failed-search,dfa,io.airlift.slice.re2.BenchmarkRe2Search.searchMediumDfa,textSize=512,Search_Medium_CachedDFA/512/threads:1,300.12547345229734,0.016692970286334003,14,956.1121756065284,953.6552085982291,0.0025763682577801825,954.8829018635481,0.31430605037180254,-654.7574284112508,primary,true,0.31430605037180254,0.0025763682577801825,,
arm,failed-search/medium/dfa/4096,failed-search,dfa,io.airlift.slice.re2.BenchmarkRe2Search.searchMediumDfa,textSize=4096,Search_Medium_CachedDFA/4096/threads:1,2138.7608837016483,0.03738180463521842,14,7413.809850390426,7385.605906268071,0.003818771876037789,7399.694440920647,0.2890336757520964,-5260.933557218999,primary,true,0.2890336757520964,0.003818771876037789,,
arm,failed-search/medium/dfa/32768,failed-search,dfa,io.airlift.slice.re2.BenchmarkRe2Search.searchMediumDfa,textSize=32768,Search_Medium_CachedDFA/32768/threads:1,17757.450815890683,0.001737388228124086,14,58961.57275216396,58890.20338262494,0.0012119056386223049,58925.87726232315,0.3013523368831488,-41168.426446432466,primary,true,0.3013523368831488,0.0012119056386223049,,
arm,failed-search/medium/dfa/262144,failed-search,dfa,io.airlift.slice.re2.BenchmarkRe2Search.searchMediumDfa,textSize=262144,Search_Medium_CachedDFA/262144/threads:1,177312.65460891434,0.006675443985132221,14,474157.3169490116,474563.9915253671,0.0008576785843404486,474360.61065636715,0.3737929554554897,-297047.9560474528,primary,true,0.3737929554554897,0.0008576785843404486,,
arm,failed-search/medium/dfa/2097152,failed-search,dfa,io.airlift.slice.re2.BenchmarkRe2Search.searchMediumDfa,textSize=2097152,Search_Medium_CachedDFA/2097152/threads:1,1686627.013066202,0.03907656100500231,14,3772768.3783781985,3771299.054051269,0.00038960695131064557,3772033.6446712986,0.447139970622711,-2085406.6316050966,primary,true,0.447139970622711,0.00038960695131064557,,
arm,failed-search/medium/dfa/16777216,failed-search,dfa,io.airlift.slice.re2.BenchmarkRe2Search.searchMediumDfa,textSize=16777216,Search_Medium_CachedDFA/16777216/threads:1,15530485.212121213,0.0036009710507220226,14,30173127.222219087,30170149.222208746,9.870683729165154e-05,30171638.18547211,0.5147378845209429,-14641152.973350896,primary,true,0.5147378845209429,9.870683729165154e-05,,
arm,failed-search/medium/re2/8,failed-search,re2,io.airlift.slice.re2.BenchmarkRe2Search.searchMediumRe2,textSize=8,Search_Medium_CachedRE2/8/threads:1,3.590101766040398,0.001953323110997916,14,44.11158322988297,44.10081190924673,0.00024424313680218655,44.10619724075236,0.08139676486830036,-40.51609547471196,primary,true,0.08139676486830036,0.00024424313680218655,,
arm,failed-search/medium/re2/64,failed-search,re2,io.airlift.slice.re2.BenchmarkRe2Search.searchMediumRe2,textSize=64,Search_Medium_CachedRE2/64/threads:1,25.595432788024763,0.0016565132031402877,14,44.10707653009986,44.08525694665909,0.0004949405981045842,44.09616538878873,0.5804457726052592,-18.500732600763964,primary,true,0.5804457726052592,0.0004949405981045842,,
arm,failed-search/medium/re2/512,failed-search,re2,io.airlift.slice.re2.BenchmarkRe2Search.searchMediumRe2,textSize=512,Search_Medium_CachedRE2/512/threads:1,25.578924062575705,0.015504746054940954,14,44.10263743081915,44.092915988257644,0.00022047629066073408,44.09777644164948,0.580050200409128,-18.518852379073774,primary,true,0.580050200409128,0.00022047629066073408,,
arm,failed-search/medium/re2/4096,failed-search,re2,io.airlift.slice.re2.BenchmarkRe2Search.searchMediumRe2,textSize=4096,Search_Medium_CachedRE2/4096/threads:1,25.28919858194739,0.0020537162829703734,14,44.102640274943056,44.08695314023053,0.0003558226095287584,44.094796009981245,0.5735188927106717,-18.805597428033856,primary,true,0.5735188927106717,0.0003558226095287584,,
arm,failed-search/medium/re2/32768,failed-search,re2,io.airlift.slice.re2.BenchmarkRe2Search.searchMediumRe2,textSize=32768,Search_Medium_CachedRE2/32768/threads:1,25.335842617175125,0.0032621843663116724,14,44.12737155835889,44.096958096727874,0.0006896952294147117,44.11216220644476,0.5743505044845336,-18.776319589269633,primary,true,0.5743505044845336,0.0006896952294147117,,
arm,failed-search/medium/re2/262144,failed-search,re2,io.airlift.slice.re2.BenchmarkRe2Search.searchMediumRe2,textSize=262144,Search_Medium_CachedRE2/262144/threads:1,25.2444640930427,0.0019031023386738323,14,44.123198658517886,44.09646022016319,0.0006063624658577934,44.10982741330657,0.5723092919068468,-18.865363320263867,primary,true,0.5723092919068468,0.0006063624658577934,,
arm,failed-search/medium/re2/2097152,failed-search,re2,io.airlift.slice.re2.BenchmarkRe2Search.searchMediumRe2,textSize=2097152,Search_Medium_CachedRE2/2097152/threads:1,25.194104228653757,0.001895272482651029,14,44.09679522672856,44.08628729189652,0.00023834927995792146,44.091540946280006,0.5714044845778832,-18.89743671762625,primary,true,0.5714044845778832,0.00023834927995792146,,
arm,failed-search/medium/re2/16777216,failed-search,re2,io.airlift.slice.re2.BenchmarkRe2Search.searchMediumRe2,textSize=16777216,Search_Medium_CachedRE2/16777216/threads:1,25.285729069170213,0.001656007358777841,14,44.10129445457507,44.08337729124512,0.0004064380823541359,44.092334962817844,0.5734722166674354,-18.80660589364763,primary,true,0.5734722166674354,0.0004064380823541359,,
arm,failed-search/medium/nfa/8,failed-search,nfa,io.airlift.slice.re2.BenchmarkRe2SearchNfa.searchMediumNfa,textSize=8,Search_Medium_CachedNFA/8/threads:1,167.73592109963232,0.005442553920530118,14,255.97931692481916,256.10792368709383,0.0005024107565395334,256.0436122313072,0.6551068376121073,-88.30769113167486,primary,true,0.6551068376121073,0.0005024107565395334,,
arm,failed-search/medium/nfa/64,failed-search,nfa,io.airlift.slice.re2.BenchmarkRe2SearchNfa.searchMediumNfa,textSize=64,Search_Medium_CachedNFA/64/threads:1,874.1870936005007,0.0026918206241852566,14,965.8857159609794,966.5824218309226,0.0007213129446169138,966.2340061007261,0.904736417970131,-92.0469125002254,primary,true,0.904736417970131,0.0007213129446169138,,
arm,failed-search/medium/nfa/512,failed-search,nfa,io.airlift.slice.re2.BenchmarkRe2SearchNfa.searchMediumNfa,textSize=512,Search_Medium_CachedNFA/512/threads:1,5688.505770831194,0.00489563595466686,14,6756.613848727208,6714.461744440126,0.006277808392010948,6735.5048221520265,0.8445552220707473,-1046.9990513208322,primary,true,0.8445552220707473,0.006277808392010948,,
arm,failed-search/medium/nfa/4096,failed-search,nfa,io.airlift.slice.re2.BenchmarkRe2SearchNfa.searchMediumNfa,textSize=4096,Search_Medium_CachedNFA/4096/threads:1,48829.08188229865,0.013020070882320977,14,61594.61846766983,61529.16353587682,0.0010638033743925062,61561.8823025027,0.7931707097967272,-12732.800420204054,primary,true,0.7931707097967272,0.0010638033743925062,,
arm,failed-search/medium/nfa/32768,failed-search,nfa,io.airlift.slice.re2.BenchmarkRe2SearchNfa.searchMediumNfa,textSize=32768,Search_Medium_CachedNFA/32768/threads:1,419446.6227546595,0.003539828038626524,14,512196.6263736328,511930.8933822542,0.0005190798109935856,512063.7426403382,0.8191297055946201,-92617.1198856787,primary,true,0.8191297055946201,0.0005190798109935856,,
arm,failed-search/medium/nfa/262144,failed-search,nfa,io.airlift.slice.re2.BenchmarkRe2SearchNfa.searchMediumNfa,textSize=262144,Search_Medium_CachedNFA/262144/threads:1,3492845.076388889,0.001700221401569644,14,4142931.5820893734,4122664.3823539927,0.004916044056879638,4132785.5584350536,0.8451551688327887,-639940.4820461646,primary,true,0.8451551688327887,0.004916044056879638,,
arm,failed-search/hard/dfa/8,failed-search,dfa,io.airlift.slice.re2.BenchmarkRe2Search.searchHardDfa,textSize=8,Search_Hard_CachedDFA/8/threads:1,37.195971531069716,0.0008268737380298241,14,52.034126334018495,51.044711960741736,0.019383288400916302,51.537044840083915,0.7217327195706775,-14.341073309014199,primary,true,0.7217327195706775,0.019383288400916302,,
arm,failed-search/hard/dfa/64,failed-search,dfa,io.airlift.slice.re2.BenchmarkRe2Search.searchHardDfa,textSize=64,Search_Hard_CachedDFA/64/threads:1,138.17168125432036,0.0015142892530439812,14,150.35293694652157,150.29701201634498,0.0003720960877818748,150.32497188073614,0.9191532153682498,-12.153290626415782,primary,true,0.9191532153682498,0.0003720960877818748,,
arm,failed-search/hard/dfa/512,failed-search,dfa,io.airlift.slice.re2.BenchmarkRe2Search.searchHardDfa,textSize=512,Search_Hard_CachedDFA/512/threads:1,608.0103189173087,0.0020830265511511334,14,954.818112810128,961.1680113853412,0.0066503750714623075,957.9878009267211,0.6346743855497352,-349.97748200941237,primary,true,0.6346743855497352,0.0066503750714623075,,
arm,failed-search/hard/dfa/4096,failed-search,dfa,io.airlift.slice.re2.BenchmarkRe2Search.searchHardDfa,textSize=4096,Search_Hard_CachedDFA/4096/threads:1,4669.362047913417,0.003669625503168499,14,7399.534625233192,7414.372171885308,0.0020051999758901105,7406.94968325226,0.6304028307997339,-2737.587635338843,primary,true,0.6304028307997339,0.0020051999758901105,,
arm,failed-search/hard/dfa/32768,failed-search,dfa,io.airlift.slice.re2.BenchmarkRe2Search.searchHardDfa,textSize=32768,Search_Hard_CachedDFA/32768/threads:1,37225.543453325576,0.001859691660022388,14,58947.31409311127,59022.79322750502,0.001280450781430387,58985.041587121894,0.6311014191342533,-21759.498133796318,primary,true,0.6311014191342533,0.001280450781430387,,
arm,failed-search/hard/dfa/262144,failed-search,dfa,io.airlift.slice.re2.BenchmarkRe2Search.searchHardDfa,textSize=262144,Search_Hard_CachedDFA/262144/threads:1,297195.4073083779,0.0007380195923789823,14,473055.8559321777,474711.44406761404,0.0034997730493663195,473882.92699168355,0.6271494294910388,-176687.51968330564,primary,true,0.6271494294910388,0.0034997730493663195,,
arm,failed-search/hard/dfa/2097152,failed-search,dfa,io.airlift.slice.re2.BenchmarkRe2Search.searchHardDfa,textSize=2097152,Search_Hard_CachedDFA/2097152/threads:1,2361160.0448113205,0.0008535565693131682,14,3773181.3243248006,3771602.500002111,0.00041860835617987493,3772391.8295671106,0.6259053013276906,-1411231.7847557901,primary,true,0.6259053013276906,0.00041860835617987493,,
arm,failed-search/hard/dfa/16777216,failed-search,dfa,io.airlift.slice.re2.BenchmarkRe2Search.searchHardDfa,textSize=16777216,Search_Hard_CachedDFA/16777216/threads:1,18910973.722222224,0.0012161746505606208,14,30176087.33332761,30176641.11111016,1.8351543605741287e-05,30176364.220948562,0.6266816500409994,-11265390.498726338,primary,true,0.6266816500409994,1.8351543605741287e-05,,
arm,failed-search/hard/re2/8,failed-search,re2,io.airlift.slice.re2.BenchmarkRe2Search.searchHardRe2,textSize=8,Search_Hard_CachedRE2/8/threads:1,3.592483253010119,0.0019336675286090827,14,43.59343637574745,43.5884540773837,0.00011430316741457604,43.59094515538308,0.08241352051909984,-39.998461902372966,primary,true,0.08241352051909984,0.00011430316741457604,,
arm,failed-search/hard/re2/64,failed-search,re2,io.airlift.slice.re2.BenchmarkRe2Search.searchHardRe2,textSize=64,Search_Hard_CachedRE2/64/threads:1,25.432074633332352,0.00046408834552053463,14,43.56918005274118,43.56800107833167,2.7060557756433113e-05,43.56859056154852,0.5837249795217714,-18.136515928216166,primary,true,0.5837249795217714,2.7060557756433113e-05,,
arm,failed-search/hard/re2/512,failed-search,re2,io.airlift.slice.re2.BenchmarkRe2Search.searchHardRe2,textSize=512,Search_Hard_CachedRE2/512/threads:1,25.634402354910343,0.0017310214609379533,14,43.55848774269077,43.56689707252711,0.0001930583514748171,43.56269220469211,0.5884485337696662,-17.92828984978177,primary,true,0.5884485337696662,0.0001930583514748171,,
arm,failed-search/hard/re2/4096,failed-search,re2,io.airlift.slice.re2.BenchmarkRe2Search.searchHardRe2,textSize=4096,Search_Hard_CachedRE2/4096/threads:1,25.29638300448675,0.0011375999138152342,14,43.60315509928925,43.59484130433554,0.0001907059345778106,43.598998003645036,0.5802056047795383,-18.302614999158287,primary,true,0.5802056047795383,0.0001907059345778106,,
arm,failed-search/hard/re2/32768,failed-search,re2,io.airlift.slice.re2.BenchmarkRe2Search.searchHardRe2,textSize=32768,Search_Hard_CachedRE2/32768/threads:1,25.365971665921418,0.003397977107326109,14,43.578893242854306,43.575316301645294,8.208640837511964e-05,43.57710473554902,0.5820940106015934,-18.211133069627603,primary,true,0.5820940106015934,8.208640837511964e-05,,
arm,failed-search/hard/re2/262144,failed-search,re2,io.airlift.slice.re2.BenchmarkRe2Search.searchHardRe2,textSize=262144,Search_Hard_CachedRE2/262144/threads:1,25.349224119444678,0.0017361650523719193,14,43.564188617733365,43.55816740310637,0.00013823388324110615,43.56117790638507,0.5819223753297328,-18.21195378694039,primary,true,0.5819223753297328,0.00013823388324110615,,
arm,failed-search/hard/re2/2097152,failed-search,re2,io.airlift.slice.re2.BenchmarkRe2Search.searchHardRe2,textSize=2097152,Search_Hard_CachedRE2/2097152/threads:1,25.258295580421816,0.0019675120736226876,14,43.4976866336725,43.49393501398982,8.625615689807654e-05,43.495810783382865,0.5807063973634788,-18.23751520296105,primary,true,0.5807063973634788,8.625615689807654e-05,,
arm,failed-search/hard/re2/16777216,failed-search,re2,io.airlift.slice.re2.BenchmarkRe2Search.searchHardRe2,textSize=16777216,Search_Hard_CachedRE2/16777216/threads:1,25.191963100385244,0.0007997769921972045,14,43.52151496594142,43.50154344967488,0.0004590990269034559,43.5115280619582,0.5789721534144507,-18.319564961572958,primary,true,0.5789721534144507,0.0004590990269034559,,
arm,failed-search/hard/nfa/8,failed-search,nfa,io.airlift.slice.re2.BenchmarkRe2SearchNfa.searchHardNfa,textSize=8,Search_Hard_CachedNFA/8/threads:1,279.2135832335912,0.007759184406328108,14,354.0179932749139,353.7247355220924,0.0008290563915150069,353.8713340201927,0.7890257175158998,-74.65775078660153,primary,true,0.7890257175158998,0.0008290563915150069,,
arm,failed-search/hard/nfa/64,failed-search,nfa,io.airlift.slice.re2.BenchmarkRe2SearchNfa.searchHardNfa,textSize=64,Search_Hard_CachedNFA/64/threads:1,1530.9641381543242,0.0026077313083905057,14,1497.0300617214907,1485.3967509568308,0.007831786865809546,1491.2020620176886,1.0266644455164144,39.76207613663564,primary,true,1.0266644455164144,0.007831786865809546,,
arm,failed-search/hard/nfa/512,failed-search,nfa,io.airlift.slice.re2.BenchmarkRe2SearchNfa.searchHardNfa,textSize=512,Search_Hard_CachedNFA/512/threads:1,10390.131749485085,0.0010496959253649201,14,12635.15924952834,12616.240596066815,0.0014995476122596724,12625.696379276216,0.8229353405440208,-2235.5646297911317,primary,true,0.8229353405440208,0.0014995476122596724,,
arm,failed-search/hard/nfa/4096,failed-search,nfa,io.airlift.slice.re2.BenchmarkRe2SearchNfa.searchHardNfa,textSize=4096,Search_Hard_CachedNFA/4096/threads:1,92917.2329213245,0.001939686774084166,14,102404.25722648992,102377.65040356266,0.00025988897793984,102390.95295078609,0.9074750282477094,-9473.72002946159,primary,true,0.9074750282477094,0.00025988897793984,,
arm,failed-search/hard/nfa/32768,failed-search,nfa,io.airlift.slice.re2.BenchmarkRe2SearchNfa.searchHardNfa,textSize=32768,Search_Hard_CachedNFA/32768/threads:1,816788.2292006526,0.0010169344731864602,14,827308.5029587443,827582.9822486709,0.00033177380498925694,827445.7312224658,0.9871199987870288,-10657.502021813183,primary,true,0.9871199987870288,0.00033177380498925694,,
arm,failed-search/hard/nfa/262144,failed-search,nfa,io.airlift.slice.re2.BenchmarkRe2SearchNfa.searchHardNfa,textSize=262144,Search_Hard_CachedNFA/262144/threads:1,6425699.288461538,0.0023525227235025605,14,6637128.309521466,6635663.952379001,0.00022067982239203963,6636396.090560431,0.9682513220694307,-210696.80209889263,primary,true,0.9682513220694307,0.00022067982239203963,,
arm,failed-search/parens/dfa/8,failed-search,dfa,io.airlift.slice.re2.BenchmarkRe2Search.searchParensDfa,textSize=8,Search_Parens_CachedDFA/8/threads:1,37.12742799704131,0.0022934415780136584,14,50.66968288869042,50.76280051314532,0.0018377384492313266,50.71622032982076,0.7320622032870746,-13.588792332779448,confirmation,true,0.7238421350519201,0.02162642096593613,0.7320622032870746,0.0018377384492313266
arm,failed-search/parens/dfa/64,failed-search,dfa,io.airlift.slice.re2.BenchmarkRe2Search.searchParensDfa,textSize=64,Search_Parens_CachedDFA/64/threads:1,138.06940797342727,0.0011982109013650374,14,150.1626526531492,150.11578329674487,0.00031222137589409315,150.13921614603066,0.9196092234765375,-12.069808172603388,primary,true,0.9196092234765375,0.00031222137589409315,,
arm,failed-search/parens/dfa/512,failed-search,dfa,io.airlift.slice.re2.BenchmarkRe2Search.searchParensDfa,textSize=512,Search_Parens_CachedDFA/512/threads:1,611.1509353234078,0.0034069347642193964,14,954.4541186934299,954.3965834499875,6.0284418909432636e-05,954.425350638162,0.6403339296412979,-343.27441531475415,primary,true,0.6403339296412979,6.0284418909432636e-05,,
arm,failed-search/parens/dfa/4096,failed-search,dfa,io.airlift.slice.re2.BenchmarkRe2Search.searchParensDfa,textSize=4096,Search_Parens_CachedDFA/4096/threads:1,4658.568954329105,0.00236183271002107,14,7384.857199376606,7386.784114000337,0.0002609278110202168,7385.820593848467,0.6307449382414125,-2727.2516395193625,primary,true,0.6307449382414125,0.0002609278110202168,,
arm,failed-search/parens/dfa/32768,failed-search,dfa,io.airlift.slice.re2.BenchmarkRe2Search.searchParensDfa,textSize=32768,Search_Parens_CachedDFA/32768/threads:1,37223.64554835591,0.0015062502392607453,14,58928.85762353969,59288.50762388029,0.006103121880253974,59108.40908432394,0.6297521135318113,-21884.763535968028,primary,true,0.6297521135318113,0.006103121880253974,,
arm,failed-search/parens/dfa/262144,failed-search,dfa,io.airlift.slice.re2.BenchmarkRe2Search.searchParensDfa,textSize=262144,Search_Parens_CachedDFA/262144/threads:1,297082.66478622326,0.0021272383597527446,14,471629.54713805317,472568.61616211233,0.0019911157597263195,472098.8481580881,0.6292806388859087,-175016.18337186484,primary,true,0.6292806388859087,0.0019911157597263195,,
arm,failed-search/parens/dfa/2097152,failed-search,dfa,io.airlift.slice.re2.BenchmarkRe2Search.searchParensDfa,textSize=2097152,Search_Parens_CachedDFA/2097152/threads:1,2367036.058962264,0.0009137733464047457,14,3772406.2837828817,3771823.486486765,0.00015451340663330884,3772114.8738794434,0.6275090070435417,-1405078.8149171793,primary,true,0.6275090070435417,0.00015451340663330884,,
arm,failed-search/parens/dfa/16777216,failed-search,dfa,io.airlift.slice.re2.BenchmarkRe2Search.searchParensDfa,textSize=16777216,Search_Parens_CachedDFA/16777216/threads:1,18832432.48148148,0.00163489833068852,14,30179013.374990404,30224481.222224616,0.0015066048273099425,30201738.742292024,0.6235545788332411,-11369306.260810543,primary,true,0.6235545788332411,0.0015066048273099425,,
arm,failed-search/parens/re2/8,failed-search,re2,io.airlift.slice.re2.BenchmarkRe2Search.searchParensRe2,textSize=8,Search_Parens_CachedRE2/8/threads:1,3.5982636425836647,0.0022549648307958717,14,44.08488542867496,44.08922906691069,9.852896732053312e-05,44.08705719429869,0.08161723352787062,-40.48879355171502,primary,true,0.08161723352787062,9.852896732053312e-05,,
arm,failed-search/parens/re2/64,failed-search,re2,io.airlift.slice.re2.BenchmarkRe2Search.searchParensRe2,textSize=64,Search_Parens_CachedRE2/64/threads:1,25.487750143124142,0.0023940466395547134,14,44.07694264153346,44.07446839327205,5.6137903680129135e-05,44.075705500040854,0.5782720855846656,-18.587955356916712,primary,true,0.5782720855846656,5.6137903680129135e-05,,
arm,failed-search/parens/re2/512,failed-search,re2,io.airlift.slice.re2.BenchmarkRe2Search.searchParensRe2,textSize=512,Search_Parens_CachedRE2/512/threads:1,25.41882645127137,0.0021596717332187125,14,44.14065840682581,44.14013877867497,1.177223645457665e-05,44.14039859198574,0.5758630928150813,-18.721572140714372,primary,true,0.5758630928150813,1.177223645457665e-05,,
arm,failed-search/parens/re2/4096,failed-search,re2,io.airlift.slice.re2.BenchmarkRe2Search.searchParensRe2,textSize=4096,Search_Parens_CachedRE2/4096/threads:1,25.17291553613125,0.0016533239018942754,14,44.07294552766511,44.07300248514199,1.292345591995808e-06,44.072974006394354,0.5711644404228092,-18.900058470263104,primary,true,0.5711644404228092,1.292345591995808e-06,,
arm,failed-search/parens/re2/32768,failed-search,re2,io.airlift.slice.re2.BenchmarkRe2Search.searchParensRe2,textSize=32768,Search_Parens_CachedRE2/32768/threads:1,25.15018133790241,0.0021668857137033637,14,44.085710254298604,44.08086324265926,0.00010995727585141894,44.08328668186207,0.5705151142519138,-18.93310534395966,primary,true,0.5705151142519138,0.00010995727585141894,,
arm,failed-search/parens/re2/262144,failed-search,re2,io.airlift.slice.re2.BenchmarkRe2Search.searchParensRe2,textSize=262144,Search_Parens_CachedRE2/262144/threads:1,25.20420298694438,0.0009899431704187911,14,44.150617000943754,44.15274204306754,4.813165178962706e-05,44.151679509220735,0.5708549089662757,-18.947476522276354,primary,true,0.5708549089662757,4.813165178962706e-05,,
arm,failed-search/parens/re2/2097152,failed-search,re2,io.airlift.slice.re2.BenchmarkRe2Search.searchParensRe2,textSize=2097152,Search_Parens_CachedRE2/2097152/threads:1,25.235748961673846,0.0030001430003255346,14,44.117984627223144,44.11863699871363,1.4786973974467144e-05,44.11831081176257,0.5720017039941981,-18.882561850088724,primary,true,0.5720017039941981,1.4786973974467144e-05,,
arm,failed-search/parens/re2/16777216,failed-search,re2,io.airlift.slice.re2.BenchmarkRe2Search.searchParensRe2,textSize=16777216,Search_Parens_CachedRE2/16777216/threads:1,25.256190137439397,0.0011739100374183605,14,44.052500621427086,44.050848824591476,3.74975029922163e-05,44.05167471526715,0.5733309868622604,-18.79548457782775,primary,true,0.5733309868622604,3.74975029922163e-05,,
arm,failed-search/parens/nfa/8,failed-search,nfa,io.airlift.slice.re2.BenchmarkRe2SearchNfa.searchParensNfa,textSize=8,Search_Parens_CachedNFA/8/threads:1,623.2976867187449,0.002273654601034703,14,486.9890256643315,489.6864975411818,0.00553908144679541,488.3358990680075,1.276370809330858,134.9617876507374,primary,true,1.276370809330858,0.00553908144679541,,
arm,failed-search/parens/nfa/64,failed-search,nfa,io.airlift.slice.re2.BenchmarkRe2SearchNfa.searchParensNfa,textSize=64,Search_Parens_CachedNFA/64/threads:1,2648.6946383422614,0.001882274473643306,14,2294.391045093996,2316.639565703324,0.009696917470498768,2305.4884676051083,1.14886483951649,343.2061707371531,primary,true,1.14886483951649,0.009696917470498768,,
arm,failed-search/parens/nfa/512,failed-search,nfa,io.airlift.slice.re2.BenchmarkRe2SearchNfa.searchParensNfa,textSize=512,Search_Parens_CachedNFA/512/threads:1,19163.975558991733,0.012461394159597593,14,16915.245305800046,16937.882267520865,0.0013382579626590697,16926.560002430386,1.1321837134208066,2237.4155565613473,primary,true,1.1321837134208066,0.0013382579626590697,,
arm,failed-search/parens/nfa/4096,failed-search,nfa,io.airlift.slice.re2.BenchmarkRe2SearchNfa.searchParensNfa,textSize=4096,Search_Parens_CachedNFA/4096/threads:1,155388.02407144604,0.0016071878964897608,14,137033.7665198262,137080.8306412012,0.0003434490824434621,137057.29656034443,1.1337449954955943,18330.727511101606,primary,true,1.1337449954955943,0.0003434490824434621,,
arm,failed-search/parens/nfa/32768,failed-search,nfa,io.airlift.slice.re2.BenchmarkRe2SearchNfa.searchParensNfa,textSize=32768,Search_Parens_CachedNFA/32768/threads:1,1262935.7853535353,0.009435117707586918,14,1094724.964843863,1094852.7460943325,0.00011672452403407502,1094788.853604806,1.1535884578976785,168146.93174872943,primary,true,1.1535884578976785,0.00011672452403407502,,
arm,failed-search/parens/nfa/262144,failed-search,nfa,io.airlift.slice.re2.BenchmarkRe2SearchNfa.searchParensNfa,textSize=262144,Search_Parens_CachedNFA/262144/threads:1,10165899.370000001,0.0025489117767264527,14,8774601.656249102,8775131.000000158,6.0326812748146966e-05,8774866.324133048,1.158524699349695,1391033.0458669532,primary,true,1.158524699349695,6.0326812748146966e-05,,
arm,failed-search/easy2/dfa/8,failed-search,dfa,io.airlift.slice.re2.BenchmarkRe2SearchExtra.searchEasy2Dfa,textSize=8,Search_Easy2_CachedDFA/8/threads:1,29.201956627218625,0.0030488501997823977,14,36.10409796558769,36.10093456885319,8.762644990441473e-05,36.102516232572306,0.8088620870384685,-6.900559605353681,primary,true,0.8088620870384685,8.762644990441473e-05,,
arm,failed-search/easy2/dfa/64,failed-search,dfa,io.airlift.slice.re2.BenchmarkRe2SearchExtra.searchEasy2Dfa,textSize=64,Search_Easy2_CachedDFA/64/threads:1,60.19998996999723,0.0006051493567044627,14,59.62334424235395,59.67552910536624,0.0008752421333524617,59.649430967058386,1.0092299120714645,0.5505590029388472,primary,true,1.0092299120714645,0.0008752421333524617,,
arm,failed-search/easy2/dfa/512,failed-search,dfa,io.airlift.slice.re2.BenchmarkRe2SearchExtra.searchEasy2Dfa,textSize=512,Search_Easy2_CachedDFA/512/threads:1,389.39268850262954,0.0005317792344077435,14,230.90047152926323,230.87902560037531,9.288816440621368e-05,230.88974831582172,1.6864875610241479,158.50294018680782,primary,true,1.6864875610241479,9.288816440621368e-05,,
arm,failed-search/easy2/dfa/4096,failed-search,dfa,io.airlift.slice.re2.BenchmarkRe2SearchExtra.searchEasy2Dfa,textSize=4096,Search_Easy2_CachedDFA/4096/threads:1,3043.8126130569553,0.0006328654334934425,14,1610.3006659230807,1610.23605720568,4.0123755216863407e-05,1610.268361240344,1.890251765682332,1433.5442518166114,primary,true,1.890251765682332,4.0123755216863407e-05,,
arm,failed-search/easy2/dfa/32768,failed-search,dfa,io.airlift.slice.re2.BenchmarkRe2SearchExtra.searchEasy2Dfa,textSize=32768,Search_Easy2_CachedDFA/32768/threads:1,24118.27448897118,0.0010898334356282606,14,12649.7987259419,12648.863067549519,7.39717385969834e-05,12649.330888094495,1.906683816111666,11468.943600876684,primary,true,1.906683816111666,7.39717385969834e-05,,
arm,failed-search/easy2/dfa/262144,failed-search,dfa,io.airlift.slice.re2.BenchmarkRe2SearchExtra.searchEasy2Dfa,textSize=262144,Search_Easy2_CachedDFA/262144/threads:1,193064.6435739097,0.0018611132682245246,14,100969.89181394302,100967.88315918509,1.989399693326123e-05,100968.88748156908,1.9121201430406158,92095.75609234063,primary,true,1.9121201430406158,1.989399693326123e-05,,
arm,failed-search/easy2/dfa/2097152,failed-search,dfa,io.airlift.slice.re2.BenchmarkRe2SearchExtra.searchEasy2Dfa,textSize=2097152,Search_Easy2_CachedDFA/2097152/threads:1,1545933.9645061728,0.0105361509120038,14,807447.7809799337,807397.645534659,6.209510958066486e-05,807422.7128681628,1.9146525603851763,738511.25163801,primary,true,1.9146525603851763,6.209510958066486e-05,,
arm,failed-search/easy2/dfa/16777216,failed-search,dfa,io.airlift.slice.re2.BenchmarkRe2SearchExtra.searchEasy2Dfa,textSize=16777216,Search_Easy2_CachedDFA/16777216/threads:1,12361658.219512194,0.0002602141868146592,14,6449669.116276773,6451557.86045253,0.00029284357719851597,6450613.419236448,1.916353905606613,5911044.800275747,primary,true,1.916353905606613,0.00029284357719851597,,
arm,failed-search/easy2/re2/8,failed-search,re2,io.airlift.slice.re2.BenchmarkRe2SearchExtra.searchEasy2Re2,textSize=8,Search_Easy2_CachedRE2/8/threads:1,3.6456280778840613,0.0028649890996442842,14,43.66480927972,43.65953811274562,0.0001207334571603159,43.662173616686836,0.0834962571925364,-40.016545538802774,primary,true,0.0834962571925364,0.0001207334571603159,,
arm,failed-search/easy2/re2/64,failed-search,re2,io.airlift.slice.re2.BenchmarkRe2SearchExtra.searchEasy2Re2,textSize=64,Search_Easy2_CachedRE2/64/threads:1,25.545701296705786,0.0025788402517317676,14,43.646037121925374,43.64768330872657,3.771675299173788e-05,43.64686020756502,0.5852815340031748,-18.101158910859233,primary,true,0.5852815340031748,3.771675299173788e-05,,
arm,failed-search/easy2/re2/512,failed-search,re2,io.airlift.slice.re2.BenchmarkRe2SearchExtra.searchEasy2Re2,textSize=512,Search_Easy2_CachedRE2/512/threads:1,25.50594365801515,0.0016690718729706095,14,43.65342138714324,43.6502700684612,7.219471213123741e-05,43.65184569936468,0.5843038993970047,-18.14590204134953,primary,true,0.5843038993970047,7.219471213123741e-05,,
arm,failed-search/easy2/re2/4096,failed-search,re2,io.airlift.slice.re2.BenchmarkRe2SearchExtra.searchEasy2Re2,textSize=4096,Search_Easy2_CachedRE2/4096/threads:1,25.2838015204164,0.0019887714341578068,14,43.67142755950535,43.66825047100893,7.275511297444523e-05,43.66983898636451,0.5789762936453928,-18.38603746594811,primary,true,0.5789762936453928,7.275511297444523e-05,,
arm,failed-search/easy2/re2/32768,failed-search,re2,io.airlift.slice.re2.BenchmarkRe2SearchExtra.searchEasy2Re2,textSize=32768,Search_Easy2_CachedRE2/32768/threads:1,25.253950096593975,0.0013313203158707466,14,43.64912830934007,43.64691980465676,5.059932506564114e-05,43.64802404303016,0.5785817491233397,-18.394073946436187,primary,true,0.5785817491233397,5.059932506564114e-05,,
arm,failed-search/easy2/re2/262144,failed-search,re2,io.airlift.slice.re2.BenchmarkRe2SearchExtra.searchEasy2Re2,textSize=262144,Search_Easy2_CachedRE2/262144/threads:1,25.26463744552241,0.00100355594962268,14,43.64971828308043,43.648641279970775,2.4674378813967338e-05,43.649179778203845,0.5788112760400201,-18.384542332681434,primary,true,0.5788112760400201,2.4674378813967338e-05,,
arm,failed-search/easy2/re2/2097152,failed-search,re2,io.airlift.slice.re2.BenchmarkRe2SearchExtra.searchEasy2Re2,textSize=2097152,Search_Easy2_CachedRE2/2097152/threads:1,25.322450206948822,0.0017964414703462725,14,43.647371256132956,43.64419379268496,7.280380668939886e-05,43.645782495493584,0.5801809191887752,-18.323332288544762,primary,true,0.5801809191887752,7.280380668939886e-05,,
arm,failed-search/easy2/re2/16777216,failed-search,re2,io.airlift.slice.re2.BenchmarkRe2SearchExtra.searchEasy2Re2,textSize=16777216,Search_Easy2_CachedRE2/16777216/threads:1,25.25299338917298,0.002467945563041861,14,43.650260512115416,43.65387070906352,8.270734024829818e-05,43.652065573267286,0.5785062644237853,-18.399072184094308,primary,true,0.5785062644237853,8.270734024829818e-05,,
arm,failed-search/fanout/dfa/8,failed-search,dfa,io.airlift.slice.re2.BenchmarkRe2SearchExtra.searchFanoutDfa,textSize=8,Search_Fanout_CachedDFA/8/threads:1,37.482886337909804,0.005157150390926537,14,51.38786374714912,51.34878589866704,0.000761027701009273,51.368321106906286,0.7296887562258748,-13.885434768996483,confirmation,true,0.7221450222113981,0.022251288264973898,0.7296887562258748,0.000761027701009273
arm,failed-search/fanout/dfa/64,failed-search,dfa,io.airlift.slice.re2.BenchmarkRe2SearchExtra.searchFanoutDfa,textSize=64,Search_Fanout_CachedDFA/64/threads:1,138.25325035718788,0.0011555132263971171,14,151.22821992303426,152.1549943760163,0.006128316880630581,151.69089937067494,0.9114142702743785,-13.43764901348706,primary,true,0.9114142702743785,0.006128316880630581,,
arm,failed-search/fanout/dfa/512,failed-search,dfa,io.airlift.slice.re2.BenchmarkRe2SearchExtra.searchFanoutDfa,textSize=512,Search_Fanout_CachedDFA/512/threads:1,259.4445791266843,0.019819065763444617,14,955.0041694389456,954.9775649800677,2.785872658538353e-05,954.9908671168621,0.27167231442741757,-695.5462879901778,primary,true,0.27167231442741757,2.785872658538353e-05,,
arm,failed-search/fanout/dfa/4096,failed-search,dfa,io.airlift.slice.re2.BenchmarkRe2SearchExtra.searchFanoutDfa,textSize=4096,Search_Fanout_CachedDFA/4096/threads:1,1936.089384951585,0.014520390155061735,14,7381.824663169509,7394.905352949796,0.0017720130695532347,7388.362113229768,0.26204581682383704,-5452.2727282781825,primary,true,0.26204581682383704,0.0017720130695532347,,
arm,failed-search/fanout/dfa/32768,failed-search,dfa,io.airlift.slice.re2.BenchmarkRe2SearchExtra.searchFanoutDfa,textSize=32768,Search_Fanout_CachedDFA/32768/threads:1,15354.461456210953,0.029080103963851613,14,58995.901369859545,59033.43868920709,0.0006362699522499983,59014.66704499918,0.26018043013786807,-43660.20558878823,primary,true,0.26018043013786807,0.0006362699522499983,,
arm,failed-search/fanout/dfa/262144,failed-search,dfa,io.airlift.slice.re2.BenchmarkRe2SearchExtra.searchFanoutDfa,textSize=262144,Search_Fanout_CachedDFA/262144/threads:1,120633.4035720737,0.007690819665282817,14,478171.22696257493,476479.31911286444,0.003550852643217717,477324.52340361755,0.25272827532908493,-356691.1198315439,confirmation,true,0.24957624262494332,0.03264542342645852,0.25272827532908493,0.003550852643217717
arm,failed-search/fanout/dfa/2097152,failed-search,dfa,io.airlift.slice.re2.BenchmarkRe2SearchExtra.searchFanoutDfa,textSize=2097152,Search_Fanout_CachedDFA/2097152/threads:1,970078.6027131784,0.01335870414061329,14,3779945.675675565,3780610.4459426985,0.0001758676775202043,3780278.0461964663,0.2566156750531154,-2810199.443483288,primary,true,0.2566156750531154,0.0001758676775202043,,
arm,failed-search/fanout/dfa/16777216,failed-search,dfa,io.airlift.slice.re2.BenchmarkRe2SearchExtra.searchFanoutDfa,textSize=16777216,Search_Fanout_CachedDFA/16777216/threads:1,7815704.670552885,0.004416451838276825,14,30268178.11111313,30228050.33328445,0.00132750135672816,30248107.567904912,0.2583865669284324,-22432402.897352025,primary,true,0.2583865669284324,0.00132750135672816,,
arm,failed-search/fanout/re2/8,failed-search,re2,io.airlift.slice.re2.BenchmarkRe2SearchExtra.searchFanoutRe2,textSize=8,Search_Fanout_CachedRE2/8/threads:1,38.90375822196417,0.004160190611498302,14,55.60763733068941,55.695732925430114,0.0015842355289583242,55.65166769634361,0.6990582642417417,-16.74790947437944,primary,true,0.6990582642417417,0.0015842355289583242,,
arm,failed-search/fanout/re2/64,failed-search,re2,io.airlift.slice.re2.BenchmarkRe2SearchExtra.searchFanoutRe2,textSize=64,Search_Fanout_CachedRE2/64/threads:1,138.99522917200403,0.007784213485638177,14,156.25504042606943,156.2069477010071,0.0003078782715502888,156.230992212985,0.8896776958474156,-17.23576304098097,primary,true,0.8896776958474156,0.0003078782715502888,,
arm,failed-search/fanout/re2/512,failed-search,re2,io.airlift.slice.re2.BenchmarkRe2SearchExtra.searchFanoutRe2,textSize=512,Search_Fanout_CachedRE2/512/threads:1,257.34123283345286,0.020110659307481304,14,959.6804713042999,959.8492883075171,0.0001759095951882557,959.7648760941686,0.2681294546646897,-702.4236432607157,primary,true,0.2681294546646897,0.0001759095951882557,,
arm,failed-search/fanout/re2/4096,failed-search,re2,io.airlift.slice.re2.BenchmarkRe2SearchExtra.searchFanoutRe2,textSize=4096,Search_Fanout_CachedRE2/4096/threads:1,1958.2423980822211,0.012649041664655412,14,7374.897624315292,7384.534842015794,0.0013067595228343366,7379.714660002498,0.26535475804989433,-5421.472261920277,primary,true,0.26535475804989433,0.0013067595228343366,,
arm,failed-search/fanout/re2/32768,failed-search,re2,io.airlift.slice.re2.BenchmarkRe2SearchExtra.searchFanoutRe2,textSize=32768,Search_Fanout_CachedRE2/32768/threads:1,15317.789998429715,0.03137245539785281,14,58845.523319331835,58856.48673670642,0.00018630843530939367,58851.004772720764,0.2602808576945483,-43533.214774291046,primary,true,0.2602808576945483,0.00018630843530939367,,
arm,failed-search/fanout/re2/262144,failed-search,re2,io.airlift.slice.re2.BenchmarkRe2SearchExtra.searchFanoutRe2,textSize=262144,Search_Fanout_CachedRE2/262144/threads:1,120335.84115370925,0.010757344778266327,14,480923.95415956,475282.2193878973,0.011870283678881393,478094.76496794965,0.2516987216159463,-357758.9238142404,primary,true,0.2516987216159463,0.011870283678881393,,
arm,failed-search/fanout/re2/2097152,failed-search,re2,io.airlift.slice.re2.BenchmarkRe2SearchExtra.searchFanoutRe2,textSize=2097152,Search_Fanout_CachedRE2/2097152/threads:1,968546.37273402,0.013140585444928339,14,3772152.0945948414,3773753.189184267,0.00042445122817819114,3772952.556959257,0.25670780591914,-2804406.184225237,primary,true,0.25670780591914,0.00042445122817819114,,
arm,failed-search/fanout/re2/16777216,failed-search,re2,io.airlift.slice.re2.BenchmarkRe2SearchExtra.searchFanoutRe2,textSize=16777216,Search_Fanout_CachedRE2/16777216/threads:1,7805627.523076924,0.005686319013978105,14,30178517.999994863,30200409.888897818,0.0007254129875747538,30189461.96008345,0.2585547080434072,-22383834.437006526,primary,true,0.2585547080434072,0.0007254129875747538,,
arm,failed-search/big-fixed/dfa/8,failed-search,dfa,io.airlift.slice.re2.BenchmarkRe2SearchExtra.searchBigFixedDfa,textSize=8,Search_BigFixed_CachedDFA/8/threads:1,37.546990982131035,0.002093721636928576,14,54.03321596737713,53.16339376827998,0.01636129933480904,53.59654034581135,0.7005487805719047,-16.049549363680313,primary,true,0.7005487805719047,0.01636129933480904,,
arm,failed-search/big-fixed/dfa/64,failed-search,dfa,io.airlift.slice.re2.BenchmarkRe2SearchExtra.searchBigFixedDfa,textSize=64,Search_BigFixed_CachedDFA/64/threads:1,182.34874345365972,0.0026748766992898804,14,152.3636948128563,151.54266843814307,0.005417790139074628,151.95262710804016,1.2000367938621261,30.39611634561956,primary,true,1.2000367938621261,0.005417790139074628,,
arm,failed-search/big-fixed/dfa/512,failed-search,dfa,io.airlift.slice.re2.BenchmarkRe2SearchExtra.searchBigFixedDfa,textSize=512,Search_BigFixed_CachedDFA/512/threads:1,1409.7974253579919,0.0009418209639253193,14,957.015129533405,956.8266191619077,0.00019701622814631838,956.9208697056633,1.4732643732512885,452.87655565232853,primary,true,1.4732643732512885,0.00019701622814631838,,
arm,failed-search/big-fixed/dfa/4096,failed-search,dfa,io.airlift.slice.re2.BenchmarkRe2SearchExtra.searchBigFixedDfa,textSize=4096,Search_BigFixed_CachedDFA/4096/threads:1,11340.719745246086,0.0011690475285943533,14,8871.583649094857,9023.624848871557,0.017137999909656813,8947.281300194767,1.2675045485603786,2393.438445051319,primary,true,1.2675045485603786,0.017137999909656813,,
arm,failed-search/big-fixed/dfa/32768,failed-search,dfa,io.airlift.slice.re2.BenchmarkRe2SearchExtra.searchBigFixedDfa,textSize=32768,Search_BigFixed_CachedDFA/32768/threads:1,91109.39712600302,0.0012879258848375271,14,74338.51920527348,73102.41483225794,0.016909213954859392,73717.8761831869,1.2359199944881574,17391.520942816118,primary,true,1.2359199944881574,0.016909213954859392,,
arm,failed-search/big-fixed/dfa/262144,failed-search,dfa,io.airlift.slice.re2.BenchmarkRe2SearchExtra.searchBigFixedDfa,textSize=262144,Search_BigFixed_CachedDFA/262144/threads:1,752268.5420363974,0.0034547401539522,14,572191.0763052886,564013.046277612,0.014499717837468801,568087.3453966487,1.3242128136319424,184181.19663974864,primary,true,1.3242128136319424,0.014499717837468801,,
arm,failed-search/big-fixed/dfa/1048576,failed-search,dfa,io.airlift.slice.re2.BenchmarkRe2SearchExtra.searchBigFixedDfa,textSize=1048576,Search_BigFixed_CachedDFA/1048576/threads:1,2755351.4642857146,0.0015033149635240261,14,3268695.6265065586,3294623.411763014,0.007932150380170358,3281633.912705054,0.8396279224255321,-526282.4484193395,primary,true,0.8396279224255321,0.007932150380170358,,
arm,failed-search/big-fixed/re2/8,failed-search,re2,io.airlift.slice.re2.BenchmarkRe2SearchExtra.searchBigFixedRe2,textSize=8,Search_BigFixed_CachedRE2/8/threads:1,20.144924609532353,0.0012814786088906041,14,29.63464063873281,29.57028148259699,0.002176481010967022,29.60244357013348,0.6805155987141881,-9.457518960601128,primary,true,0.6805155987141881,0.002176481010967022,,
arm,failed-search/big-fixed/re2/64,failed-search,re2,io.airlift.slice.re2.BenchmarkRe2SearchExtra.searchBigFixedRe2,textSize=64,Search_BigFixed_CachedRE2/64/threads:1,84.97467554415215,0.0013347908779432441,14,106.74795488988525,106.80899651440488,0.0005718294517454575,106.77847134021728,0.7958034468709152,-21.80379579606513,primary,true,0.7958034468709152,0.0005718294517454575,,
arm,failed-search/big-fixed/re2/512,failed-search,re2,io.airlift.slice.re2.BenchmarkRe2SearchExtra.searchBigFixedRe2,textSize=512,Search_BigFixed_CachedRE2/512/threads:1,327.26925859909306,0.0015164465308847269,14,510.01834643500825,509.6683466433762,0.0006867206761752442,509.843316505492,0.6419016352753695,-182.57405790639893,primary,true,0.6419016352753695,0.0006867206761752442,,
arm,failed-search/big-fixed/re2/4096,failed-search,re2,io.airlift.slice.re2.BenchmarkRe2SearchExtra.searchBigFixedRe2,textSize=4096,Search_BigFixed_CachedRE2/4096/threads:1,2353.0479165512497,0.002167373213481167,14,3764.4756320609363,3762.32542633478,0.0005715097665677234,3763.40037563379,0.6252451723675495,-1410.3524590825405,primary,true,0.6252451723675495,0.0005715097665677234,,
arm,failed-search/big-fixed/re2/32768,failed-search,re2,io.airlift.slice.re2.BenchmarkRe2SearchExtra.searchBigFixedRe2,textSize=32768,Search_BigFixed_CachedRE2/32768/threads:1,18691.507813745608,0.0054573769448041255,14,30000.33651372599,29996.897235320626,0.00011465447170695277,29998.61682523505,0.6230789880292806,-11307.109011489443,primary,true,0.6230789880292806,0.00011465447170695277,,
arm,failed-search/big-fixed/re2/262144,failed-search,re2,io.airlift.slice.re2.BenchmarkRe2SearchExtra.searchBigFixedRe2,textSize=262144,Search_BigFixed_CachedRE2/262144/threads:1,149740.94476047903,0.0020080542056645765,14,240537.99914085274,240553.52921011235,6.456389142287882e-05,240545.76405015137,0.6225050162565305,-90804.81928967233,primary,true,0.6225050162565305,6.456389142287882e-05,,
arm,failed-search/big-fixed/re2/1048576,failed-search,re2,io.airlift.slice.re2.BenchmarkRe2SearchExtra.searchBigFixedRe2,textSize=1048576,Search_BigFixed_CachedRE2/1048576/threads:1,625174.2547717066,0.04415673577300863,14,960370.9106527729,960193.6472597728,0.00018461212850761583,960282.2748660288,0.6510317550731904,-335108.02009432216,primary,true,0.6510317550731904,0.00018461212850761583,,
arm,successful-search/success/dfa/8,successful-search,dfa,io.airlift.slice.re2.BenchmarkRe2SearchExtra.searchSuccessDfa,textSize=8,Search_Success_CachedDFA/8/threads:1,36.49163267047713,0.0006934733507754471,14,53.99301552068122,53.981773817649504,0.00020824997469866708,53.98739437656028,0.6759287624801672,-17.49576170608315,primary,true,0.6759287624801672,0.00020824997469866708,,
arm,successful-search/success/dfa/64,successful-search,dfa,io.airlift.slice.re2.BenchmarkRe2SearchExtra.searchSuccessDfa,textSize=64,Search_Success_CachedDFA/64/threads:1,138.36264924771763,0.0009220403506178188,14,153.81076527647468,153.77866947593904,0.00020871425565731637,153.79471653893785,0.8996580140169307,-15.432067291220221,primary,true,0.8996580140169307,0.00020871425565731637,,
arm,successful-search/success/dfa/512,successful-search,dfa,io.airlift.slice.re2.BenchmarkRe2SearchExtra.searchSuccessDfa,textSize=512,Search_Success_CachedDFA/512/threads:1,597.1577802327031,0.0008377637645106597,14,956.811105643084,956.8098015351252,1.3629751249959889e-06,956.8104535888824,0.6241129347958472,-359.6526733561793,primary,true,0.6241129347958472,1.3629751249959889e-06,,
arm,successful-search/success/dfa/4096,successful-search,dfa,io.airlift.slice.re2.BenchmarkRe2SearchExtra.searchSuccessDfa,textSize=4096,Search_Success_CachedDFA/4096/threads:1,4518.17273893098,0.0009084987324485797,14,7388.347689547522,7388.180868466481,2.2579452778862565e-05,7388.264278536166,0.6115337200452937,-2870.091539605186,primary,true,0.6115337200452937,2.2579452778862565e-05,,
arm,successful-search/success/dfa/32768,successful-search,dfa,io.airlift.slice.re2.BenchmarkRe2SearchExtra.searchSuccessDfa,textSize=32768,Search_Success_CachedDFA/32768/threads:1,36042.483927927926,0.002189300080292064,14,58858.83929322973,58857.069806526924,3.0064131779250786e-05,58857.95454322867,0.6123638547693031,-22815.470615300743,primary,true,0.6123638547693031,3.0064131779250786e-05,,
arm,successful-search/success/dfa/262144,successful-search,dfa,io.airlift.slice.re2.BenchmarkRe2SearchExtra.searchSuccessDfa,textSize=262144,Search_Success_CachedDFA/262144/threads:1,291990.86995056324,0.010008360336271678,14,479688.3519459,478591.20338941115,0.002292454497113165,479139.46363211586,0.6094068473031359,-187148.59368155262,primary,true,0.6094068473031359,0.002292454497113165,,
arm,successful-search/success/dfa/2097152,successful-search,dfa,io.airlift.slice.re2.BenchmarkRe2SearchExtra.searchSuccessDfa,textSize=2097152,Search_Success_CachedDFA/2097152/threads:1,2332745.4796521063,0.011277710986453601,14,3769736.7432441316,3769536.202698136,5.32003236503752e-05,3769636.4716375666,0.6188250504268755,-1436890.9919854603,primary,true,0.6188250504268755,5.32003236503752e-05,,
arm,successful-search/success/dfa/16777216,successful-search,dfa,io.airlift.slice.re2.BenchmarkRe2SearchExtra.searchSuccessDfa,textSize=16777216,Search_Success_CachedDFA/16777216/threads:1,18706014.907407407,0.012013097705062816,14,30158328.999997746,30155488.555566184,9.419328180765552e-05,30156908.744339693,0.6202895351771901,-11450893.836932287,primary,true,0.6202895351771901,9.419328180765552e-05,,
arm,successful-search/success/re2/8,successful-search,re2,io.airlift.slice.re2.BenchmarkRe2SearchExtra.searchSuccessRe2,textSize=8,Search_Success_CachedRE2/8/threads:1,28.845394436177408,0.002672276234219236,14,42.74150021101001,42.736729679234394,0.00011162603716815712,42.73911487856147,0.6749179181211039,-13.893720442384065,primary,true,0.6749179181211039,0.00011162603716815712,,
arm,successful-search/success/re2/64,successful-search,re2,io.airlift.slice.re2.BenchmarkRe2SearchExtra.searchSuccessRe2,textSize=64,Search_Success_CachedRE2/64/threads:1,137.8865631280205,0.0014744694215929192,14,159.1250323917832,159.10903778902193,0.00010052604794512448,159.1170348894284,0.8665732316080355,-21.230471761407898,primary,true,0.8665732316080355,0.00010052604794512448,,
arm,successful-search/success/re2/512,successful-search,re2,io.airlift.slice.re2.BenchmarkRe2SearchExtra.searchSuccessRe2,textSize=512,Search_Success_CachedRE2/512/threads:1,600.9898201188637,0.009389642446552266,14,963.3977477275834,963.4144921357456,1.738057640444908e-05,963.4061198952863,0.6238177313884885,-362.41629977642265,primary,true,0.6238177313884885,1.738057640444908e-05,,
arm,successful-search/success/re2/4096,successful-search,re2,io.airlift.slice.re2.BenchmarkRe2SearchExtra.searchSuccessRe2,textSize=4096,Search_Success_CachedRE2/4096/threads:1,4519.713449448022,0.0008065737386091288,14,7399.43190599661,7399.268237665927,2.211952931374611e-05,7399.35007137874,0.6108257354832588,-2879.6366219307174,primary,true,0.6108257354832588,2.211952931374611e-05,,
arm,successful-search/success/re2/32768,successful-search,re2,io.airlift.slice.re2.BenchmarkRe2SearchExtra.searchSuccessRe2,textSize=32768,Search_Success_CachedRE2/32768/threads:1,36060.432331953474,0.0017989748059936588,14,58991.39275941561,58972.96338376409,0.00031250550411714845,58982.17735179215,0.6113784527972804,-22921.745019838672,primary,true,0.6113784527972804,0.00031250550411714845,,
arm,successful-search/success/re2/262144,successful-search,re2,io.airlift.slice.re2.BenchmarkRe2SearchExtra.searchSuccessRe2,textSize=262144,Search_Success_CachedRE2/262144/threads:1,289051.1790860167,0.0025678653618570785,14,473189.2084745889,472907.41017065354,0.0005958847289655236,473048.2883389594,0.6110394778109822,-183997.10925294267,primary,true,0.6110394778109822,0.0005958847289655236,,
arm,successful-search/success/re2/2097152,successful-search,re2,io.airlift.slice.re2.BenchmarkRe2SearchExtra.searchSuccessRe2,textSize=2097152,Search_Success_CachedRE2/2097152/threads:1,2342358.7578179594,0.011688799656240676,14,3773305.040541603,3773178.6216214905,3.350462111397375e-05,3773241.8305521035,0.6207815091128743,-1430883.072734144,primary,true,0.6207815091128743,3.350462111397375e-05,,
arm,successful-search/success/re2/16777216,successful-search,re2,io.airlift.slice.re2.BenchmarkRe2SearchExtra.searchSuccessRe2,textSize=16777216,Search_Success_CachedRE2/16777216/threads:1,18522157.632275134,0.0034662697824074115,14,30181036.77777617,30176817.55560868,0.0001398166708506254,30178927.09295788,0.6137447356966245,-11656769.460682746,primary,true,0.6137447356966245,0.0001398166708506254,,
arm,successful-search/success/one-pass/8,successful-search,one-pass,io.airlift.slice.re2.BenchmarkRe2SearchExtra.searchSuccessOnePass,textSize=8,Search_Success_CachedOnePass/8/threads:1,23.980903745247033,0.002351538654700529,14,20.660944653872686,20.62031447450827,0.001970395718971484,20.64061956684598,1.161830615964958,3.3402841784010526,primary,true,1.161830615964958,0.001970395718971484,,
arm,successful-search/success/one-pass/64,successful-search,one-pass,io.airlift.slice.re2.BenchmarkRe2SearchExtra.searchSuccessOnePass,textSize=64,Search_Success_CachedOnePass/64/threads:1,224.80362141909146,0.0013781383477792864,14,217.53242946706308,216.222641777972,0.006057588041293267,216.87654684577754,1.036551091801323,7.9270745733139165,primary,true,1.036551091801323,0.006057588041293267,,
arm,successful-search/success/one-pass/512,successful-search,one-pass,io.airlift.slice.re2.BenchmarkRe2SearchExtra.searchSuccessOnePass,textSize=512,Search_Success_CachedOnePass/512/threads:1,1856.9197973469313,0.0010520867280920537,14,1823.4054363823718,1823.4321385356866,1.464411193582356e-05,1823.418787410151,1.0183726361536303,33.50100993678029,primary,true,1.0183726361536303,1.464411193582356e-05,,
arm,successful-search/success/one-pass/4096,successful-search,one-pass,io.airlift.slice.re2.BenchmarkRe2SearchExtra.searchSuccessOnePass,textSize=4096,Search_Success_CachedOnePass/4096/threads:1,14854.02589259902,0.002352085720305297,14,14673.738679247992,14674.684624646183,6.446519315003188e-05,14674.211644324763,1.0122537586776459,179.8142482742569,primary,true,1.0122537586776459,6.446519315003188e-05,,
arm,successful-search/success/one-pass/32768,successful-search,one-pass,io.airlift.slice.re2.BenchmarkRe2SearchExtra.searchSuccessOnePass,textSize=32768,Search_Success_CachedOnePass/32768/threads:1,119577.25247929548,0.009951237885627549,14,117596.67771718562,117644.91981509709,0.00041023351040144623,117620.79629283301,1.016633590726521,1956.4561864624702,primary,true,1.016633590726521,0.00041023351040144623,,
arm,successful-search/success/one-pass/262144,successful-search,one-pass,io.airlift.slice.re2.BenchmarkRe2SearchExtra.searchSuccessOnePass,textSize=262144,Search_Success_CachedOnePass/262144/threads:1,965571.249034749,0.002622830879669751,14,942255.5925923514,940232.1683492943,0.0021520474529279584,941243.3367426066,1.0258465705333275,24327.9122921424,primary,true,1.0258465705333275,0.0021520474529279584,,
arm,successful-search/success/one-pass/2097152,successful-search,one-pass,io.airlift.slice.re2.BenchmarkRe2SearchExtra.searchSuccessOnePass,textSize=2097152,Search_Success_CachedOnePass/2097152/threads:1,7821173.9765625,0.0032351098186048505,14,7523287.0540552605,7522800.270291211,6.470778786614884e-05,7523043.658236026,1.0396289496472733,298130.31832647417,primary,true,1.0396289496472733,6.470778786614884e-05,,
arm,successful-search/success-one-byte/dfa/8,successful-search,dfa,io.airlift.slice.re2.BenchmarkRe2SearchExtra.searchSuccess1Dfa,textSize=8,Search_Success1_CachedDFA/8/threads:1,36.75181967421014,0.0018700787584428583,14,54.22225340941726,55.2490407968494,0.018936641745210193,54.73323935885762,0.6714716706834656,-17.981419684647477,primary,true,0.6714716706834656,0.018936641745210193,,
arm,successful-search/success-one-byte/dfa/64,successful-search,dfa,io.airlift.slice.re2.BenchmarkRe2SearchExtra.searchSuccess1Dfa,textSize=64,Search_Success1_CachedDFA/64/threads:1,138.39915707330533,0.002557655870778928,14,153.9534788084738,153.94411254281837,6.0841986748994494e-05,153.94879560441547,0.8989947373731572,-15.549638531110133,primary,true,0.8989947373731572,6.0841986748994494e-05,,
arm,successful-search/success-one-byte/dfa/512,successful-search,dfa,io.airlift.slice.re2.BenchmarkRe2SearchExtra.searchSuccess1Dfa,textSize=512,Search_Success1_CachedDFA/512/threads:1,597.7632397124064,0.0020480469193664952,14,958.0889857196693,958.0542118580952,3.6296340169142264e-05,958.0715986311146,0.6239233482826189,-360.3083589187082,primary,true,0.6239233482826189,3.6296340169142264e-05,,
arm,successful-search/success-one-byte/dfa/4096,successful-search,dfa,io.airlift.slice.re2.BenchmarkRe2SearchExtra.searchSuccess1Dfa,textSize=4096,Search_Success1_CachedDFA/4096/threads:1,4638.744094390384,0.013095486716403138,14,7393.669869247479,7393.572313713272,1.3194641246223675e-05,7393.621091319475,0.6273981364607024,-2754.8769969290915,primary,true,0.6273981364607024,1.3194641246223675e-05,,
arm,successful-search/success-one-byte/dfa/32768,successful-search,dfa,io.airlift.slice.re2.BenchmarkRe2SearchExtra.searchSuccess1Dfa,textSize=32768,Search_Success1_CachedDFA/32768/threads:1,36590.92081432397,0.001811142928278933,14,58972.10282342043,58856.583683712364,0.001962722476874436,58914.31493984407,0.6210870966026854,-22323.394125520106,primary,true,0.6210870966026854,0.001962722476874436,,
arm,successful-search/success-one-byte/dfa/262144,successful-search,dfa,io.airlift.slice.re2.BenchmarkRe2SearchExtra.searchSuccess1Dfa,textSize=262144,Search_Success1_CachedDFA/262144/threads:1,292741.25943208777,0.0022517214761861907,14,471724.25506768085,472329.47208197525,0.0012829889661017642,472026.7665761982,0.6201793630379459,-179285.50714411045,primary,true,0.6201793630379459,0.0012829889661017642,,
arm,successful-search/success-one-byte/dfa/2097152,successful-search,dfa,io.airlift.slice.re2.BenchmarkRe2SearchExtra.searchSuccess1Dfa,textSize=2097152,Search_Success1_CachedDFA/2097152/threads:1,2340219.1612149533,0.0006083600792531547,14,3772880.2027028934,3773944.3378455155,0.00028204848430111903,3773412.2327622813,0.6201864564110515,-1433193.071547328,primary,true,0.6201864564110515,0.00028204848430111903,,
arm,successful-search/success-one-byte/dfa/16777216,successful-search,dfa,io.airlift.slice.re2.BenchmarkRe2SearchExtra.searchSuccess1Dfa,textSize=16777216,Search_Success1_CachedDFA/16777216/threads:1,18725489.037037037,0.0015289945565172046,14,30186186.44445168,30181059.500023365,0.00016987291080054875,30183622.863380644,0.6203857344028494,-11458133.826343607,primary,true,0.6203857344028494,0.00016987291080054875,,
arm,successful-search/success-one-byte/re2/8,successful-search,re2,io.airlift.slice.re2.BenchmarkRe2SearchExtra.searchSuccess1Re2,textSize=8,Search_Success1_CachedRE2/8/threads:1,38.253491587148154,0.004565286419757517,14,58.63361736286953,58.427663024099026,0.003524945686866778,58.53054960584005,0.6535645375749437,-20.277058018691896,primary,true,0.6535645375749437,0.003524945686866778,,
arm,successful-search/success-one-byte/re2/64,successful-search,re2,io.airlift.slice.re2.BenchmarkRe2SearchExtra.searchSuccess1Re2,textSize=64,Search_Success1_CachedRE2/64/threads:1,138.3264498249876,0.0006462528918896384,14,159.3192593551313,159.3365003125093,0.00010821640426762213,159.3278796006136,0.8681873515905052,-21.001429775626008,primary,true,0.8681873515905052,0.00010821640426762213,,
arm,successful-search/success-one-byte/re2/512,successful-search,re2,io.airlift.slice.re2.BenchmarkRe2SearchExtra.searchSuccess1Re2,textSize=512,Search_Success1_CachedRE2/512/threads:1,599.6951557119455,0.0038205735439154217,14,963.1952224592372,963.3554459311044,0.00016634579172653517,963.2753308638854,0.6225584072355786,-363.5801751519399,primary,true,0.6225584072355786,0.00016634579172653517,,
arm,successful-search/success-one-byte/re2/4096,successful-search,re2,io.airlift.slice.re2.BenchmarkRe2SearchExtra.searchSuccess1Re2,textSize=4096,Search_Success1_CachedRE2/4096/threads:1,4530.739475343236,0.0008343920797856286,14,7415.377023984057,7398.970249891207,0.0022174402029919767,7407.169094342645,0.6116695079640706,-2876.4296189994084,primary,true,0.6116695079640706,0.0022174402029919767,,
arm,successful-search/success-one-byte/re2/32768,successful-search,re2,io.airlift.slice.re2.BenchmarkRe2SearchExtra.searchSuccess1Re2,textSize=32768,Search_Success1_CachedRE2/32768/threads:1,36165.247636843145,0.0015848087096028253,14,58977.48767642842,58928.17487372006,0.0008368289500571368,58952.8261189338,0.6134607959910509,-22787.578482090656,primary,true,0.6134607959910509,0.0008368289500571368,,
arm,successful-search/success-one-byte/re2/262144,successful-search,re2,io.airlift.slice.re2.BenchmarkRe2SearchExtra.searchSuccess1Re2,textSize=262144,Search_Success1_CachedRE2/262144/threads:1,289595.128836132,0.0008513974463686651,14,473256.1341256962,474503.2665534463,0.0026352166148972947,473879.2900719536,0.611115815574384,-184284.1612358216,primary,true,0.611115815574384,0.0026352166148972947,,
arm,successful-search/success-one-byte/re2/2097152,successful-search,re2,io.airlift.slice.re2.BenchmarkRe2SearchExtra.searchSuccess1Re2,textSize=2097152,Search_Success1_CachedRE2/2097152/threads:1,2315177.69124424,0.002686917241768537,14,3773088.52702717,3773209.7162252353,3.211936247903753e-05,3773149.1211396456,0.6135929476715093,-1457971.4298954057,primary,true,0.6135929476715093,3.211936247903753e-05,,
arm,successful-search/success-one-byte/re2/16777216,successful-search,re2,io.airlift.slice.re2.BenchmarkRe2SearchExtra.searchSuccess1Re2,textSize=16777216,Search_Success1_CachedRE2/16777216/threads:1,18526972.35185185,0.002892024536140697,14,30180613.222215574,30183077.77781754,8.16602228662308e-05,30181845.474860564,0.6138449143967544,-11654873.123008713,primary,true,0.6138449143967544,8.16602228662308e-05,,
arm,successful-search/success-one-byte/bit-state/8,successful-search,bit-state,io.airlift.slice.re2.BenchmarkRe2SearchExtra.searchSuccess1BitState,textSize=8,Search_Success1_CachedBitState/8/threads:1,158.6078383433161,0.005026528288355163,14,136.35969543887597,136.43396419256078,0.0005446532675639235,136.39682476075495,1.1628411337398805,22.21101358256115,primary,true,1.1628411337398805,0.0005446532675639235,,
arm,successful-search/success-one-byte/bit-state/64,successful-search,bit-state,io.airlift.slice.re2.BenchmarkRe2SearchExtra.searchSuccess1BitState,textSize=64,Search_Success1_CachedBitState/64/threads:1,502.29468338101555,0.004625043776111991,14,641.1551509064352,639.5628089384683,0.0024897350904594935,640.3584849746954,0.78439607683322,-138.0638015936799,primary,true,0.78439607683322,0.0024897350904594935,,
arm,successful-search/success-one-byte/bit-state/512,successful-search,bit-state,io.airlift.slice.re2.BenchmarkRe2SearchExtra.searchSuccess1BitState,textSize=512,Search_Success1_CachedBitState/512/threads:1,3156.7555171620825,0.0030831369901151164,14,4597.396799257913,4574.336190889725,0.005041301602211798,4585.851999653505,0.6883683811428277,-1429.0964824914226,primary,true,0.6883683811428277,0.005041301602211798,,
arm,successful-search/success-one-byte/bit-state/4096,successful-search,bit-state,io.airlift.slice.re2.BenchmarkRe2SearchExtra.searchSuccess1BitState,textSize=4096,Search_Success1_CachedBitState/4096/threads:1,28576.611284303835,0.003890176108663936,14,25314.07613523827,25051.81348955647,0.010468808806641128,25182.603399974785,1.134775893914624,3394.0078843290503,primary,true,1.134775893914624,0.010468808806641128,,
arm,successful-search/success-one-byte/bit-state/32768,successful-search,bit-state,io.airlift.slice.re2.BenchmarkRe2SearchExtra.searchSuccess1BitState,textSize=32768,Search_Success1_CachedBitState/32768/threads:1,206851.02351733658,0.0064491942238040076,14,203072.14027478968,199940.14051351798,0.015664687207019058,201500.05523801298,1.0265556665629842,5350.968279323599,primary,true,1.0265556665629842,0.015664687207019058,,
arm,successful-search/success-one-byte/bit-state/262144,successful-search,bit-state,io.airlift.slice.re2.BenchmarkRe2SearchExtra.searchSuccess1BitState,textSize=262144,Search_Success1_CachedBitState/262144/threads:1,1691940.6097972973,0.0024767448268366347,14,1619489.277456623,1599332.937143377,0.01260296705278135,1609379.552121533,1.0512999295703302,82561.0576757642,primary,true,1.0512999295703302,0.01260296705278135,,
arm,successful-search/success-one-byte/bit-state/2097152,successful-search,bit-state,io.airlift.slice.re2.BenchmarkRe2SearchExtra.searchSuccess1BitState,textSize=2097152,Search_Success1_CachedBitState/2097152/threads:1,13937278.263888888,0.0050268248845467475,14,12967263.727272313,12790504.590942543,0.013819559273286227,12878580.909232166,1.0822060568721343,1058697.3546567224,primary,true,1.0822060568721343,0.013819559273286227,,
arm,successful-search/alternate-match/dfa/8,successful-search,dfa,io.airlift.slice.re2.BenchmarkRe2SearchExtra.searchAltMatchDfa,textSize=8,Search_AltMatch_CachedDFA/8/threads:1,27.491505769439307,0.0016300204203411146,14,35.15366295994362,35.40307013669819,0.007094770665542428,35.27814614365008,0.7792786405922767,-7.786640374210776,primary,true,0.7792786405922767,0.007094770665542428,,
arm,successful-search/alternate-match/dfa/64,successful-search,dfa,io.airlift.slice.re2.BenchmarkRe2SearchExtra.searchAltMatchDfa,textSize=64,Search_AltMatch_CachedDFA/64/threads:1,27.405488246553322,0.002032535488625898,14,35.216122212162546,35.48344163535553,0.0075908250653634775,35.349529235038155,0.7752716610265132,-7.944040988484833,primary,true,0.7752716610265132,0.0075908250653634775,,
arm,successful-search/alternate-match/dfa/512,successful-search,dfa,io.airlift.slice.re2.BenchmarkRe2SearchExtra.searchAltMatchDfa,textSize=512,Search_AltMatch_CachedDFA/512/threads:1,27.796930786531604,0.003217318385334456,14,35.24053167103017,35.48699020070449,0.006993609857393968,35.363546231641756,0.7860334652088745,-7.566615445110152,primary,true,0.7860334652088745,0.006993609857393968,,
arm,successful-search/alternate-match/dfa/4096,successful-search,dfa,io.airlift.slice.re2.BenchmarkRe2SearchExtra.searchAltMatchDfa,textSize=4096,Search_AltMatch_CachedDFA/4096/threads:1,27.806279855276266,0.0036204766297447616,14,35.21877199558129,35.42623800307265,0.005890779142367169,35.32235268058192,0.787214829848026,-7.516072825305656,primary,true,0.787214829848026,0.005890779142367169,,
arm,successful-search/alternate-match/dfa/32768,successful-search,dfa,io.airlift.slice.re2.BenchmarkRe2SearchExtra.searchAltMatchDfa,textSize=32768,Search_AltMatch_CachedDFA/32768/threads:1,27.82165319337558,0.004263365404505803,14,35.2186155606695,35.442360339001,0.006353025942943885,35.33031082996576,0.7874726414741408,-7.508657636590179,primary,true,0.7874726414741408,0.006353025942943885,,
arm,successful-search/alternate-match/dfa/262144,successful-search,dfa,io.airlift.slice.re2.BenchmarkRe2SearchExtra.searchAltMatchDfa,textSize=262144,Search_AltMatch_CachedDFA/262144/threads:1,27.744843942911082,0.0029938708859529933,14,35.17354902314388,35.429740926471105,0.007283652359295775,35.30141256882674,0.7859414659064221,-7.556568625915659,primary,true,0.7859414659064221,0.007283652359295775,,
arm,successful-search/alternate-match/dfa/2097152,successful-search,dfa,io.airlift.slice.re2.BenchmarkRe2SearchExtra.searchAltMatchDfa,textSize=2097152,Search_AltMatch_CachedDFA/2097152/threads:1,27.846586888784053,0.004133834243427274,14,35.243313083610204,35.40565937419113,0.00460644236811057,35.324392963733665,0.7883104153374464,-7.477806074949612,primary,true,0.7883104153374464,0.00460644236811057,,
arm,successful-search/alternate-match/dfa/16777216,successful-search,dfa,io.airlift.slice.re2.BenchmarkRe2SearchExtra.searchAltMatchDfa,textSize=16777216,Search_AltMatch_CachedDFA/16777216/threads:1,27.73752037273769,0.004273323765405408,14,35.07860826184942,35.37391034793911,0.00841829538633248,35.22594986349037,0.7874172443958992,-7.488429490752679,primary,true,0.7874172443958992,0.00841829538633248,,
arm,successful-search/alternate-match/re2/8,successful-search,re2,io.airlift.slice.re2.BenchmarkRe2SearchExtra.searchAltMatchRe2,textSize=8,Search_AltMatch_CachedRE2/8/threads:1,7.160855934328137,0.0002840929028323425,14,43.07700724752114,43.0093542821581,0.0015729825869788335,43.043167473174286,0.16636452089152093,-35.882311538846146,primary,true,0.16636452089152093,0.0015729825869788335,,
arm,successful-search/alternate-match/re2/64,successful-search,re2,io.airlift.slice.re2.BenchmarkRe2SearchExtra.searchAltMatchRe2,textSize=64,Search_AltMatch_CachedRE2/64/threads:1,31.73913807038459,0.0007515303188221148,14,43.24676357513916,43.369451359029014,0.0028369240550610818,43.30806402169723,0.732869011519041,-11.568925951312636,primary,true,0.732869011519041,0.0028369240550610818,,
arm,successful-search/alternate-match/re2/512,successful-search,re2,io.airlift.slice.re2.BenchmarkRe2SearchExtra.searchAltMatchRe2,textSize=512,Search_AltMatch_CachedRE2/512/threads:1,31.24309086959527,0.0034093612591276187,14,43.2806153880536,43.31188294283389,0.000722437851216946,43.296246342855085,0.7216119989291203,-12.053155473259814,primary,true,0.7216119989291203,0.000722437851216946,,
arm,successful-search/alternate-match/re2/4096,successful-search,re2,io.airlift.slice.re2.BenchmarkRe2SearchExtra.searchAltMatchRe2,textSize=4096,Search_AltMatch_CachedRE2/4096/threads:1,31.378925247516044,0.0042517591589540426,14,43.205969938382346,43.32951813371456,0.0028595167637344766,43.267699938058456,0.7252274859176188,-11.888774690542412,primary,true,0.7252274859176188,0.0028595167637344766,,
arm,successful-search/alternate-match/re2/32768,successful-search,re2,io.airlift.slice.re2.BenchmarkRe2SearchExtra.searchAltMatchRe2,textSize=32768,Search_AltMatch_CachedRE2/32768/threads:1,30.927143168262006,0.002036527159515117,14,43.207627331338585,43.23452913678962,0.0006226170496411559,43.221076141025286,0.7155569904680387,-12.29393297276328,primary,true,0.7155569904680387,0.0006226170496411559,,
arm,successful-search/alternate-match/re2/262144,successful-search,re2,io.airlift.slice.re2.BenchmarkRe2SearchExtra.searchAltMatchRe2,textSize=262144,Search_AltMatch_CachedRE2/262144/threads:1,30.8034164964699,0.0031390538013549457,14,43.27114447719843,43.36384617971567,0.0021423445956251005,43.317470530139296,0.7111083846652032,-12.514054033669396,primary,true,0.7111083846652032,0.0021423445956251005,,
arm,successful-search/alternate-match/re2/2097152,successful-search,re2,io.airlift.slice.re2.BenchmarkRe2SearchExtra.searchAltMatchRe2,textSize=2097152,Search_AltMatch_CachedRE2/2097152/threads:1,30.74177624575175,0.0011720197180610243,14,43.17994485213538,43.30333104390893,0.0028574884056956694,43.24159393905074,0.7109306906929114,-12.499817693298986,primary,true,0.7109306906929114,0.0028574884056956694,,
arm,successful-search/alternate-match/re2/16777216,successful-search,re2,io.airlift.slice.re2.BenchmarkRe2SearchExtra.searchAltMatchRe2,textSize=16777216,Search_AltMatch_CachedRE2/16777216/threads:1,30.729968188659996,0.0008943834606797899,14,43.228223007027154,43.36823605565799,0.0032389267680069515,43.29817293645748,0.7097289817230386,-12.568204747797488,primary,true,0.7097289817230386,0.0032389267680069515,,
arm,successful-search/alternate-match/one-pass/8,successful-search,one-pass,io.airlift.slice.re2.BenchmarkRe2SearchExtra.searchAltMatchOnePass,textSize=8,Search_AltMatch_CachedOnePass/8/threads:1,3.10160686076045,0.003539431163207607,14,25.503330136500033,25.204923801374612,0.011839207984796462,25.353687952086656,0.12233355820351895,-22.252081091326204,primary,true,0.12233355820351895,0.011839207984796462,,
arm,successful-search/alternate-match/one-pass/64,successful-search,one-pass,io.airlift.slice.re2.BenchmarkRe2SearchExtra.searchAltMatchOnePass,textSize=64,Search_AltMatch_CachedOnePass/64/threads:1,3.0875989471399197,0.0049250764412968155,14,226.18768142852264,226.31122502174512,0.0005461994766568213,226.24944479250593,0.013646879664043226,-223.161845845366,primary,true,0.013646879664043226,0.0005461994766568213,,
arm,successful-search/alternate-match/one-pass/512,successful-search,one-pass,io.airlift.slice.re2.BenchmarkRe2SearchExtra.searchAltMatchOnePass,textSize=512,Search_AltMatch_CachedOnePass/512/threads:1,3.1018411384046436,0.0046252661472959075,14,1835.049287558717,1836.3276384478704,0.0006966302746309967,1835.6883517248089,0.001689742779862475,-1832.5865105864043,primary,true,0.001689742779862475,0.0006966302746309967,,
arm,successful-search/alternate-match/one-pass/4096,successful-search,one-pass,io.airlift.slice.re2.BenchmarkRe2SearchExtra.searchAltMatchOnePass,textSize=4096,Search_AltMatch_CachedOnePass/4096/threads:1,3.074287624584617,0.00486288295863879,14,14685.415263572915,14684.751010801858,4.5234186849252665e-05,14685.083133431604,0.0002093476486752594,-14682.00884580702,primary,true,0.0002093476486752594,4.5234186849252665e-05,,
arm,successful-search/alternate-match/one-pass/32768,successful-search,one-pass,io.airlift.slice.re2.BenchmarkRe2SearchExtra.searchAltMatchOnePass,textSize=32768,Search_AltMatch_CachedOnePass/32768/threads:1,3.110145624050406,0.014422604652093862,14,117673.90920552771,117704.5462184139,0.0002603551891241994,117689.22671503742,2.642676573600951e-05,-117686.11656941337,primary,true,2.642676573600951e-05,0.0002603551891241994,,
arm,successful-search/alternate-match/one-pass/262144,successful-search,one-pass,io.airlift.slice.re2.BenchmarkRe2SearchExtra.searchAltMatchOnePass,textSize=262144,Search_AltMatch_CachedOnePass/262144/threads:1,3.102767607893842,0.005231325232357354,14,942546.5589224327,944662.5993279623,0.0022450248059350158,943603.9859704344,3.288209518003308e-06,-943600.8832028265,primary,true,3.288209518003308e-06,0.0022450248059350158,,
arm,successful-search/alternate-match/one-pass/2097152,successful-search,one-pass,io.airlift.slice.re2.BenchmarkRe2SearchExtra.searchAltMatchOnePass,textSize=2097152,Search_AltMatch_CachedOnePass/2097152/threads:1,3.0815482938282575,0.004346981222460594,14,7553198.864865703,7550284.108121462,0.00038604596893316277,7551741.345866963,4.0805797665657286e-07,-7551738.264318669,primary,true,4.0805797665657286e-07,0.00038604596893316277,,
arm,successful-search/alternate-match/one-pass/16777216,successful-search,one-pass,io.airlift.slice.re2.BenchmarkRe2SearchExtra.searchAltMatchOnePass,textSize=16777216,Search_AltMatch_CachedOnePass/16777216/threads:1,3.0584406176237167,0.004367826049310124,14,60433211.40000443,60453549.999920145,0.0003365467338992278,60443379.844495066,5.060009260720166e-08,-60443376.78605445,primary,true,5.060009260720166e-08,0.0003365467338992278,,
arm,successful-search/alternate-match/bit-state/8,successful-search,bit-state,io.airlift.slice.re2.BenchmarkRe2SearchExtra.searchAltMatchBitState,textSize=8,Search_AltMatch_CachedBitState/8/threads:1,102.8600766995397,0.003903647059233134,14,61.74804690472392,61.72521246584439,0.00036993698307905015,61.736628629566496,1.6661110103164694,41.12344806997321,primary,true,1.6661110103164694,0.00036993698307905015,,
arm,successful-search/alternate-match/bit-state/64,successful-search,bit-state,io.airlift.slice.re2.BenchmarkRe2SearchExtra.searchAltMatchBitState,textSize=64,Search_AltMatch_CachedBitState/64/threads:1,101.00553640312899,0.007662251789831955,14,61.37436404395304,62.00725942705783,0.010312047920391478,61.690000108964874,1.6373080924739813,39.31553629416411,primary,true,1.6373080924739813,0.010312047920391478,,
arm,successful-search/alternate-match/bit-state/512,successful-search,bit-state,io.airlift.slice.re2.BenchmarkRe2SearchExtra.searchAltMatchBitState,textSize=512,Search_AltMatch_CachedBitState/512/threads:1,130.69448227310386,0.005562800110070621,14,58.982229003517375,59.02321570793843,0.0006948992113981863,59.00271879676078,2.2150586437091255,71.69176347634308,primary,true,2.2150586437091255,0.0006948992113981863,,
arm,successful-search/alternate-match/bit-state/4096,successful-search,bit-state,io.airlift.slice.re2.BenchmarkRe2SearchExtra.searchAltMatchBitState,textSize=4096,Search_AltMatch_CachedBitState/4096/threads:1,263.583994566405,0.005484667531097805,14,95.52636225109441,95.5945706704084,0.0007140271827236735,95.5604603750907,2.758295570487982,168.0235341913143,primary,true,2.758295570487982,0.0007140271827236735,,
arm,successful-search/alternate-match/bit-state/32768,successful-search,bit-state,io.airlift.slice.re2.BenchmarkRe2SearchExtra.searchAltMatchBitState,textSize=32768,Search_AltMatch_CachedBitState/32768/threads:1,523.1889860922622,0.0028908738165949015,14,160.14311877517986,160.58179531631248,0.0027392781187711678,160.3623070439929,3.2625433977370597,362.8266790482693,primary,true,3.2625433977370597,0.0027392781187711678,,
arm,successful-search/alternate-match/bit-state/262144,successful-search,bit-state,io.airlift.slice.re2.BenchmarkRe2SearchExtra.searchAltMatchBitState,textSize=262144,Search_AltMatch_CachedBitState/262144/threads:1,1940.910086463637,0.008001993783230665,14,716.4138443714476,727.9356133786146,0.016082560516785836,722.1517508359728,2.687676217937314,1218.758335627664,primary,true,2.687676217937314,0.016082560516785836,,
arm,successful-search/alternate-match/bit-state/2097152,successful-search,bit-state,io.airlift.slice.re2.BenchmarkRe2SearchExtra.searchAltMatchBitState,textSize=2097152,Search_AltMatch_CachedBitState/2097152/threads:1,12566.628594648519,0.0053243596556758225,14,4829.964454933486,4839.224313283543,0.0019171690467821864,4834.592167143928,2.599315135628565,7732.03642750459,primary,true,2.599315135628565,0.0019171690467821864,,
arm,successful-search/alternate-match/bit-state/16777216,successful-search,bit-state,io.airlift.slice.re2.BenchmarkRe2SearchExtra.searchAltMatchBitState,textSize=16777216,Search_AltMatch_CachedBitState/16777216/threads:1,97028.69564545437,0.007517936159368187,14,69978.88018197805,70202.0940997197,0.0031897326330628975,70090.39828341849,1.384336485763825,26938.297362035883,primary,true,1.384336485763825,0.0031897326330628975,,
arm,capture/digits/nfa,capture,nfa,io.airlift.slice.re2.BenchmarkRe2Parse.parse3DigitsNfa,,Parse_CachedDigits_NFA/threads:1,666.5672801769558,0.0029493192396404127,14,487.3468676685945,485.3955815516359,0.004019991510266725,486.37024605681376,1.3704935398106013,180.19703412014206,primary,true,1.3704935398106013,0.004019991510266725,,
arm,capture/digits/one-pass,capture,one-pass,io.airlift.slice.re2.BenchmarkRe2Parse.parse3DigitsOnePass,,Parse_CachedDigits_OnePass/threads:1,51.79838444123652,0.0025250797413567203,14,44.50180748758867,43.6799408241425,0.018815654232569742,44.08895913519908,1.1748606784387092,7.7094253060374385,primary,true,1.1748606784387092,0.018815654232569742,,
arm,capture/digits/bit-state,capture,bit-state,io.airlift.slice.re2.BenchmarkRe2Parse.parse3DigitsBitState,,Parse_CachedDigits_BitState/threads:1,299.6145935000084,0.055437395455836404,14,205.66644037583524,205.6920071771267,0.00012431197449977907,205.67922337922323,1.4567081136221078,93.9353701207852,primary,true,1.4567081136221078,0.00012431197449977907,,
arm,capture/digits/backtrack,capture,backtrack,io.airlift.slice.re2.BenchmarkRe2Parse.parse3DigitsBacktrack,,Parse_CachedDigits_Backtrack/threads:1,444.21463142733865,0.0030284265739339415,14,207.51516449414225,207.48456552403005,0.0001474758859047028,207.49986444505146,2.1407948030008095,236.7147669822872,primary,true,2.1407948030008095,0.0001474758859047028,,
arm,capture/digits/re2,capture,re2,io.airlift.slice.re2.BenchmarkRe2Parse.parse3DigitsRe2,,Parse_CachedDigits_RE2/threads:1,62.14016536587083,0.006316504791853379,14,69.51050231728178,69.68216714483036,0.002469624327630601,69.59628180293791,0.8928661669285853,-7.456116437067081,primary,true,0.8928661669285853,0.002469624327630601,,
arm,capture/digit-classes/nfa,capture,nfa,io.airlift.slice.re2.BenchmarkRe2Parse.parse3DigitDsNfa,,Parse_CachedDigitDs_NFA/threads:1,665.3970037645001,0.002585337897682091,14,485.40635069601296,485.11231104883507,0.000606126953451603,485.25930860100374,1.371219453126682,180.1376951634964,primary,true,1.371219453126682,0.000606126953451603,,
arm,capture/digit-classes/one-pass,capture,one-pass,io.airlift.slice.re2.BenchmarkRe2Parse.parse3DigitDsOnePass,,Parse_CachedDigitDs_OnePass/threads:1,51.97159733285879,0.0014589227512302946,14,43.76476989175882,43.699667742258995,0.0014897630316961417,43.73220670268401,1.188405553970573,8.239390630174782,primary,true,1.188405553970573,0.0014897630316961417,,
arm,capture/digit-classes/bit-state,capture,bit-state,io.airlift.slice.re2.BenchmarkRe2Parse.parse3DigitDsBitState,,Parse_CachedDigitDs_BitState/threads:1,298.0483028149804,0.061432474973758665,14,205.93243200544197,206.0279252693927,0.0004637116311442377,205.9801731035332,1.4469756886026617,92.0681297114472,primary,true,1.4469756886026617,0.0004637116311442377,,
arm,capture/digit-classes/backtrack,capture,backtrack,io.airlift.slice.re2.BenchmarkRe2Parse.parse3DigitDsBacktrack,,Parse_CachedDigitDs_Backtrack/threads:1,445.9067305067376,0.0066851706829475725,14,207.07778322215705,207.09380656714356,7.737838766275245e-05,207.08579473967373,2.153246344430743,238.82093576706384,primary,true,2.153246344430743,7.737838766275245e-05,,
arm,capture/digit-classes/re2,capture,re2,io.airlift.slice.re2.BenchmarkRe2Parse.parse3DigitDsRe2,,Parse_CachedDigitDs_RE2/threads:1,61.677837692748824,0.001133016343376633,14,69.48369352057678,69.65603604542255,0.0024803305079736035,69.56981141586047,0.8865603691817333,-7.891973723111647,primary,true,0.8865603691817333,0.0024803305079736035,,
arm,capture/split/nfa,capture,nfa,io.airlift.slice.re2.BenchmarkRe2Parse.parse1SplitNfa,,Parse_CachedSplit_NFA/threads:1,658.6655602490396,0.003234652772744078,14,526.0948735469308,525.5015865014198,0.0011289919207683123,525.7981463443704,1.2526966190893492,132.8674139046692,primary,true,1.2526966190893492,0.0011289919207683123,,
arm,capture/split/one-pass,capture,one-pass,io.airlift.slice.re2.BenchmarkRe2Parse.parse1SplitOnePass,,Parse_CachedSplit_OnePass/threads:1,47.526138774160344,0.0023887529430233877,14,35.9587853642482,35.96106086496431,6.328080031234574e-05,35.95992309660738,1.3216418357314053,11.566215677552961,primary,true,1.3216418357314053,6.328080031234574e-05,,
arm,capture/split/bit-state,capture,bit-state,io.airlift.slice.re2.BenchmarkRe2Parse.parse1SplitBitState,,Parse_CachedSplit_BitState/threads:1,247.2321494203212,0.032319125549506424,14,178.4844054798019,177.52217823698135,0.005420321293804942,178.0026416717096,1.3889240468480892,69.22950774861161,primary,true,1.3889240468480892,0.005420321293804942,,
arm,capture/split/re2,capture,re2,io.airlift.slice.re2.BenchmarkRe2Parse.parse1SplitRe2,,Parse_CachedSplit_RE2/threads:1,56.80420888474579,0.010111478369047303,14,60.925758835478895,60.93076178836499,8.211556132775284e-05,60.92826026057151,0.9323129963306286,-4.124051375825722,primary,true,0.9323129963306286,8.211556132775284e-05,,
arm,capture/split-hard/nfa,capture,nfa,io.airlift.slice.re2.BenchmarkRe2Parse.parseSplitHardNfa,,Parse_CachedSplitHard_NFA/threads:1,824.2781044266819,0.0029575021796034782,14,644.6075606775668,643.11617901972,0.002318992596516597,643.8614380363053,1.2802103926904276,180.41666639037658,primary,true,1.2802103926904276,0.002318992596516597,,
arm,capture/split-hard/bit-state,capture,bit-state,io.airlift.slice.re2.BenchmarkRe2Parse.parseSplitHardBitState,,Parse_CachedSplitHard_BitState/threads:1,283.05988076530133,0.027813959024939494,14,182.85640087816213,182.69985572805484,0.0008568433154118403,182.77811154345474,1.5486530546520336,100.28176922184659,primary,true,1.5486530546520336,0.0008568433154118403,,
arm,capture/split-hard/backtrack,capture,backtrack,io.airlift.slice.re2.BenchmarkRe2Parse.parseSplitHardBacktrack,,Parse_CachedSplitHard_Backtrack/threads:1,927.7247305739709,0.005716665086331286,14,380.714101883967,380.14011692589764,0.0015099299771647648,380.4270011520072,2.4386406006004813,547.2977294219636,primary,true,2.4386406006004813,0.0015099299771647648,,
arm,capture/split-hard/re2,capture,re2,io.airlift.slice.re2.BenchmarkRe2Parse.parseSplitHardRe2,,Parse_CachedSplitHard_RE2/threads:1,281.1536146447187,0.028328820757367087,14,204.63618363320748,205.07883137715507,0.002163096164561964,204.8573879482483,1.3724358074688747,76.2962266964704,primary,true,1.3724358074688747,0.002163096164561964,,
arm,capture/splitbig1/re2,capture,re2,io.airlift.slice.re2.BenchmarkRe2Parse.parseSplitBig1Re2,,Parse_CachedSplitBig1_RE2/threads:1,363324.5544662309,0.0010282455226535256,14,359742.0488432225,361885.5852712227,0.0059585373322159525,360812.2252533835,1.006962982507267,2512.3292128473986,primary,true,1.006962982507267,0.0059585373322159525,,
arm,capture/splitbig2/re2,capture,re2,io.airlift.slice.re2.BenchmarkRe2Parse.parseSplitBig2Re2,,Parse_CachedSplitBig2_RE2/threads:1,3359704.658389262,0.030414500415252985,14,3183269.863636827,3194935.4252854637,0.00366464740608228,3189097.3104590154,1.0534970655711007,170607.3479302465,primary,true,1.0534970655711007,0.00366464740608228,,
arm,successful-search/phone/re2/8,successful-search,re2,io.airlift.slice.re2.BenchmarkRe2Parse.searchPhoneRe2,textSize=8,SearchPhone_CachedRE2/8/threads:1,61.74914999666002,0.002636302272029002,14,198.56564938061788,198.78604358616343,0.0011099311801060112,198.67581592254845,0.31080355558087774,-136.92666592588841,primary,true,0.31080355558087774,0.0011099311801060112,,
arm,successful-search/phone/re2/64,successful-search,re2,io.airlift.slice.re2.BenchmarkRe2Parse.searchPhoneRe2,textSize=64,SearchPhone_CachedRE2/64/threads:1,163.14471932161598,0.0012878496282701121,14,299.47763860412766,299.5510758927995,0.0002452179368519964,299.51435499772197,0.5446974964617532,-136.369635676106,primary,true,0.5446974964617532,0.0002452179368519964,,
arm,successful-search/phone/re2/512,successful-search,re2,io.airlift.slice.re2.BenchmarkRe2Parse.searchPhoneRe2,textSize=512,SearchPhone_CachedRE2/512/threads:1,435.20523207559006,0.006639126241576964,14,1106.0255240847937,1105.9223669086314,9.327705022429958e-05,1105.973944293994,0.3935040552455386,-670.768712218404,primary,true,0.3935040552455386,9.327705022429958e-05,,
arm,successful-search/phone/re2/4096,successful-search,re2,io.airlift.slice.re2.BenchmarkRe2Parse.searchPhoneRe2,textSize=4096,SearchPhone_CachedRE2/4096/threads:1,3096.797512106893,0.0024589796715862567,14,7538.2157789544,7539.056488630905,0.00011152634803212934,7538.636122073146,0.41079015646337697,-4441.838609966253,primary,true,0.41079015646337697,0.00011152634803212934,,
arm,successful-search/phone/re2/32768,successful-search,re2,io.airlift.slice.re2.BenchmarkRe2Parse.searchPhoneRe2,textSize=32768,SearchPhone_CachedRE2/32768/threads:1,24810.13305377282,0.0020290960000278135,14,59044.04577093463,59044.41886474787,6.318906646242937e-06,59044.23231754656,0.42019570887705204,-34234.099263773736,primary,true,0.42019570887705204,6.318906646242937e-06,,
arm,successful-search/phone/re2/262144,successful-search,re2,io.airlift.slice.re2.BenchmarkRe2Parse.searchPhoneRe2,textSize=262144,SearchPhone_CachedRE2/262144/threads:1,290316.7471546737,0.002496933965111895,14,472665.7318718104,472277.7411167327,0.0008215308944271942,472471.6966673304,0.6144637852435997,-182154.94951265672,primary,true,0.6144637852435997,0.0008215308944271942,,
arm,successful-search/phone/re2/2097152,successful-search,re2,io.airlift.slice.re2.BenchmarkRe2Parse.searchPhoneRe2,textSize=2097152,SearchPhone_CachedRE2/2097152/threads:1,2356831.208920188,0.0020754877459656608,14,3772880.797297345,3774342.4459468103,0.0003874091782895251,3773611.5508537726,0.624555860389753,-1416780.3419335848,primary,true,0.624555860389753,0.0003874091782895251,,
arm,successful-search/phone/re2/16777216,successful-search,re2,io.airlift.slice.re2.BenchmarkRe2Parse.searchPhoneRe2,textSize=16777216,SearchPhone_CachedRE2/16777216/threads:1,18804730.962962963,0.008105134306837217,14,30235868.555564594,30216423.999996144,0.0006435094890266194,30226144.71418892,0.6221346169276939,-11421413.751225956,primary,true,0.6221346169276939,0.0006435094890266194,,
arm,compile/parse/compile,compile,compile,io.airlift.slice.re2.BenchmarkRe2Practical.compilePhaseParse,,BM_Regexp_Parse/threads:1,955.4491210738117,0.008874410521210465,14,811.6215178412782,811.8513006626893,0.0002831157335776627,811.7364011212431,1.177043581825405,143.7127199525686,primary,true,1.177043581825405,0.0002831157335776627,,
arm,compile/simplify/compile,compile,compile,io.airlift.slice.re2.BenchmarkRe2Practical.compilePhaseSimplify,,BM_Regexp_Simplify/threads:1,1937.0318221390326,0.02149438123592282,14,1148.9513146727318,1149.5515969353587,0.0005224610085397033,1149.2514166112733,1.6854726425751458,787.7804055277593,primary,true,1.6854726425751458,0.0005224610085397033,,
arm,compile/compile-to-program/compile,compile,compile,io.airlift.slice.re2.BenchmarkRe2Practical.compilePhaseCompileToProg,,BM_CompileToProg/threads:1,8303.055151062119,0.005066192855682132,14,3490.4076338544714,3490.3007156946055,3.063293640721419e-05,3490.3541743651426,2.378857484447794,4812.700976696977,primary,true,2.378857484447794,3.063293640721419e-05,,
arm,compile/simplify-compile/compile,compile,compile,io.airlift.slice.re2.BenchmarkRe2Practical.compilePhaseSimplifyCompile,,BM_Regexp_SimplifyCompile/threads:1,10075.76248730331,0.0014017800768604753,14,4768.964447470955,4764.992736859907,0.0008335187124891153,4766.978178525912,2.113658193925072,5308.784308777397,primary,true,2.113658193925072,0.0008335187124891153,,
arm,compile/re2/compile,compile,compile,io.airlift.slice.re2.BenchmarkRe2Practical.compilePhaseRe2Compile,,BM_RE2_Compile/threads:1,9382.327782827248,0.006241385203303268,14,4961.3697745216505,4950.5571332562995,0.002184126144654512,4955.960505086815,1.893140143711233,4426.367277740433,primary,true,1.893140143711233,0.002184126144654512,,
arm,practical/empty/re2,practical,re2,io.airlift.slice.re2.BenchmarkRe2Practical.emptyPartialMatch,,EmptyPartialMatchRE2/threads:1,26.008404832404228,0.0006570384464137945,14,44.29599713172901,44.45241220065925,0.0035311332639175277,44.37413574751443,0.5861163128988053,-18.365730915110202,primary,true,0.5861163128988053,0.0035311332639175277,,
arm,practical/simple/re2,practical,re2,io.airlift.slice.re2.BenchmarkRe2Practical.simplePartialMatch,,SimplePartialMatchRE2/threads:1,44.327194641702974,0.0006934858525706578,14,68.38640330183418,68.34555119185265,0.0005977288831405136,68.36597419544454,0.648380940421919,-24.038779553741563,primary,true,0.648380940421919,0.0005977288831405136,,
arm,practical/http/re2,practical,re2,io.airlift.slice.re2.BenchmarkRe2Practical.httpPartialMatch,,HTTPPartialMatchRE2/threads:1,553.3855860826786,0.001284168915730712,14,361.13136792857904,361.17641117596764,0.00012472814988897206,361.153888850047,1.5322708772283142,192.23169723263163,primary,true,1.5322708772283142,0.00012472814988897206,,
arm,practical/small-http/re2,practical,re2,io.airlift.slice.re2.BenchmarkRe2Practical.smallHttpPartialMatch,,SmallHTTPPartialMatchRE2/threads:1,77.4716791680437,0.004179330142002906,14,70.38044368347713,70.34810313510032,0.0004597216831092076,70.36427155125936,1.1010087571446923,7.107407616784343,primary,true,1.1010087571446923,0.0004597216831092076,,
arm,practical/dot/re2,practical,re2,io.airlift.slice.re2.BenchmarkRe2Misc.dotMatch,,DotMatchRE2/threads:1,37.07160542866497,0.0012465216040070347,14,374.99355099776835,375.0052595381361,3.1223311271875567e-05,374.9994052222555,0.09885777127217917,-337.92779979359057,primary,true,0.09885777127217917,3.1223311271875567e-05,,
arm,practical/ascii/re2,practical,re2,io.airlift.slice.re2.BenchmarkRe2Misc.asciiMatch,,ASCIIMatchRE2/threads:1,36.97967729405754,0.0006234908156901786,14,374.99839109406264,375.051959457494,0.00014284958203434486,375.0251743193193,0.09860585322352462,-338.0454970252618,primary,true,0.09860585322352462,0.00014284958203434486,,
arm,practical/possible-trivial/re2,practical,re2,io.airlift.slice.re2.BenchmarkRe2Misc.possibleMatchRangeTrivial,,PossibleMatchRange_Trivial,6765.571076295984,0.009052934584925551,14,964.2240102683596,964.240273477861,1.6866629878752896e-05,964.2321418388224,7.016537597879508,5801.338934457162,primary,true,7.016537597879508,1.6866629878752896e-05,,
arm,practical/possible-complex/re2,practical,re2,io.airlift.slice.re2.BenchmarkRe2Misc.possibleMatchRangeComplex,,PossibleMatchRange_Complex,46217.23439932382,0.004302233528571087,14,2511.31468336936,2513.1554554612744,0.0007329914104769808,2512.234900818335,18.396860255491642,43704.99949850548,primary,true,18.396860255491642,0.0007329914104769808,,
arm,practical/possible-prefix/re2,practical,re2,io.airlift.slice.re2.BenchmarkRe2Misc.possibleMatchRangePrefix,,PossibleMatchRange_Prefix,125510.42885667103,0.008977788308811723,14,38.55305855864673,38.553278053782556,5.693326133632876e-06,38.55316830605844,3255.5152889197875,125471.87568836498,primary,true,3255.5152889197875,5.693326133632876e-06,,
arm,practical/possible-no-program/re2,practical,re2,io.airlift.slice.re2.BenchmarkRe2Misc.possibleMatchRangeNoProg,,PossibleMatchRange_NoProg,125526.5275584178,0.007601164903589754,14,38.59343347782594,38.55524661425939,0.000990445319896568,38.574335320632464,3254.1462222234777,125487.95322309717,primary,true,3254.1462222234777,0.000990445319896568,,
arm,full-match/dot-star/re2/8,full-match,re2,io.airlift.slice.re2.BenchmarkRe2FullMatch.fullMatchDotStarLatin1,textSize=8,FullMatch_DotStar_CachedRE2/8,3.5943015470393096,0.001439095293788111,14,44.31524326594372,44.322749342312484,0.00016937910785500587,44.31899614522,0.08110069856415218,-40.72469459818069,primary,true,0.08110069856415218,0.00016937910785500587,,
arm,full-match/dot-star/re2/64,full-match,re2,io.airlift.slice.re2.BenchmarkRe2FullMatch.fullMatchDotStarLatin1,textSize=64,FullMatch_DotStar_CachedRE2/64,3.6341555158892724,0.00421097265547735,14,44.31371548409311,44.34410678450161,0.0006858215357593414,44.32890852981435,0.08198161507732689,-40.69475301392508,primary,true,0.08198161507732689,0.0006858215357593414,,
arm,full-match/dot-star/re2/512,full-match,re2,io.airlift.slice.re2.BenchmarkRe2FullMatch.fullMatchDotStarLatin1,textSize=512,FullMatch_DotStar_CachedRE2/512,3.6076011985736445,0.0037007190210015437,14,44.322462396055386,44.36686338398524,0.001001771687075906,44.3446573328469,0.08135368307156651,-40.73705613427325,primary,true,0.08135368307156651,0.001001771687075906,,
arm,full-match/dot-star/re2/4096,full-match,re2,io.airlift.slice.re2.BenchmarkRe2FullMatch.fullMatchDotStarLatin1,textSize=4096,FullMatch_DotStar_CachedRE2/4096,3.4053374658512747,0.0012579222855121526,14,44.326438060288275,44.32605322989934,8.68181037780416e-06,44.32624564467618,0.07682440541319055,-40.9209081788249,primary,true,0.07682440541319055,8.68181037780416e-06,,
arm,full-match/dot-star/re2/32768,full-match,re2,io.airlift.slice.re2.BenchmarkRe2FullMatch.fullMatchDotStarLatin1,textSize=32768,FullMatch_DotStar_CachedRE2/32768,3.4031979539283643,0.0003294553914564316,14,44.31673911424754,44.35297825252709,0.0008177302528086346,44.3348549806711,0.07676122895658674,-40.93165702674274,primary,true,0.07676122895658674,0.0008177302528086346,,
arm,full-match/dot-star/re2/262144,full-match,re2,io.airlift.slice.re2.BenchmarkRe2FullMatch.fullMatchDotStarLatin1,textSize=262144,FullMatch_DotStar_CachedRE2/262144,3.4037799621627767,0.0005282391969991605,14,44.3647420112635,44.36774712271729,6.773647986108868e-05,44.3662445415468,0.07672003788770773,-40.96246457938402,primary,true,0.07672003788770773,6.773647986108868e-05,,
arm,full-match/dot-star/re2/2097152,full-match,re2,io.airlift.slice.re2.BenchmarkRe2FullMatch.fullMatchDotStarLatin1,textSize=2097152,FullMatch_DotStar_CachedRE2/2097152,3.4014546972418698,0.00017740601154296037,14,44.3532852825032,44.352578453754305,1.5936587534212235e-05,44.35293186672071,0.07669063924484505,-40.95147716947884,primary,true,0.07669063924484505,1.5936587534212235e-05,,
arm,full-match/dot-star-dollar/re2/8,full-match,re2,io.airlift.slice.re2.BenchmarkRe2FullMatch.fullMatchDotStarDollarLatin1,textSize=8,FullMatch_DotStarDollar_CachedRE2/8,54.853381408330236,0.001219740638925523,14,78.04231666692115,77.9781057665384,0.0008234478095042545,78.01020461015892,0.7031564868013039,-23.156823201828686,primary,true,0.7031564868013039,0.0008234478095042545,,
arm,full-match/dot-star-dollar/re2/64,full-match,re2,io.airlift.slice.re2.BenchmarkRe2FullMatch.fullMatchDotStarDollarLatin1,textSize=64,FullMatch_DotStarDollar_CachedRE2/64,156.3050136888113,0.0020006557806685767,14,178.42457489825532,178.42093569444222,2.0396730904530773e-05,178.42275528707037,0.8760374394921034,-22.117741598259073,primary,true,0.8760374394921034,2.0396730904530773e-05,,
arm,full-match/dot-star-dollar/re2/512,full-match,re2,io.airlift.slice.re2.BenchmarkRe2FullMatch.fullMatchDotStarDollarLatin1,textSize=512,FullMatch_DotStarDollar_CachedRE2/512,608.9435824301675,0.012937614333328058,14,982.9119047702249,985.5206159782158,0.0026540641082181096,984.2153960599649,0.6187096695173692,-375.2718136297974,primary,true,0.6187096695173692,0.0026540641082181096,,
arm,full-match/dot-star-dollar/re2/4096,full-match,re2,io.airlift.slice.re2.BenchmarkRe2FullMatch.fullMatchDotStarDollarLatin1,textSize=4096,FullMatch_DotStarDollar_CachedRE2/4096,4570.720247208977,0.008286810734864716,14,7418.679183781996,7418.674659528359,6.098466159828556e-07,7418.676921654833,0.6161098933783219,-2847.956674445856,primary,true,0.6161098933783219,6.098466159828556e-07,,
arm,full-match/dot-star-dollar/re2/32768,full-match,re2,io.airlift.slice.re2.BenchmarkRe2FullMatch.fullMatchDotStarDollarLatin1,textSize=32768,FullMatch_DotStarDollar_CachedRE2/32768,36265.76907826222,0.003916909173664067,14,58932.2922720633,58891.055391751855,0.0007002231499695563,58911.67022379343,0.6155956695930697,-22645.901145531207,primary,true,0.6155956695930697,0.0007002231499695563,,
arm,full-match/dot-star-dollar/re2/262144,full-match,re2,io.airlift.slice.re2.BenchmarkRe2FullMatch.fullMatchDotStarDollarLatin1,textSize=262144,FullMatch_DotStarDollar_CachedRE2/262144,294082.16784244566,0.0018857389967768486,14,473709.8105264075,473202.3718166287,0.0010723503092993957,473456.0231889566,0.6211393528413879,-179373.85534651094,primary,true,0.6211393528413879,0.0010723503092993957,,
arm,full-match/dot-star-dollar/re2/2097152,full-match,re2,io.airlift.slice.re2.BenchmarkRe2FullMatch.fullMatchDotStarDollarLatin1,textSize=2097152,FullMatch_DotStarDollar_CachedRE2/2097152,2316082.5046296297,0.00035169820138810965,14,3771258.432432144,3771088.756756448,4.499381654482771e-05,3771173.593640023,0.6141543069074404,-1455091.0890103932,primary,true,0.6141543069074404,4.499381654482771e-05,,
arm,full-match/dot-star-capture/re2/8,full-match,re2,io.airlift.slice.re2.BenchmarkRe2FullMatch.fullMatchDotStarCaptureLatin1,textSize=8,FullMatch_DotStarCapture_CachedRE2/8,54.691847056686555,0.0033665253263617458,14,77.66583487503217,77.6642321530806,2.0636551822357215e-05,77.6650335099221,0.7042016797649279,-22.97318645323554,primary,true,0.7042016797649279,2.0636551822357215e-05,,
arm,full-match/dot-star-capture/re2/64,full-match,re2,io.airlift.slice.re2.BenchmarkRe2FullMatch.fullMatchDotStarCaptureLatin1,textSize=64,FullMatch_DotStarCapture_CachedRE2/64,155.88670435615774,0.001277795811636515,14,178.50850235798555,178.38379629522615,0.0006990885122380274,178.4461384328414,0.8735784686919748,-22.559434076683658,primary,true,0.8735784686919748,0.0006990885122380274,,
arm,full-match/dot-star-capture/re2/512,full-match,re2,io.airlift.slice.re2.BenchmarkRe2FullMatch.fullMatchDotStarCaptureLatin1,textSize=512,FullMatch_DotStarCapture_CachedRE2/512,609.5317033191226,0.011579808745940851,14,987.1128283295017,983.3185129334463,0.0038586839830118983,985.2138440209283,0.61867959633155,-375.6821407018057,primary,true,0.61867959633155,0.0038586839830118983,,
arm,full-match/dot-star-capture/re2/4096,full-match,re2,io.airlift.slice.re2.BenchmarkRe2FullMatch.fullMatchDotStarCaptureLatin1,textSize=4096,FullMatch_DotStarCapture_CachedRE2/4096,4673.8757736319,0.017121037432357336,14,7416.040786579736,7418.703868571296,0.00035909753845732675,7417.372208058701,0.6301255542433083,-2743.496434426801,primary,true,0.6301255542433083,0.00035909753845732675,,
arm,full-match/dot-star-capture/re2/32768,full-match,re2,io.airlift.slice.re2.BenchmarkRe2FullMatch.fullMatchDotStarCaptureLatin1,textSize=32768,FullMatch_DotStarCapture_CachedRE2/32768,36591.67540921016,0.0013186361487824711,14,58942.13644978999,58980.44229146411,0.0006498889246532426,58961.28625982002,0.6206051076966762,-22369.61085060986,primary,true,0.6206051076966762,0.0006498889246532426,,
arm,full-match/dot-star-capture/re2/262144,full-match,re2,io.airlift.slice.re2.BenchmarkRe2FullMatch.fullMatchDotStarCaptureLatin1,textSize=262144,FullMatch_DotStarCapture_CachedRE2/262144,293649.72138869134,0.0008288348637343052,14,474709.28813566593,473868.0440676928,0.0017752707288549191,474288.47958770284,0.6191373689783903,-180638.7581990115,primary,true,0.6191373689783903,0.0017752707288549191,,
arm,full-match/dot-star-capture/re2/2097152,full-match,re2,io.airlift.slice.re2.BenchmarkRe2FullMatch.fullMatchDotStarCaptureLatin1,textSize=2097152,FullMatch_DotStarCapture_CachedRE2/2097152,2340003.8925233646,0.0002045164850029151,14,3770143.9677415425,3769781.9729748666,9.602538535940964e-05,3769962.9660133272,0.6206967849866917,-1429959.0734899626,primary,true,0.6206967849866917,9.602538535940964e-05,,
