architecture,identifier,family,engine,java_benchmark,java_parameters,native_benchmark,java_median_ns,java_cv,java_samples,native_before_ns,native_after_ns,native_drift,native_reference_ns,slice_native_ratio,absolute_deficit_ns,stable
intel,failed-search/easy0/dfa/8,failed-search,dfa,io.airlift.slice.re2.BenchmarkRe2Search.searchEasy0Dfa,textSize=8,Search_Easy0_CachedDFA/8/threads:1,17.21933681102867,0.00014807981367887855,14,22.718442373757224,22.719602583483415,5.1069070101869325e-05,22.719022471214153,0.7579259553462835,-5.499685660185484,true
intel,failed-search/easy0/dfa/64,failed-search,dfa,io.airlift.slice.re2.BenchmarkRe2Search.searchEasy0Dfa,textSize=64,Search_Easy0_CachedDFA/64/threads:1,28.20088447092767,0.0007916719778664958,14,23.556072899841134,23.54701282580275,0.00038476532481674936,23.55154242715546,1.1974113609820907,4.649342043772208,true
intel,failed-search/easy0/dfa/512,failed-search,dfa,io.airlift.slice.re2.BenchmarkRe2Search.searchEasy0Dfa,textSize=512,Search_Easy0_CachedDFA/512/threads:1,70.01215292161368,0.00041542608235686096,14,29.609690354978994,29.60840737056151,4.333176051750757e-05,29.609048855821154,2.3645525819668216,40.40310406579252,true
intel,failed-search/easy0/dfa/4096,failed-search,dfa,io.airlift.slice.re2.BenchmarkRe2Search.searchEasy0Dfa,textSize=4096,Search_Easy0_CachedDFA/4096/threads:1,454.8802189648791,0.0003771864419114673,14,89.21727896378006,88.54432004262226,0.007600249466412531,88.88016258930253,5.1179048925325406,366.00005637557655,true
intel,failed-search/easy0/dfa/32768,failed-search,dfa,io.airlift.slice.re2.BenchmarkRe2Search.searchEasy0Dfa,textSize=32768,Search_Easy0_CachedDFA/32768/threads:1,2895.455438441798,0.0004861574544853123,14,588.1596027101036,586.6572258792,0.00256091080895157,587.4079339778463,4.929207235649967,2308.0475044639516,true
intel,failed-search/easy0/dfa/262144,failed-search,dfa,io.airlift.slice.re2.BenchmarkRe2Search.searchEasy0Dfa,textSize=262144,Search_Easy0_CachedDFA/262144/threads:1,25463.061998268076,0.00048356556164570925,14,6968.715388637822,6964.2697528697845,0.0006383491630555331,6966.492216133496,3.655076501671661,18496.569782134582,true
intel,failed-search/easy0/dfa/2097152,failed-search,dfa,io.airlift.slice.re2.BenchmarkRe2Search.searchEasy0Dfa,textSize=2097152,Search_Easy0_CachedDFA/2097152/threads:1,346308.2944636678,0.004547593894236957,14,61815.959796781055,61477.469477423314,0.005505924727140024,61646.48231346404,5.617648914705901,284661.81215020374,true
intel,failed-search/easy0/dfa/16777216,failed-search,dfa,io.airlift.slice.re2.BenchmarkRe2Search.searchEasy0Dfa,textSize=16777216,Search_Easy0_CachedDFA/16777216/threads:1,2715231.1945945946,0.0018015147725887228,14,566767.1636361738,566059.9817431222,0.0012493055786666099,566413.4623227927,4.793726447566698,2148817.7322718017,true
intel,failed-search/easy0/re2/8,failed-search,re2,io.airlift.slice.re2.BenchmarkRe2Search.searchEasy0Re2,textSize=8,Search_Easy0_CachedRE2/8/threads:1,2.569569045693517,0.00019852376777820018,14,29.237627891326362,29.237741550027568,3.887411852587199e-06,29.237684720621736,0.08788551727836251,-26.66811567492822,true
intel,failed-search/easy0/re2/64,failed-search,re2,io.airlift.slice.re2.BenchmarkRe2Search.searchEasy0Re2,textSize=64,Search_Easy0_CachedRE2/64/threads:1,19.01912974762245,0.00017554189975131976,14,29.2367492895317,29.2333779032521,0.00011532660682448268,29.235063547793388,0.6505588645815679,-10.215933800170937,true
intel,failed-search/easy0/re2/512,failed-search,re2,io.airlift.slice.re2.BenchmarkRe2Search.searchEasy0Re2,textSize=512,Search_Easy0_CachedRE2/512/threads:1,19.017441900550054,0.0002551184468069446,14,29.23032205201102,29.23459891498024,0.0001463159715315634,29.23246040527968,0.6505590578723681,-10.215018504729628,true
intel,failed-search/easy0/re2/4096,failed-search,re2,io.airlift.slice.re2.BenchmarkRe2Search.searchEasy0Re2,textSize=4096,Search_Easy0_CachedRE2/4096/threads:1,18.76249898891684,0.00022982558691996309,14,29.2343349228632,29.234712960947896,1.293130442992919e-05,29.234523941294487,0.6417925267602647,-10.472024952377648,true
intel,failed-search/easy0/re2/32768,failed-search,re2,io.airlift.slice.re2.BenchmarkRe2Search.searchEasy0Re2,textSize=32768,Search_Easy0_CachedRE2/32768/threads:1,18.763676512625135,0.00019855586864501402,14,29.233767324367484,29.23257067044714,4.093563764323301e-05,29.233168991284213,0.6418625540809302,-10.469492478659078,true
intel,failed-search/easy0/re2/262144,failed-search,re2,io.airlift.slice.re2.BenchmarkRe2Search.searchEasy0Re2,textSize=262144,Search_Easy0_CachedRE2/262144/threads:1,18.762876921183803,0.00034470418983160273,14,29.242830369256374,29.24008670636939,9.383224183077976e-05,29.241458505633886,0.6416532512415138,-10.478581584450083,true
intel,failed-search/easy0/re2/2097152,failed-search,re2,io.airlift.slice.re2.BenchmarkRe2Search.searchEasy0Re2,textSize=2097152,Search_Easy0_CachedRE2/2097152/threads:1,18.762057018508596,0.0002204802023481758,14,29.229452880660737,29.24201749372194,0.00042986138373853587,29.23573451220616,0.6417508344343216,-10.473677493697565,true
intel,failed-search/easy0/re2/16777216,failed-search,re2,io.airlift.slice.re2.BenchmarkRe2Search.searchEasy0Re2,textSize=16777216,Search_Easy0_CachedRE2/16777216/threads:1,18.7663963058885,0.001127417086170422,14,29.2361148699867,29.227607799187798,0.00029106284911688745,29.23186102512075,0.6419843160092124,-10.465464719232251,true
intel,failed-search/easy0/nfa/8,failed-search,nfa,io.airlift.slice.re2.BenchmarkRe2SearchNfa.searchEasy0Nfa,textSize=8,Search_Easy0_CachedNFA/8/threads:1,93.45857673555281,0.009346988921421913,14,141.72911043685252,142.06147395236246,0.0023450617483274498,141.89519488205522,0.6586451134813731,-48.43661814650241,true
intel,failed-search/easy0/nfa/64,failed-search,nfa,io.airlift.slice.re2.BenchmarkRe2SearchNfa.searchEasy0Nfa,textSize=64,Search_Easy0_CachedNFA/64/threads:1,102.99015201306283,0.009279049439954693,14,144.28015781446442,144.44823136572847,0.0011649110578336804,144.3641701304987,0.7134052162663655,-41.37401811743588,true
intel,failed-search/easy0/nfa/512,failed-search,nfa,io.airlift.slice.re2.BenchmarkRe2SearchNfa.searchEasy0Nfa,textSize=512,Search_Easy0_CachedNFA/512/threads:1,120.8449985030445,0.006264851098043386,14,149.45418751447997,149.46906031052865,9.951408050869851e-05,149.46162372750695,0.8085352981536233,-28.616625224462453,true
intel,failed-search/easy0/nfa/4096,failed-search,nfa,io.airlift.slice.re2.BenchmarkRe2SearchNfa.searchEasy0Nfa,textSize=4096,Search_Easy0_CachedNFA/4096/threads:1,438.73832083652354,0.006964282827364169,14,210.16545336582004,211.39222606258448,0.005837175792298681,210.77794720618425,2.0815190898853717,227.9603736303393,true
intel,failed-search/easy0/nfa/32768,failed-search,nfa,io.airlift.slice.re2.BenchmarkRe2SearchNfa.searchEasy0Nfa,textSize=32768,Search_Easy0_CachedNFA/32768/threads:1,2881.1740971386107,0.003267493483629556,14,796.532868055592,796.5247474156046,1.0195088117154496e-05,796.5288077252495,3.61716245438348,2084.6452894133613,true
intel,failed-search/easy0/nfa/262144,failed-search,nfa,io.airlift.slice.re2.BenchmarkRe2SearchNfa.searchEasy0Nfa,textSize=262144,Search_Easy0_CachedNFA/262144/threads:1,23151.59365050448,0.0003090911800887934,14,7437.422574204505,7445.305246850216,0.0010598661790511578,7441.362866758147,3.1112034267172546,15710.230783746334,true
intel,failed-search/easy1/dfa/8,failed-search,dfa,io.airlift.slice.re2.BenchmarkRe2Search.searchEasy1Dfa,textSize=8,Search_Easy1_CachedDFA/8/threads:1,22.17239352096449,0.0026325971353157725,14,24.14679370941409,24.159857126894238,0.0005410000862787071,24.153324534979298,0.9179851613741211,-1.980931014014807,true
intel,failed-search/easy1/dfa/64,failed-search,dfa,io.airlift.slice.re2.BenchmarkRe2Search.searchEasy1Dfa,textSize=64,Search_Easy1_CachedDFA/64/threads:1,31.225682367581538,0.0003455406130149338,14,28.817712827533548,28.68045158872029,0.004785881365523522,28.74900028953563,1.0861484591847668,2.476682078045908,true
intel,failed-search/easy1/dfa/512,failed-search,dfa,io.airlift.slice.re2.BenchmarkRe2Search.searchEasy1Dfa,textSize=512,Search_Easy1_CachedDFA/512/threads:1,62.88057195215413,0.0005650477495937918,14,41.94012927582477,41.355418340960156,0.01413867779171985,41.64674766984433,1.5098555222280858,21.233824282309797,true
intel,failed-search/easy1/dfa/4096,failed-search,dfa,io.airlift.slice.re2.BenchmarkRe2Search.searchEasy1Dfa,textSize=4096,Search_Easy1_CachedDFA/4096/threads:1,465.05152718749,0.000276899608342787,14,258.4863953919715,252.00955121161718,0.02570078851858903,255.22742896687137,1.8221063820215573,209.82409822061865,true
intel,failed-search/easy1/dfa/32768,failed-search,dfa,io.airlift.slice.re2.BenchmarkRe2Search.searchEasy1Dfa,textSize=32768,Search_Easy1_CachedDFA/32768/threads:1,3135.024131337734,0.00033133178839191824,14,1664.022022861791,1614.4705067747066,0.030692116009028506,1639.0590222850267,1.912697522610973,1495.9651090527075,true
intel,failed-search/easy1/dfa/262144,failed-search,dfa,io.airlift.slice.re2.BenchmarkRe2Search.searchEasy1Dfa,textSize=262144,Search_Easy1_CachedDFA/262144/threads:1,25015.889225151317,0.00013829168546962192,14,15314.687754388808,15321.507900951492,0.0004453337000442534,15318.097448099525,1.6330937513558494,9697.791777051792,true
intel,failed-search/easy1/dfa/2097152,failed-search,dfa,io.airlift.slice.re2.BenchmarkRe2Search.searchEasy1Dfa,textSize=2097152,Search_Easy1_CachedDFA/2097152/threads:1,367018.8972855626,0.03481663600368621,14,242793.3724443897,243097.69626922402,0.0012534272322611065,242945.4867056946,1.5107047357095837,124073.41057986798,true
intel,failed-search/easy1/dfa/16777216,failed-search,dfa,io.airlift.slice.re2.BenchmarkRe2Search.searchEasy1Dfa,textSize=16777216,Search_Easy1_CachedDFA/16777216/threads:1,3352876.541413102,0.01251477072783718,14,2228653.6608698554,2219034.4873958854,0.004334846316543043,2223838.8731945716,1.5076976042768124,1129037.6682185302,true
intel,failed-search/easy1/re2/8,failed-search,re2,io.airlift.slice.re2.BenchmarkRe2Search.searchEasy1Re2,textSize=8,Search_Easy1_CachedRE2/8/threads:1,2.569879944462892,0.0002470779192118264,14,30.251740432230285,29.229136166674913,0.034985784722617874,29.736042782666356,0.08642306453637869,-27.166162838203462,true
intel,failed-search/easy1/re2/64,failed-search,re2,io.airlift.slice.re2.BenchmarkRe2Search.searchEasy1Re2,textSize=64,Search_Easy1_CachedRE2/64/threads:1,19.019051018895894,0.00020457939139204777,14,30.239487043468323,29.23388971625718,0.0343983416839642,29.732437325334445,0.6396734586804332,-10.71338630643855,true
intel,failed-search/easy1/re2/512,failed-search,re2,io.airlift.slice.re2.BenchmarkRe2Search.searchEasy1Re2,textSize=512,Search_Easy1_CachedRE2/512/threads:1,19.01925559474467,0.00029333266694483767,14,30.24040519218996,29.227393217983508,0.03465967582709875,29.729584820903337,0.6397417155106698,-10.710329226158667,true
intel,failed-search/easy1/re2/4096,failed-search,re2,io.airlift.slice.re2.BenchmarkRe2Search.searchEasy1Re2,textSize=4096,Search_Easy1_CachedRE2/4096/threads:1,18.763917007415476,0.00024607180646214164,14,30.25281107421946,29.234838876365007,0.034820516786820195,29.739469687805745,0.6309432281204852,-10.975552680390269,true
intel,failed-search/easy1/re2/32768,failed-search,re2,io.airlift.slice.re2.BenchmarkRe2Search.searchEasy1Re2,textSize=32768,Search_Easy1_CachedRE2/32768/threads:1,18.766411725283042,0.00026511505264704516,14,30.23999394249891,29.225961112667882,0.0346963039443551,29.72865430877734,0.6312566835473037,-10.962242583494298,true
intel,failed-search/easy1/re2/262144,failed-search,re2,io.airlift.slice.re2.BenchmarkRe2Search.searchEasy1Re2,textSize=262144,Search_Easy1_CachedRE2/262144/threads:1,18.764483698077296,0.00023432839127361435,14,30.248954898240033,29.245389443128182,0.03431533907467453,29.742939771425583,0.6308886694550809,-10.978456073348287,true
intel,failed-search/easy1/re2/2097152,failed-search,re2,io.airlift.slice.re2.BenchmarkRe2Search.searchEasy1Re2,textSize=2097152,Search_Easy1_CachedRE2/2097152/threads:1,18.76452270036672,0.0002965564429294361,14,30.241349613235815,29.225376135546803,0.03476340126392025,29.72902314731161,0.6311853103072306,-10.964500446944893,true
intel,failed-search/easy1/re2/16777216,failed-search,re2,io.airlift.slice.re2.BenchmarkRe2Search.searchEasy1Re2,textSize=16777216,Search_Easy1_CachedRE2/16777216/threads:1,18.764731473641618,0.0002163868364076598,14,30.248960158238344,29.226840687678596,0.034971945188405226,29.73350869831492,0.6310971121516199,-10.968777224673303,true
intel,failed-search/easy1/nfa/8,failed-search,nfa,io.airlift.slice.re2.BenchmarkRe2SearchNfa.searchEasy1Nfa,textSize=8,Search_Easy1_CachedNFA/8/threads:1,88.12413911087775,0.007226959532574521,14,204.38284166541467,202.5255375286131,0.009170715750052788,203.4520702030666,0.4331444699624859,-115.32793109218885,true
intel,failed-search/easy1/nfa/64,failed-search,nfa,io.airlift.slice.re2.BenchmarkRe2SearchNfa.searchEasy1Nfa,textSize=64,Search_Easy1_CachedNFA/64/threads:1,109.77531806973326,0.001986893515698296,14,234.28060042285568,233.76467769477227,0.002207017472319121,234.0224968843521,0.46908019327723605,-124.24717881461885,true
intel,failed-search/easy1/nfa/512,failed-search,nfa,io.airlift.slice.re2.BenchmarkRe2SearchNfa.searchEasy1Nfa,textSize=512,Search_Easy1_CachedNFA/512/threads:1,183.65761970061857,0.002836124663870835,14,293.6258948148153,294.6434096253582,0.0034653442646283166,294.13421222723133,0.6244007397505162,-110.47659252661276,true
intel,failed-search/easy1/nfa/4096,failed-search,nfa,io.airlift.slice.re2.BenchmarkRe2SearchNfa.searchEasy1Nfa,textSize=4096,Search_Easy1_CachedNFA/4096/threads:1,1272.6667428964802,0.019535011984439975,14,1393.335806523672,1393.6714800743155,0.00024091360393649293,1393.5036331916706,0.9132855577717968,-120.83689029519041,true
intel,failed-search/easy1/nfa/32768,failed-search,nfa,io.airlift.slice.re2.BenchmarkRe2SearchNfa.searchEasy1Nfa,textSize=32768,Search_Easy1_CachedNFA/32768/threads:1,8095.647997979613,0.0059972729463804815,14,7991.841675266677,8025.193657938881,0.004173253678863842,8008.500304526546,1.0108818992494524,87.1476934530674,true
intel,failed-search/easy1/nfa/262144,failed-search,nfa,io.airlift.slice.re2.BenchmarkRe2SearchNfa.searchEasy1Nfa,textSize=262144,Search_Easy1_CachedNFA/262144/threads:1,68561.32387761856,0.009587373070328793,14,80187.76856399838,80081.05504334364,0.0013325688653450024,80134.39404011524,0.855579239087985,-11573.070162496675,true
intel,failed-search/medium/dfa/8,failed-search,dfa,io.airlift.slice.re2.BenchmarkRe2Search.searchMediumDfa,textSize=8,Search_Medium_CachedDFA/8/threads:1,20.05632470494051,0.00040187508708970887,14,24.402774157266826,24.390607082817837,0.0004988426244445636,24.396689861549586,0.8220920468620742,-4.340365156609074,true
intel,failed-search/medium/dfa/64,failed-search,dfa,io.airlift.slice.re2.BenchmarkRe2Search.searchMediumDfa,textSize=64,Search_Medium_CachedDFA/64/threads:1,55.5667771627228,0.00017894598024336753,14,94.7456790524397,94.94431163566121,0.002096481709857937,94.84494334484666,0.5858696858586082,-39.278166182123854,true
intel,failed-search/medium/dfa/512,failed-search,dfa,io.airlift.slice.re2.BenchmarkRe2Search.searchMediumDfa,textSize=512,Search_Medium_CachedDFA/512/threads:1,311.78709594534513,0.00026348079323155,14,670.6278160805548,670.7806489389106,0.0002278951971438841,670.7042281564944,0.4648652608055369,-358.9171322111493,true
intel,failed-search/medium/dfa/4096,failed-search,dfa,io.airlift.slice.re2.BenchmarkRe2Search.searchMediumDfa,textSize=4096,Search_Medium_CachedDFA/4096/threads:1,1645.2039843105658,0.0008716068717614118,14,5272.101933149752,5273.11447077231,0.00019205577498250328,5272.608177655402,0.3120284930867264,-3627.404193344836,true
intel,failed-search/medium/dfa/32768,failed-search,dfa,io.airlift.slice.re2.BenchmarkRe2Search.searchMediumDfa,textSize=32768,Search_Medium_CachedDFA/32768/threads:1,13318.478320142003,0.0020333410432393324,14,42121.60888686777,42128.31307491053,0.0001591626773034851,42124.9608475177,0.3161659513073903,-28806.482527375698,true
intel,failed-search/medium/dfa/262144,failed-search,dfa,io.airlift.slice.re2.BenchmarkRe2Search.searchMediumDfa,textSize=262144,Search_Medium_CachedDFA/262144/threads:1,142957.02429038956,0.04385394595256935,14,336829.5457832289,337019.5674692531,0.00056414791517873,336924.5432299772,0.4242998236931949,-193967.51893958764,true
intel,failed-search/medium/dfa/2097152,failed-search,dfa,io.airlift.slice.re2.BenchmarkRe2Search.searchMediumDfa,textSize=2097152,Search_Medium_CachedDFA/2097152/threads:1,1704486.8166419845,0.008654417800681515,14,2763850.5098031918,2743213.1764637195,0.00752305125847927,2753512.5088272407,0.6190227250385542,-1049025.6921852562,true
intel,failed-search/medium/dfa/16777216,failed-search,dfa,io.airlift.slice.re2.BenchmarkRe2Search.searchMediumDfa,textSize=16777216,Search_Medium_CachedDFA/16777216/threads:1,13766001.378378378,0.010849966748303987,14,22091698.750008013,22167920.000006586,0.003450221318926213,22129776.559071336,0.6220578568261903,-8363775.180692958,true
intel,failed-search/medium/re2/8,failed-search,re2,io.airlift.slice.re2.BenchmarkRe2Search.searchMediumRe2,textSize=8,Search_Medium_CachedRE2/8/threads:1,2.56972015470702,0.0002059319738192336,14,29.231809216504125,30.970245121814465,0.05947069141135568,30.088474484248085,0.08540546500794913,-27.518754329541064,false
intel,failed-search/medium/re2/64,failed-search,re2,io.airlift.slice.re2.BenchmarkRe2Search.searchMediumRe2,textSize=64,Search_Medium_CachedRE2/64/threads:1,19.020065718186594,0.00023838046022929237,14,29.235521147241307,30.971871480014862,0.05939180369074413,30.091174846183964,0.6320811937523482,-11.07110912799737,false
intel,failed-search/medium/re2/512,failed-search,re2,io.airlift.slice.re2.BenchmarkRe2Search.searchMediumRe2,textSize=512,Search_Medium_CachedRE2/512/threads:1,19.01956300824002,0.0036913903367029946,14,29.220659333262233,30.973466944945187,0.05998521770820248,30.084300323728684,0.6322089197214447,-11.064737315488664,false
intel,failed-search/medium/re2/4096,failed-search,re2,io.airlift.slice.re2.BenchmarkRe2Search.searchMediumRe2,textSize=4096,Search_Medium_CachedRE2/4096/threads:1,18.76325641939405,0.00018102644463194125,14,29.24018949319128,30.973711037754633,0.05928557832934055,30.09447092160445,0.6234785276096726,-11.3312145022104,false
intel,failed-search/medium/re2/32768,failed-search,re2,io.airlift.slice.re2.BenchmarkRe2Search.searchMediumRe2,textSize=32768,Search_Medium_CachedRE2/32768/threads:1,18.76049446324835,0.0002397799373349094,14,29.229404159137438,30.96770846734132,0.05947108256944984,30.086004498342117,0.6235621770342467,-11.325510035093767,false
intel,failed-search/medium/re2/262144,failed-search,re2,io.airlift.slice.re2.BenchmarkRe2Search.searchMediumRe2,textSize=262144,Search_Medium_CachedRE2/262144/threads:1,18.76175465061618,0.00023682851360729926,14,29.22778533193873,30.971340613486557,0.059654033370860754,30.08693561819383,0.6235847641217002,-11.325180967577651,false
intel,failed-search/medium/re2/2097152,failed-search,re2,io.airlift.slice.re2.BenchmarkRe2Search.searchMediumRe2,textSize=2097152,Search_Medium_CachedRE2/2097152/threads:1,18.76353071865398,0.00025340506533563567,14,29.223443191702046,30.96739175070915,0.059676354615950826,30.08278267750561,0.6237298896117214,-11.31925195885163,false
intel,failed-search/medium/re2/16777216,failed-search,re2,io.airlift.slice.re2.BenchmarkRe2Search.searchMediumRe2,textSize=16777216,Search_Medium_CachedRE2/16777216/threads:1,18.76110113381076,0.00021548245958572096,14,29.23783640020563,30.966193530220192,0.059113715062801504,30.08960784679129,0.6235076651492957,-11.328506712980527,false
intel,failed-search/medium/nfa/8,failed-search,nfa,io.airlift.slice.re2.BenchmarkRe2SearchNfa.searchMediumNfa,textSize=8,Search_Medium_CachedNFA/8/threads:1,117.81275978782247,0.016389553147433636,14,214.50172912700637,214.3377071553639,0.000765250192415241,214.41970245745486,0.5494493203636399,-96.60694266963239,true
intel,failed-search/medium/nfa/64,failed-search,nfa,io.airlift.slice.re2.BenchmarkRe2SearchNfa.searchMediumNfa,textSize=64,Search_Medium_CachedNFA/64/threads:1,619.9519146869025,0.004607064857419081,14,820.0311126270423,822.6027998980602,0.0031360849989938897,821.3159497115142,0.7548275604591138,-201.36403502461178,true
intel,failed-search/medium/nfa/512,failed-search,nfa,io.airlift.slice.re2.BenchmarkRe2SearchNfa.searchMediumNfa,textSize=512,Search_Medium_CachedNFA/512/threads:1,4453.731058808704,0.002958313419180192,14,6485.314290322503,6462.885105997599,0.0034704600123697626,6474.089985058803,0.6879315964231615,-2020.358926250099,true
intel,failed-search/medium/nfa/4096,failed-search,nfa,io.airlift.slice.re2.BenchmarkRe2SearchNfa.searchMediumNfa,textSize=4096,Search_Medium_CachedNFA/4096/threads:1,38715.327227057736,0.0019645723422688556,14,53601.45355825877,53488.466679538236,0.002112359649370109,53544.93031675119,0.7230437503239385,-14829.603089693454,true
intel,failed-search/medium/nfa/32768,failed-search,nfa,io.airlift.slice.re2.BenchmarkRe2SearchNfa.searchMediumNfa,textSize=32768,Search_Medium_CachedNFA/32768/threads:1,351895.9588704098,0.0031090560554833456,14,441027.07886431215,443119.4389074765,0.004744289281629541,442072.02097549377,0.7960149979496602,-90176.06210508395,true
intel,failed-search/medium/nfa/262144,failed-search,nfa,io.airlift.slice.re2.BenchmarkRe2SearchNfa.searchMediumNfa,textSize=262144,Search_Medium_CachedNFA/262144/threads:1,4023392.448,0.004597165692333379,14,3538610.5063281907,3547877.2658130266,0.0026187565622901726,3543240.8566126167,1.1355119820576958,480151.5913873832,true
intel,failed-search/hard/dfa/8,failed-search,dfa,io.airlift.slice.re2.BenchmarkRe2Search.searchHardDfa,textSize=8,Search_Hard_CachedDFA/8/threads:1,26.848151339660543,0.00020253745195438546,14,24.456074415987313,24.436923690290694,0.0007836798911078978,24.44649717786891,1.098241238583899,2.401654161791633,true
intel,failed-search/hard/dfa/64,failed-search,dfa,io.airlift.slice.re2.BenchmarkRe2Search.searchHardDfa,textSize=64,Search_Hard_CachedDFA/64/threads:1,118.70264140537776,0.00047075064741702687,14,94.71850387639975,94.82618790835144,0.0011368848487325253,94.77233059802528,1.2525031373223516,23.930310807352484,true
intel,failed-search/hard/dfa/512,failed-search,dfa,io.airlift.slice.re2.BenchmarkRe2Search.searchHardDfa,textSize=512,Search_Hard_CachedDFA/512/threads:1,501.6158659356038,0.00033246838067700857,14,670.769985746251,670.8464849501422,0.00011404684991399744,670.8082342576971,0.7477783371140067,-169.19236832209333,true
intel,failed-search/hard/dfa/4096,failed-search,dfa,io.airlift.slice.re2.BenchmarkRe2Search.searchHardDfa,textSize=4096,Search_Hard_CachedDFA/4096/threads:1,3825.4128239199335,0.0002286191557408149,14,5273.062940488036,5273.047699851233,2.8902899556315005e-06,5273.055320164128,0.7254641932717035,-1447.6424962441943,true
intel,failed-search/hard/dfa/32768,failed-search,dfa,io.airlift.slice.re2.BenchmarkRe2Search.searchHardDfa,textSize=32768,Search_Hard_CachedDFA/32768/threads:1,30457.684146415737,0.00025567235052173433,14,42112.41754438133,42118.96839259845,0.00015555621356140407,42115.69284112165,0.7231908605021674,-11658.008694705914,true
intel,failed-search/hard/dfa/262144,failed-search,dfa,io.airlift.slice.re2.BenchmarkRe2Search.searchHardDfa,textSize=262144,Search_Hard_CachedDFA/262144/threads:1,239455.41838200093,0.0002611466169983405,14,336838.7301205634,336931.19036129303,0.00027449409008437027,336884.95706888987,0.7107928488864954,-97429.53868688893,true
intel,failed-search/hard/dfa/2097152,failed-search,dfa,io.airlift.slice.re2.BenchmarkRe2Search.searchHardDfa,textSize=2097152,Search_Hard_CachedDFA/2097152/threads:1,1912895.93129771,0.00039498933755331743,14,2758640.0097078187,2718139.568621743,0.014900059420646984,2738314.9135864363,0.6985668163317069,-825418.9822887264,true
intel,failed-search/hard/dfa/16777216,failed-search,dfa,io.airlift.slice.re2.BenchmarkRe2Search.searchHardDfa,textSize=16777216,Search_Hard_CachedDFA/16777216/threads:1,15436756.454545453,0.0040552900575161884,14,22079079.76922413,22230926.250055443,0.006877391739984182,22154872.918135025,0.6967657414053406,-6718116.463589571,true
intel,failed-search/hard/re2/8,failed-search,re2,io.airlift.slice.re2.BenchmarkRe2Search.searchHardRe2,textSize=8,Search_Hard_CachedRE2/8/threads:1,2.8201696845073227,0.0014463798556555248,14,29.230208784955362,29.224750670146516,0.0001867634345439083,29.227479600140803,0.0964903482301545,-26.40730991563348,true
intel,failed-search/hard/re2/64,failed-search,re2,io.airlift.slice.re2.BenchmarkRe2Search.searchHardRe2,textSize=64,Search_Hard_CachedRE2/64/threads:1,19.019856285386183,0.000206623088803937,14,29.236636136132336,29.212002861612753,0.0008432586644702139,29.224316903438968,0.6508229550148364,-10.204460618052785,true
intel,failed-search/hard/re2/512,failed-search,re2,io.airlift.slice.re2.BenchmarkRe2Search.searchHardRe2,textSize=512,Search_Hard_CachedRE2/512/threads:1,19.02097755780396,0.00024479434540886915,14,29.23403359151996,29.20963662004366,0.0008352370758203305,29.221832559688107,0.6509166568849498,-10.200855001884147,true
intel,failed-search/hard/re2/4096,failed-search,re2,io.airlift.slice.re2.BenchmarkRe2Search.searchHardRe2,textSize=4096,Search_Hard_CachedRE2/4096/threads:1,18.762737913439874,0.00020410806013163168,14,29.23696162626287,29.218315145355405,0.0006381778283485726,29.227636898812246,0.6419519298942145,-10.464898985372372,true
intel,failed-search/hard/re2/32768,failed-search,re2,io.airlift.slice.re2.BenchmarkRe2Search.searchHardRe2,textSize=32768,Search_Hard_CachedRE2/32768/threads:1,18.76387007046744,0.0002500419957242363,14,29.236134793897982,29.215208933985146,0.0007162659681852806,29.225669991052083,0.6420338721477491,-10.461799920584642,true
intel,failed-search/hard/re2/262144,failed-search,re2,io.airlift.slice.re2.BenchmarkRe2Search.searchHardRe2,textSize=262144,Search_Hard_CachedRE2/262144/threads:1,18.762465971439347,0.00019644950171976343,14,29.236593670122524,29.21528755014146,0.000729279831475056,29.22593866857445,0.6419799269480408,-10.463472697135103,true
intel,failed-search/hard/re2/2097152,failed-search,re2,io.airlift.slice.re2.BenchmarkRe2Search.searchHardRe2,textSize=2097152,Search_Hard_CachedRE2/2097152/threads:1,18.761462151885283,0.00023212983560468297,14,29.229747322312523,29.206400883595826,0.0007993603460332452,29.218071771108907,0.6421184224222759,-10.456609619223624,true
intel,failed-search/hard/re2/16777216,failed-search,re2,io.airlift.slice.re2.BenchmarkRe2Search.searchHardRe2,textSize=16777216,Search_Hard_CachedRE2/16777216/threads:1,18.76473332171807,0.00024733722641696643,14,29.22955511858417,29.207164439335514,0.0007666159888667589,29.218357634150294,0.6422240961205132,-10.453624312432225,true
intel,failed-search/hard/nfa/8,failed-search,nfa,io.airlift.slice.re2.BenchmarkRe2SearchNfa.searchHardNfa,textSize=8,Search_Hard_CachedNFA/8/threads:1,198.48998491842383,0.0064305207412267695,14,302.1925253131773,315.8939813958561,0.045340155480282814,308.9673121371379,0.6424303708552905,-110.4773272187141,true
intel,failed-search/hard/nfa/64,failed-search,nfa,io.airlift.slice.re2.BenchmarkRe2SearchNfa.searchHardNfa,textSize=64,Search_Hard_CachedNFA/64/threads:1,1169.9011949875603,0.002597432225568377,14,1473.2524569286213,1549.730933198031,0.051911317649419655,1511.0079102745572,0.7742521975116489,-341.10671528699686,false
intel,failed-search/hard/nfa/512,failed-search,nfa,io.airlift.slice.re2.BenchmarkRe2SearchNfa.searchHardNfa,textSize=512,Search_Hard_CachedNFA/512/threads:1,9094.776623974554,0.003386862113406902,14,11225.57492085382,11740.892843680409,0.0459057042921944,11480.342863105217,0.7922042688466002,-2385.5662391306632,true
intel,failed-search/hard/nfa/4096,failed-search,nfa,io.airlift.slice.re2.BenchmarkRe2SearchNfa.searchHardNfa,textSize=4096,Search_Hard_CachedNFA/4096/threads:1,83861.42082409468,0.0022096822178926784,14,90341.62290320989,94669.63755918322,0.047907205083201454,92480.3151852073,0.9068029305063261,-8618.89436111263,true
intel,failed-search/hard/nfa/32768,failed-search,nfa,io.airlift.slice.re2.BenchmarkRe2SearchNfa.searchHardNfa,textSize=32768,Search_Hard_CachedNFA/32768/threads:1,712804.7977207977,0.0010203630190027695,14,732869.1592688931,766728.2499978982,0.046200730786355976,749607.5559675671,0.9509039657434273,-36802.75824676943,true
intel,failed-search/hard/nfa/262144,failed-search,nfa,io.airlift.slice.re2.BenchmarkRe2SearchNfa.searchHardNfa,textSize=262144,Search_Hard_CachedNFA/262144/threads:1,5912248.229411764,0.0013525534865347622,14,5888827.65957612,6136498.065228333,0.04205767598742061,6011387.488712731,0.9835080903556599,-99139.25930096675,true
intel,failed-search/parens/dfa/8,failed-search,dfa,io.airlift.slice.re2.BenchmarkRe2Search.searchParensDfa,textSize=8,Search_Parens_CachedDFA/8/threads:1,26.846057093141766,0.00022936212673877333,14,24.448582927842317,24.428097963082955,0.0008385820619484936,24.438338299072004,1.098522197565339,2.407718794069762,true
intel,failed-search/parens/dfa/64,failed-search,dfa,io.airlift.slice.re2.BenchmarkRe2Search.searchParensDfa,textSize=64,Search_Parens_CachedDFA/64/threads:1,119.75603716132699,0.009030727208566696,14,94.7661189604398,94.87310696992174,0.0011289689886593377,94.81959787542938,1.2629882412985785,24.936439285897606,true
intel,failed-search/parens/dfa/512,failed-search,dfa,io.airlift.slice.re2.BenchmarkRe2Search.searchParensDfa,textSize=512,Search_Parens_CachedDFA/512/threads:1,501.49949779288977,0.00028945411302139,14,670.5876962096282,670.8121046613176,0.00033464445136371424,670.6998910499128,0.7477256288320594,-169.20039325702305,true
intel,failed-search/parens/dfa/4096,failed-search,dfa,io.airlift.slice.re2.BenchmarkRe2Search.searchParensDfa,textSize=4096,Search_Parens_CachedDFA/4096/threads:1,3825.1715152791135,0.00022017733757220034,14,5272.238532973856,5273.147587363633,0.0001724228492491345,5272.693040577715,0.7254682732033269,-1447.5215252986013,true
intel,failed-search/parens/dfa/32768,failed-search,dfa,io.airlift.slice.re2.BenchmarkRe2Search.searchParensDfa,textSize=32768,Search_Parens_CachedDFA/32768/threads:1,30471.78546185718,0.00020870006594736652,14,42113.305237804845,42112.33649498489,2.300377752892969e-05,42112.82086360931,0.7235750262502262,-11641.035401752131,true
intel,failed-search/parens/dfa/262144,failed-search,dfa,io.airlift.slice.re2.BenchmarkRe2Search.searchParensDfa,textSize=262144,Search_Parens_CachedDFA/262144/threads:1,239388.77930994204,0.00027481127267345664,14,336917.02409647324,336986.66506075737,0.00020670063933661805,336951.84277944727,0.7104539845672683,-97563.06346950523,true
intel,failed-search/parens/dfa/2097152,failed-search,dfa,io.airlift.slice.re2.BenchmarkRe2Search.searchParensDfa,textSize=2097152,Search_Parens_CachedDFA/2097152/threads:1,1916807.9559386973,0.0004679104522926646,14,2727226.0970872613,2731116.9306894145,0.0014266633801681232,2729170.8205191246,0.7023407774725127,-812362.8645804273,true
intel,failed-search/parens/dfa/16777216,failed-search,dfa,io.airlift.slice.re2.BenchmarkRe2Search.searchParensDfa,textSize=16777216,Search_Parens_CachedDFA/16777216/threads:1,15411861.93939394,0.003227747947452606,14,22135931.769237407,22188539.230718073,0.0023765641324290324,22162219.890395068,0.6954114712160815,-6750357.951001128,true
intel,failed-search/parens/re2/8,failed-search,re2,io.airlift.slice.re2.BenchmarkRe2Search.searchParensRe2,textSize=8,Search_Parens_CachedRE2/8/threads:1,2.8208301822528146,0.0014003360392077313,14,29.24852325912924,29.234494702166934,0.0004798631584101053,29.241508139376467,0.096466644907904,-26.42067795712365,true
intel,failed-search/parens/re2/64,failed-search,re2,io.airlift.slice.re2.BenchmarkRe2Search.searchParensRe2,textSize=64,Search_Parens_CachedRE2/64/threads:1,19.019572572926748,0.00026337601731647476,14,29.240862933490625,29.221852636270302,0.0006505507182226735,29.231356239487788,0.6506565216168028,-10.21178366656104,true
intel,failed-search/parens/re2/512,failed-search,re2,io.airlift.slice.re2.BenchmarkRe2Search.searchParensRe2,textSize=512,Search_Parens_CachedRE2/512/threads:1,19.021350919625117,0.0001908708502000498,14,29.244491264340656,29.232995211848742,0.0003932560590730884,29.23874267309425,0.650552971182606,-10.217391753469133,true
intel,failed-search/parens/re2/4096,failed-search,re2,io.airlift.slice.re2.BenchmarkRe2Search.searchParensRe2,textSize=4096,Search_Parens_CachedRE2/4096/threads:1,18.761944973774717,0.00022067034337701528,14,29.2378375233719,29.23375462510891,0.0001396638343363148,29.235796002966232,0.6417456522090642,-10.473851029191515,true
intel,failed-search/parens/re2/32768,failed-search,re2,io.airlift.slice.re2.BenchmarkRe2Search.searchParensRe2,textSize=32768,Search_Parens_CachedRE2/32768/threads:1,18.76133520228339,0.00017631879023492837,14,29.234023441055978,29.237065051984455,0.00010404352772754513,29.235544206964782,0.6417303221540127,-10.474209004681391,true
intel,failed-search/parens/re2/262144,failed-search,re2,io.airlift.slice.re2.BenchmarkRe2Search.searchParensRe2,textSize=262144,Search_Parens_CachedRE2/262144/threads:1,18.764752654537304,0.00028535162067760695,14,29.245012406429673,29.24719204894127,7.453040133149857e-05,29.246102207380023,0.641615505597261,-10.481349552842719,true
intel,failed-search/parens/re2/2097152,failed-search,re2,io.airlift.slice.re2.BenchmarkRe2Search.searchParensRe2,textSize=2097152,Search_Parens_CachedRE2/2097152/threads:1,18.760867969829555,0.0001984768202792701,14,29.236328733447625,29.221002193988276,0.0005245042369731394,29.228664459127028,0.6418653851278254,-10.467796489297474,true
intel,failed-search/parens/re2/16777216,failed-search,re2,io.airlift.slice.re2.BenchmarkRe2Search.searchParensRe2,textSize=16777216,Search_Parens_CachedRE2/16777216/threads:1,18.762142630936644,0.00023305742721603154,14,29.23505913707408,29.234953741761394,3.6051130307244678e-06,29.235006439370242,0.6417697451118058,-10.472863808433598,true
intel,failed-search/parens/nfa/8,failed-search,nfa,io.airlift.slice.re2.BenchmarkRe2SearchNfa.searchParensNfa,textSize=8,Search_Parens_CachedNFA/8/threads:1,457.449898961327,0.005498316998833902,14,486.1345403459638,488.18092458981573,0.004209501843657542,487.1566579460222,0.9390201108818946,-29.706758984695227,true
intel,failed-search/parens/nfa/64,failed-search,nfa,io.airlift.slice.re2.BenchmarkRe2SearchNfa.searchParensNfa,textSize=64,Search_Parens_CachedNFA/64/threads:1,2211.6954155222893,0.00312396094337333,14,2222.491863870165,2221.9866760013256,0.00022735864003861522,2222.239255580024,0.9952553083421333,-10.543840057734542,true
intel,failed-search/parens/nfa/512,failed-search,nfa,io.airlift.slice.re2.BenchmarkRe2SearchNfa.searchParensNfa,textSize=512,Search_Parens_CachedNFA/512/threads:1,16741.661038570164,0.0034642506078464276,14,16222.478922984776,16229.705403697455,0.00044546094015511924,16226.091761041353,1.0317740886173643,515.5692775288117,true
intel,failed-search/parens/nfa/4096,failed-search,nfa,io.airlift.slice.re2.BenchmarkRe2SearchNfa.searchParensNfa,textSize=4096,Search_Parens_CachedNFA/4096/threads:1,134323.758183771,0.0010961799504802456,14,128603.7293577857,128736.88389184754,0.0010353862576674261,128670.28940043558,1.0439376394479165,5653.468783335411,true
intel,failed-search/parens/nfa/32768,failed-search,nfa,io.airlift.slice.re2.BenchmarkRe2SearchNfa.searchParensNfa,textSize=32768,Search_Parens_CachedNFA/32768/threads:1,1163719.370186808,0.06311644346514339,14,1032820.8088235243,1030462.9584905617,0.002288146617532374,1031641.2100390831,1.1280272238666398,132078.1601477249,false
intel,failed-search/parens/nfa/262144,failed-search,nfa,io.airlift.slice.re2.BenchmarkRe2SearchNfa.searchParensNfa,textSize=262144,Search_Parens_CachedNFA/262144/threads:1,9394475.273984592,0.052188949417187824,14,8213916.2058818815,8235440.529434154,0.002620470310722063,8224671.326399351,1.1422310875609623,1169803.9475852419,false
intel,failed-search/easy2/dfa/8,failed-search,dfa,io.airlift.slice.re2.BenchmarkRe2SearchExtra.searchEasy2Dfa,textSize=8,Search_Easy2_CachedDFA/8/threads:1,22.612232891897875,0.004064431169708767,14,23.996662770626635,24.10516987824485,0.0045217582401097575,24.05085513234215,0.9401841542627853,-1.4386222404442748,true
intel,failed-search/easy2/dfa/64,failed-search,dfa,io.airlift.slice.re2.BenchmarkRe2SearchExtra.searchEasy2Dfa,textSize=64,Search_Easy2_CachedDFA/64/threads:1,51.40069284805973,0.008382115415572041,14,33.517434074070636,33.183039651851495,0.010077269163028079,33.34981774925021,1.541258583016255,18.05087509880952,true
intel,failed-search/easy2/dfa/512,failed-search,dfa,io.airlift.slice.re2.BenchmarkRe2SearchExtra.searchEasy2Dfa,textSize=512,Search_Easy2_CachedDFA/512/threads:1,338.4155681419122,0.0005988668790513884,14,157.3998595361065,157.65326751791298,0.0016099632017037807,157.52651257082957,2.148308640996216,180.88905557108265,true
intel,failed-search/easy2/dfa/4096,failed-search,dfa,io.airlift.slice.re2.BenchmarkRe2SearchExtra.searchEasy2Dfa,textSize=4096,Search_Easy2_CachedDFA/4096/threads:1,2285.868933866026,0.0007278168832642494,14,1118.968807955773,1119.4891087825056,0.0004649824222385309,1119.2289281348258,2.042360482654236,1166.6400057312003,true
intel,failed-search/easy2/dfa/32768,failed-search,dfa,io.airlift.slice.re2.BenchmarkRe2SearchExtra.searchEasy2Dfa,textSize=32768,Search_Easy2_CachedDFA/32768/threads:1,24523.507233228716,0.0002229857366832972,14,8813.77819052097,8816.854121345634,0.00034899117701549053,8815.316021772622,2.7819203727534005,15708.191211456095,true
intel,failed-search/easy2/dfa/262144,failed-search,dfa,io.airlift.slice.re2.BenchmarkRe2SearchExtra.searchEasy2Dfa,textSize=262144,Search_Easy2_CachedDFA/262144/threads:1,153782.03328278865,0.00041724876978272297,14,70482.44612286183,70478.42983122602,5.6986111146732964e-05,70480.43794843563,2.1819108643351153,83301.59533435301,true
intel,failed-search/easy2/dfa/2097152,failed-search,dfa,io.airlift.slice.re2.BenchmarkRe2SearchExtra.searchEasy2Dfa,textSize=2097152,Search_Easy2_CachedDFA/2097152/threads:1,1234627.7155172415,0.009835789961110154,14,564871.7939392454,565244.1838379913,0.000659246757833296,565057.9582116252,2.184957662440088,669569.7573056163,true
intel,failed-search/easy2/dfa/16777216,failed-search,dfa,io.airlift.slice.re2.BenchmarkRe2SearchExtra.searchEasy2Dfa,textSize=16777216,Search_Easy2_CachedDFA/16777216/threads:1,9999086.607843138,0.007181281093639259,14,4534738.980000839,4540674.88235345,0.0013089843492183615,4537705.960561891,2.2035554297143087,5461380.647281247,true
intel,failed-search/easy2/re2/8,failed-search,re2,io.airlift.slice.re2.BenchmarkRe2SearchExtra.searchEasy2Re2,textSize=8,Search_Easy2_CachedRE2/8/threads:1,2.815415744909277,0.001446404290467684,14,29.496211439269814,29.23604664398731,0.008898767964443924,29.365840928865026,0.09587383353772364,-26.55042518395575,true
intel,failed-search/easy2/re2/64,failed-search,re2,io.airlift.slice.re2.BenchmarkRe2SearchExtra.searchEasy2Re2,textSize=64,Search_Easy2_CachedRE2/64/threads:1,19.020658134506682,0.0002597174292063081,14,29.495872408574307,29.229568583830588,0.00911076822704236,29.36241859088483,0.6477892165331159,-10.341760456378147,true
intel,failed-search/easy2/re2/512,failed-search,re2,io.airlift.slice.re2.BenchmarkRe2SearchExtra.searchEasy2Re2,textSize=512,Search_Easy2_CachedRE2/512/threads:1,19.02062367581489,0.00022441769110846877,14,29.498644447935675,29.238564480778866,0.008895100418756295,29.368316563714316,0.6476579491558464,-10.347692887899427,true
intel,failed-search/easy2/re2/4096,failed-search,re2,io.airlift.slice.re2.BenchmarkRe2SearchExtra.searchEasy2Re2,textSize=4096,Search_Easy2_CachedRE2/4096/threads:1,18.76269023716092,0.0002033445191082287,14,29.496470775916883,29.23056130023092,0.00909696782606298,29.363215034391384,0.6389862355053866,-10.600524797230463,true
intel,failed-search/easy2/re2/32768,failed-search,re2,io.airlift.slice.re2.BenchmarkRe2SearchExtra.searchEasy2Re2,textSize=32768,Search_Easy2_CachedRE2/32768/threads:1,18.766558184214986,0.002581660113819834,14,29.50537515922025,29.237244312298508,0.009170865901645687,29.371003763169995,0.6389484791033074,-10.604445578955009,true
intel,failed-search/easy2/re2/262144,failed-search,re2,io.airlift.slice.re2.BenchmarkRe2SearchExtra.searchEasy2Re2,textSize=262144,Search_Easy2_CachedRE2/262144/threads:1,18.765758729705674,0.0003009470931137397,14,29.51002619465092,29.237219597826385,0.009330798228324538,29.373306184197546,0.6388711782060613,-10.607547454491872,true
intel,failed-search/easy2/re2/2097152,failed-search,re2,io.airlift.slice.re2.BenchmarkRe2SearchExtra.searchEasy2Re2,textSize=2097152,Search_Easy2_CachedRE2/2097152/threads:1,18.76253312145178,0.00025115884003871656,14,29.48977888979825,29.22495285198,0.009061641233761894,29.357067252531696,0.6391146963031104,-10.594534131079914,true
intel,failed-search/easy2/re2/16777216,failed-search,re2,io.airlift.slice.re2.BenchmarkRe2SearchExtra.searchEasy2Re2,textSize=16777216,Search_Easy2_CachedRE2/16777216/threads:1,18.764138144059928,0.0002376885196143458,14,29.500837742427414,29.233173519525366,0.009156180827349139,29.36670067773606,0.6389596962210224,-10.602562533676132,true
intel,failed-search/fanout/dfa/8,failed-search,dfa,io.airlift.slice.re2.BenchmarkRe2SearchExtra.searchFanoutDfa,textSize=8,Search_Fanout_CachedDFA/8/threads:1,19.802388449304395,0.0004015140836390243,14,32.03313997992653,23.17026440496289,0.38251076552519975,27.24364738899851,0.7268626027402251,-7.441258939694116,false
intel,failed-search/fanout/dfa/64,failed-search,dfa,io.airlift.slice.re2.BenchmarkRe2SearchExtra.searchFanoutDfa,textSize=64,Search_Fanout_CachedDFA/64/threads:1,36.220056249820445,0.0019468893408256449,14,104.7794430511909,87.85720239762502,0.192610738695947,95.94596779051687,0.37750472566915283,-59.72591154069643,false
intel,failed-search/fanout/dfa/512,failed-search,dfa,io.airlift.slice.re2.BenchmarkRe2SearchExtra.searchFanoutDfa,textSize=512,Search_Fanout_CachedDFA/512/threads:1,176.2083541422325,0.00113487174083892,14,680.1847110540112,663.454533172347,0.02521676625173975,671.767541597022,0.26230554951095847,-495.55918745478954,true
intel,failed-search/fanout/dfa/4096,failed-search,dfa,io.airlift.slice.re2.BenchmarkRe2SearchExtra.searchFanoutDfa,textSize=4096,Search_Fanout_CachedDFA/4096/threads:1,1213.0606566530746,0.00020214675912537768,14,5282.355975080731,5266.509091256425,0.003008992019137588,5274.426581725767,0.22998910646627427,-4061.365925072693,true
intel,failed-search/fanout/dfa/32768,failed-search,dfa,io.airlift.slice.re2.BenchmarkRe2SearchExtra.searchFanoutDfa,textSize=32768,Search_Fanout_CachedDFA/32768/threads:1,9504.836022345049,0.00019376447025035523,14,42130.06099397915,42107.995635250714,0.0005240182629343751,42119.02686966213,0.22566608795967405,-32614.190847317077,true
intel,failed-search/fanout/dfa/262144,failed-search,dfa,io.airlift.slice.re2.BenchmarkRe2SearchExtra.searchFanoutDfa,textSize=262144,Search_Fanout_CachedDFA/262144/threads:1,75851.6082642108,0.004569830097502417,14,337044.0939758726,337094.94337346265,0.00015086868008930222,337069.5177157923,0.2250325356568338,-261217.90945158148,true
intel,failed-search/fanout/dfa/2097152,failed-search,dfa,io.airlift.slice.re2.BenchmarkRe2SearchExtra.searchFanoutDfa,textSize=2097152,Search_Fanout_CachedDFA/2097152/threads:1,608458.5304254508,0.0004332751928051509,14,2737100.7450982705,2733546.0490130396,0.0013003973671906327,2735322.8196163657,0.22244487051469422,-2126864.289190915,true
intel,failed-search/fanout/dfa/16777216,failed-search,dfa,io.airlift.slice.re2.BenchmarkRe2SearchExtra.searchFanoutDfa,textSize=16777216,Search_Fanout_CachedDFA/16777216/threads:1,4897487.558252428,0.0009190889353239382,14,22312589.750005905,22097675.41664102,0.00972565345959605,22204872.57338582,0.2205591381831404,-17307385.015133392,true
intel,failed-search/fanout/re2/8,failed-search,re2,io.airlift.slice.re2.BenchmarkRe2SearchExtra.searchFanoutRe2,textSize=8,Search_Fanout_CachedRE2/8/threads:1,21.37885801117018,0.001855734637562136,14,30.859986959125926,30.87340207997632,0.00043470921968182674,30.86669379074993,0.6926189813557859,-9.48783577957975,true
intel,failed-search/fanout/re2/64,failed-search,re2,io.airlift.slice.re2.BenchmarkRe2SearchExtra.searchFanoutRe2,textSize=64,Search_Fanout_CachedRE2/64/threads:1,38.0803465662844,0.002209825175432408,14,93.84122055598466,94.29765124318409,0.0048638613659881735,94.06915907045709,0.4048122354082331,-55.98881250417269,true
intel,failed-search/fanout/re2/512,failed-search,re2,io.airlift.slice.re2.BenchmarkRe2SearchExtra.searchFanoutRe2,textSize=512,Search_Fanout_CachedRE2/512/threads:1,178.27963526933678,0.0017748125990966334,14,669.1368909291817,669.6449168924638,0.0007592257580905772,669.3908557158168,0.2663311483075049,-491.11122044648,true
intel,failed-search/fanout/re2/4096,failed-search,re2,io.airlift.slice.re2.BenchmarkRe2SearchExtra.searchFanoutRe2,textSize=4096,Search_Fanout_CachedRE2/4096/threads:1,1215.1246267627425,0.00019833486571629603,14,5272.1155504509425,5273.953194203793,0.0003485590813147625,5273.034292275391,0.23044125249532535,-4057.909665512648,true
intel,failed-search/fanout/re2/32768,failed-search,re2,io.airlift.slice.re2.BenchmarkRe2SearchExtra.searchFanoutRe2,textSize=32768,Search_Fanout_CachedRE2/32768/threads:1,9507.442004600847,0.00029789008861062647,14,42101.82484939309,42108.00015068389,0.0001466753831429272,42104.9123868262,0.22580362873704823,-32597.470382225358,true
intel,failed-search/fanout/re2/262144,failed-search,re2,io.airlift.slice.re2.BenchmarkRe2SearchExtra.searchFanoutRe2,textSize=262144,Search_Fanout_CachedRE2/262144/threads:1,75853.94380403458,0.0032212447047572585,14,337076.5048193296,337273.26265005715,0.0005837186155499478,337174.8693824808,0.2249691501118021,-261320.92557844621,true
intel,failed-search/fanout/re2/2097152,failed-search,re2,io.airlift.slice.re2.BenchmarkRe2SearchExtra.searchFanoutRe2,textSize=2097152,Search_Fanout_CachedRE2/2097152/threads:1,608189.530984204,0.00027338364014793806,14,2738135.9019611906,2733544.107848181,0.0016797951420744835,2735839.041554451,0.22230457338551704,-2127649.5105702467,true
intel,failed-search/fanout/re2/16777216,failed-search,re2,io.airlift.slice.re2.BenchmarkRe2SearchExtra.searchFanoutRe2,textSize=16777216,Search_Fanout_CachedRE2/16777216/threads:1,4894900.849514563,0.0005875977719454281,14,22038823.153838377,22080631.15386512,0.0018970159946794798,22059717.249438345,0.22189318177408598,-17164816.399923783,true
intel,failed-search/big-fixed/dfa/8,failed-search,dfa,io.airlift.slice.re2.BenchmarkRe2SearchExtra.searchBigFixedDfa,textSize=8,Search_BigFixed_CachedDFA/8/threads:1,27.79428950008102,0.0008549881606886254,14,24.914249879821508,24.953063829986593,0.0015579016166375368,24.93364930224659,1.1147301048136857,2.8606401978344316,true
intel,failed-search/big-fixed/dfa/64,failed-search,dfa,io.airlift.slice.re2.BenchmarkRe2SearchExtra.searchBigFixedDfa,textSize=64,Search_BigFixed_CachedDFA/64/threads:1,122.62879726795403,0.0007570724004588597,14,95.52722998020758,95.53017857820234,3.086657066650381e-05,95.5287042678285,1.2836853405249433,27.100093000125526,true
intel,failed-search/big-fixed/dfa/512,failed-search,dfa,io.airlift.slice.re2.BenchmarkRe2SearchExtra.searchBigFixedDfa,textSize=512,Search_BigFixed_CachedDFA/512/threads:1,987.7808116668367,0.00032903279321451847,14,672.3322147005645,672.4052953733142,0.00010869726476256817,672.3687540440346,1.4691057633563758,315.4120576228021,true
intel,failed-search/big-fixed/dfa/4096,failed-search,dfa,io.airlift.slice.re2.BenchmarkRe2SearchExtra.searchBigFixedDfa,textSize=4096,Search_BigFixed_CachedDFA/4096/threads:1,8740.066222901223,0.0001324234387933945,14,6675.80289412837,6634.7390850935135,0.006189212342519393,6655.239318465858,1.3132609970389393,2084.8269044353656,true
intel,failed-search/big-fixed/dfa/32768,failed-search,dfa,io.airlift.slice.re2.BenchmarkRe2SearchExtra.searchBigFixedDfa,textSize=32768,Search_BigFixed_CachedDFA/32768/threads:1,69408.02930879367,0.004980776856078716,14,60783.81575521282,64415.28327956163,0.059743987428715756,62573.21080689974,1.1092291479653507,6834.818501893933,false
intel,failed-search/big-fixed/dfa/262144,failed-search,dfa,io.airlift.slice.re2.BenchmarkRe2SearchExtra.searchBigFixedDfa,textSize=262144,Search_BigFixed_CachedDFA/262144/threads:1,840685.1190400992,0.00531591182674354,14,743594.7824932621,743156.4100544265,0.0005898791060733193,743375.5639600314,1.130902278468357,97309.55508006783,true
intel,failed-search/big-fixed/dfa/1048576,failed-search,dfa,io.airlift.slice.re2.BenchmarkRe2SearchExtra.searchBigFixedDfa,textSize=1048576,Search_BigFixed_CachedDFA/1048576/threads:1,2147469.6694549974,0.012551705045165194,14,3187283.046511417,3173097.74999601,0.004470488347049634,3180182.4890225725,0.6752661763492136,-1032712.8195675751,true
intel,failed-search/big-fixed/re2/8,failed-search,re2,io.airlift.slice.re2.BenchmarkRe2SearchExtra.searchBigFixedRe2,textSize=8,Search_BigFixed_CachedRE2/8/threads:1,18.767142641987654,0.00850919636636268,14,21.107276257968323,20.939252216729205,0.00802435729318341,21.02309637455384,0.8926916524391348,-2.255953732566187,true
intel,failed-search/big-fixed/re2/64,failed-search,re2,io.airlift.slice.re2.BenchmarkRe2SearchExtra.searchBigFixedRe2,textSize=64,Search_BigFixed_CachedRE2/64/threads:1,73.99970862192123,0.00045794896059675764,14,64.23826285602058,64.42858525433658,0.0029627575506295223,64.33335367451012,1.1502541744725034,9.666354947411108,true
intel,failed-search/big-fixed/re2/512,failed-search,re2,io.airlift.slice.re2.BenchmarkRe2SearchExtra.searchBigFixedRe2,textSize=512,Search_BigFixed_CachedRE2/512/threads:1,288.51883851616634,0.001757809522539301,14,353.317344581218,353.35003140421634,9.251406278143713e-05,353.3336876147358,0.8165619317645092,-64.81484909856948,true
intel,failed-search/big-fixed/re2/4096,failed-search,re2,io.airlift.slice.re2.BenchmarkRe2SearchExtra.searchBigFixedRe2,textSize=4096,Search_BigFixed_CachedRE2/4096/threads:1,1945.480512010504,0.0002924340105291619,14,2672.5282315498284,2673.804635820797,0.0004776017914050129,2673.166357501884,0.7277813094388134,-727.6858454913797,true
intel,failed-search/big-fixed/re2/32768,failed-search,re2,io.airlift.slice.re2.BenchmarkRe2SearchExtra.searchBigFixedRe2,textSize=32768,Search_BigFixed_CachedRE2/32768/threads:1,15586.431835777732,0.0006871517745980673,14,21247.23797218319,21243.314142519088,0.00018470892242975634,21245.27596676371,0.7336422393458799,-5658.844130985979,true
intel,failed-search/big-fixed/re2/262144,failed-search,re2,io.airlift.slice.re2.BenchmarkRe2SearchExtra.searchBigFixedRe2,textSize=262144,Search_BigFixed_CachedRE2/262144/threads:1,123706.9494144212,0.011447361514253539,14,170759.9841463379,170797.58780510465,0.00022021352926878993,170778.78494073093,0.7243695372194732,-47071.83552630973,true
intel,failed-search/big-fixed/re2/1048576,failed-search,re2,io.airlift.slice.re2.BenchmarkRe2SearchExtra.searchBigFixedRe2,textSize=1048576,Search_BigFixed_CachedRE2/1048576/threads:1,508503.46521256864,0.002547230196643857,14,691015.2148147523,686290.3553922602,0.006884636197155251,688648.7329231612,0.7384076102980458,-180145.2677105926,true
intel,successful-search/success/dfa/8,successful-search,dfa,io.airlift.slice.re2.BenchmarkRe2SearchExtra.searchSuccessDfa,textSize=8,Search_Success_CachedDFA/8/threads:1,27.97773496751237,0.0003698295944803316,14,24.868759820676726,24.926724480288392,0.002330822285857334,24.897725281970537,1.1237064691918741,3.0800096855418317,true
intel,successful-search/success/dfa/64,successful-search,dfa,io.airlift.slice.re2.BenchmarkRe2SearchExtra.searchSuccessDfa,textSize=64,Search_Success_CachedDFA/64/threads:1,119.15901410618996,0.00045583684849166906,14,95.5662677960551,95.6116482154554,0.0004748581319210621,95.58895531273697,1.2465772192649158,23.570058793452986,true
intel,successful-search/success/dfa/512,successful-search,dfa,io.airlift.slice.re2.BenchmarkRe2SearchExtra.searchSuccessDfa,textSize=512,Search_Success_CachedDFA/512/threads:1,541.0848056569832,0.0020174483081175166,14,671.3510720223173,671.4463964822098,0.00014198898886887061,671.3987325605057,0.8059068023459834,-130.31392690352243,true
intel,successful-search/success/dfa/4096,successful-search,dfa,io.airlift.slice.re2.BenchmarkRe2SearchExtra.searchSuccessDfa,textSize=4096,Search_Success_CachedDFA/4096/threads:1,3760.37823089577,0.0007109834858901317,14,5272.895825485108,5273.897456679386,0.00018995846446217453,5273.396617300965,0.7130846594315924,-1513.018386405195,true
intel,successful-search/success/dfa/32768,successful-search,dfa,io.airlift.slice.re2.BenchmarkRe2SearchExtra.searchSuccessDfa,textSize=32768,Search_Success_CachedDFA/32768/threads:1,30432.459155288576,0.0007246461052445526,14,42107.93996388443,42101.36503136838,0.0001561691054708486,42104.65236928626,0.7227813897707869,-11672.193213997685,true
intel,successful-search/success/dfa/262144,successful-search,dfa,io.airlift.slice.re2.BenchmarkRe2SearchExtra.searchSuccessDfa,textSize=262144,Search_Success_CachedDFA/262144/threads:1,242879.75495409686,0.0005918246112088,14,336787.37951797567,336868.48554165167,0.00024082263353240052,336827.9300885868,0.721079617388673,-93948.17513448995,true
intel,successful-search/success/dfa/2097152,successful-search,dfa,io.airlift.slice.re2.BenchmarkRe2SearchExtra.searchSuccessDfa,textSize=2097152,Search_Success_CachedDFA/2097152/threads:1,1908439.5760456272,0.0005937517320239383,14,2772334.9484539977,2764221.852938884,0.002935037759899067,2768275.428526348,0.6893965666781784,-859835.8524807207,true
intel,successful-search/success/dfa/16777216,successful-search,dfa,io.airlift.slice.re2.BenchmarkRe2SearchExtra.searchSuccessDfa,textSize=16777216,Search_Success_CachedDFA/16777216/threads:1,15391456.742424242,0.00287480068976177,14,22000394.230767246,22049788.53856469,0.0022451555767289784,22025077.537967406,0.6988150991020143,-6633620.795543164,true
intel,successful-search/success/re2/8,successful-search,re2,io.airlift.slice.re2.BenchmarkRe2SearchExtra.searchSuccessRe2,textSize=8,Search_Success_CachedRE2/8/threads:1,23.08970802231324,0.0002491347234677415,14,23.522445045123664,23.71352100274959,0.008123133341767027,23.617789791035975,0.9776405085575295,-0.5280817687227355,true
intel,successful-search/success/re2/64,successful-search,re2,io.airlift.slice.re2.BenchmarkRe2SearchExtra.searchSuccessRe2,textSize=64,Search_Success_CachedRE2/64/threads:1,124.71288736500108,0.0003610357712926496,14,103.65891904663779,103.70468572999293,0.0004415122574696042,103.68179986305384,1.2028426158662924,21.03108750194724,true
intel,successful-search/success/re2/512,successful-search,re2,io.airlift.slice.re2.BenchmarkRe2SearchExtra.searchSuccessRe2,textSize=512,Search_Success_CachedRE2/512/threads:1,540.5845630651197,0.0008331945309207697,14,679.3039960014911,679.4149810870292,0.00016338058688215732,679.3594862778442,0.7957268191350928,-138.7749232127245,true
intel,successful-search/success/re2/4096,successful-search,re2,io.airlift.slice.re2.BenchmarkRe2SearchExtra.searchSuccessRe2,textSize=4096,Search_Success_CachedRE2/4096/threads:1,3750.530797684938,0.0003034200173125885,14,5282.554794263323,5282.82356721766,5.0879350012357787e-05,5282.689179031161,0.7099662067138277,-1532.158381346223,true
intel,successful-search/success/re2/32768,successful-search,re2,io.airlift.slice.re2.BenchmarkRe2SearchExtra.searchSuccessRe2,textSize=32768,Search_Success_CachedRE2/32768/threads:1,30341.81524025119,0.0003929658514891217,14,42122.7140277075,42122.14221137167,1.357519598511864e-05,42122.428118569274,0.7203244588569976,-11780.612878318083,true
intel,successful-search/success/re2/262144,successful-search,re2,io.airlift.slice.re2.BenchmarkRe2SearchExtra.searchSuccessRe2,textSize=262144,Search_Success_CachedRE2/262144/threads:1,242780.46286407765,0.0004059747403496051,14,337028.96501809894,336960.0469878025,0.00020452878883574907,336994.5042411657,0.7204285524203534,-94214.04137708806,true
intel,successful-search/success/re2/2097152,successful-search,re2,io.airlift.slice.re2.BenchmarkRe2SearchExtra.searchSuccessRe2,textSize=2097152,Search_Success_CachedRE2/2097152/threads:1,1910525.5629770993,0.00040160058621028334,14,2770088.5148517657,2761989.435654896,0.0029323353276872644,2766036.0109459055,0.6907088539038051,-855510.4479688061,true
intel,successful-search/success/re2/16777216,successful-search,re2,io.airlift.slice.re2.BenchmarkRe2SearchExtra.searchSuccessRe2,textSize=16777216,Search_Success_CachedRE2/16777216/threads:1,15419920.227272727,0.00937876639111697,14,22038490.53845576,21997702.30757937,0.0018542041485094648,22018086.978058614,0.7003296990623632,-6598166.750785887,true
intel,successful-search/success/one-pass/8,successful-search,one-pass,io.airlift.slice.re2.BenchmarkRe2SearchExtra.searchSuccessOnePass,textSize=8,Search_Success_CachedOnePass/8/threads:1,19.58108734353789,0.0006348759812160907,14,16.52971074264091,15.878814253363519,0.04099150471134921,16.200993998647817,1.2086349359287576,3.3800933448900743,true
intel,successful-search/success/one-pass/64,successful-search,one-pass,io.airlift.slice.re2.BenchmarkRe2SearchExtra.searchSuccessOnePass,textSize=64,Search_Success_CachedOnePass/64/threads:1,176.12221699181134,0.002452573175665427,14,161.88332601005615,161.93089080409467,0.00029382145283799534,161.9071066603874,1.0877979393532196,14.215110331423944,true
intel,successful-search/success/one-pass/512,successful-search,one-pass,io.airlift.slice.re2.BenchmarkRe2SearchExtra.searchSuccessOnePass,textSize=512,Search_Success_CachedOnePass/512/threads:1,1490.7390684129505,0.0001843036976487863,14,1451.30586625463,1450.845579008522,0.0003172544706119313,1451.0757043809476,1.0273337661930766,39.663364032002846,true
intel,successful-search/success/one-pass/4096,successful-search,one-pass,io.airlift.slice.re2.BenchmarkRe2SearchExtra.searchSuccessOnePass,textSize=4096,Search_Success_CachedOnePass/4096/threads:1,12028.725134718356,0.0031741433630435617,14,11798.971798328985,11798.598506547372,3.163865448978552e-05,11798.785150961896,1.0194884457013538,229.9399837564597,true
intel,successful-search/success/one-pass/32768,successful-search,one-pass,io.airlift.slice.re2.BenchmarkRe2SearchExtra.searchSuccessOnePass,textSize=32768,Search_Success_CachedOnePass/32768/threads:1,96206.26127281674,0.0023827064205874117,14,93876.12303050101,93841.09993325738,0.00037321703676251823,93858.60984828195,1.0250126379277262,2347.6514245347935,true
intel,successful-search/success/one-pass/262144,successful-search,one-pass,io.airlift.slice.re2.BenchmarkRe2SearchExtra.searchSuccessOnePass,textSize=262144,Search_Success_CachedOnePass/262144/threads:1,768056.8926380367,0.00020588052655730546,14,746641.8639999877,746661.4133348534,2.61830146529874e-05,746651.6386034389,1.0286683279429145,21405.254034597892,true
intel,successful-search/success/one-pass/2097152,successful-search,one-pass,io.airlift.slice.re2.BenchmarkRe2SearchExtra.searchSuccessOnePass,textSize=2097152,Search_Success_CachedOnePass/2097152/threads:1,6155045.286585366,0.00020429447487065709,14,5987071.553191681,5989915.021270095,0.00047493470775343213,5988493.118463253,1.0278120329818219,166552.16812211368,true
intel,successful-search/success-one-byte/dfa/8,successful-search,dfa,io.airlift.slice.re2.BenchmarkRe2SearchExtra.searchSuccess1Dfa,textSize=8,Search_Success1_CachedDFA/8/threads:1,27.976410124574322,0.0002753895338389492,14,24.902102504271667,24.955849792764916,0.002158343396266587,24.928961663507742,1.122245302560178,3.0474484610665797,true
intel,successful-search/success-one-byte/dfa/64,successful-search,dfa,io.airlift.slice.re2.BenchmarkRe2SearchExtra.searchSuccess1Dfa,textSize=64,Search_Success1_CachedDFA/64/threads:1,119.22414203822022,0.0005130197301309059,14,95.58364023416775,95.58309925920673,5.659734463571969e-06,95.58336974630451,1.247331438038464,23.64077229191571,true
intel,successful-search/success-one-byte/dfa/512,successful-search,dfa,io.airlift.slice.re2.BenchmarkRe2SearchExtra.searchSuccess1Dfa,textSize=512,Search_Success1_CachedDFA/512/threads:1,541.1821321308782,0.0011091028280442445,14,671.2722189544809,671.4175329455281,0.00021647550270081093,671.3448720183152,0.8061164308947222,-130.16273988743694,true
intel,successful-search/success-one-byte/dfa/4096,successful-search,dfa,io.airlift.slice.re2.BenchmarkRe2SearchExtra.searchSuccess1Dfa,textSize=4096,Search_Success1_CachedDFA/4096/threads:1,3762.2299796066545,0.0006324290108893591,14,5273.416357298561,5273.405317302892,2.0935230660487535e-06,5273.410837297837,0.7134338847633706,-1511.1808576911826,true
intel,successful-search/success-one-byte/dfa/32768,successful-search,dfa,io.airlift.slice.re2.BenchmarkRe2SearchExtra.searchSuccess1Dfa,textSize=32768,Search_Success1_CachedDFA/32768/threads:1,30437.02960844997,0.0004176835818328043,14,42098.32936927016,42110.01385730008,0.00027755229732339065,42104.171207959305,0.722898200705972,-11667.141599509334,true
intel,successful-search/success-one-byte/dfa/262144,successful-search,dfa,io.airlift.slice.re2.BenchmarkRe2SearchExtra.searchSuccess1Dfa,textSize=262144,Search_Success1_CachedDFA/262144/threads:1,242690.08248423098,0.00043971317832049254,14,336952.71325303067,336846.77349460305,0.00031450429917599643,336899.739209658,0.7203629277172018,-94209.65672542702,true
intel,successful-search/success-one-byte/dfa/2097152,successful-search,dfa,io.airlift.slice.re2.BenchmarkRe2SearchExtra.searchSuccess1Dfa,textSize=2097152,Search_Success1_CachedDFA/2097152/threads:1,1910123.078244275,0.0007797628042709342,14,2758581.9900988364,2763141.3921542345,0.0016528064316242194,2760860.749928054,0.6918578122036946,-850737.671683779,true
intel,successful-search/success-one-byte/dfa/16777216,successful-search,dfa,io.airlift.slice.re2.BenchmarkRe2SearchExtra.searchSuccess1Dfa,textSize=16777216,Search_Success1_CachedDFA/16777216/threads:1,15450312.59090909,0.002688384084665341,14,22037341.07692631,22483664.538482957,0.020253054122938617,22259384.180469636,0.6941033258442604,-6809071.589560546,true
intel,successful-search/success-one-byte/re2/8,successful-search,re2,io.airlift.slice.re2.BenchmarkRe2SearchExtra.searchSuccess1Re2,textSize=8,Search_Success1_CachedRE2/8/threads:1,29.981126169590198,0.0005344390006467247,14,32.48819897423609,32.30596861683965,0.005640764391179821,32.396955666841805,0.9254303545649445,-2.4158294972516074,true
intel,successful-search/success-one-byte/re2/64,successful-search,re2,io.airlift.slice.re2.BenchmarkRe2SearchExtra.searchSuccess1Re2,textSize=64,Search_Success1_CachedRE2/64/threads:1,125.41877043288355,0.008057556091840189,14,103.56626246683118,103.57818577691812,0.0001151273571425916,103.57222395029713,1.2109305530898928,21.84654648258642,true
intel,successful-search/success-one-byte/re2/512,successful-search,re2,io.airlift.slice.re2.BenchmarkRe2SearchExtra.searchSuccess1Re2,textSize=512,Search_Success1_CachedRE2/512/threads:1,540.9414091723904,0.0014132197358656794,14,679.1404914163387,679.2695274812376,0.00018999907460936732,679.2050063844877,0.7964331889305476,-138.26359721209724,true
intel,successful-search/success-one-byte/re2/4096,successful-search,re2,io.airlift.slice.re2.BenchmarkRe2SearchExtra.searchSuccess1Re2,textSize=4096,Search_Success1_CachedRE2/4096/threads:1,3749.2139181685416,0.00030884579244947987,14,5282.528855232123,5281.78173000933,0.00014145325592451163,5282.155279411249,0.7097886600914979,-1532.941361242707,true
intel,successful-search/success-one-byte/re2/32768,successful-search,re2,io.airlift.slice.re2.BenchmarkRe2SearchExtra.searchSuccess1Re2,textSize=32768,Search_Success1_CachedRE2/32768/threads:1,30345.726219857563,0.0003111786162316838,14,42120.31250939364,42113.450271419686,0.00016294646792715196,42116.88125064587,0.7205121870079638,-11771.155030788308,true
intel,successful-search/success-one-byte/re2/262144,successful-search,re2,io.airlift.slice.re2.BenchmarkRe2SearchExtra.searchSuccess1Re2,textSize=262144,Search_Success1_CachedRE2/262144/threads:1,242663.47598253275,0.0006368527818743458,14,336874.96024100826,337076.7578318524,0.000599028169679895,336975.8439306492,0.720121279768866,-94312.36794811647,true
intel,successful-search/success-one-byte/re2/2097152,successful-search,re2,io.airlift.slice.re2.BenchmarkRe2SearchExtra.searchSuccess1Re2,textSize=2097152,Search_Success1_CachedRE2/2097152/threads:1,1908817.73588657,0.00045599099053192653,14,2765892.7450981233,2762596.089996805,0.001193317804674874,2764243.926095996,0.6905388189031626,-855426.190209426,true
intel,successful-search/success-one-byte/re2/16777216,successful-search,re2,io.airlift.slice.re2.BenchmarkRe2SearchExtra.searchSuccess1Re2,textSize=16777216,Search_Success1_CachedRE2/16777216/threads:1,15467985.969696969,0.004317842306874493,14,22142405.538453694,22003323.538368795,0.00632095418868754,22072754.992985487,0.7007727841228949,-6604769.023288518,true
intel,successful-search/success-one-byte/bit-state/8,successful-search,bit-state,io.airlift.slice.re2.BenchmarkRe2SearchExtra.searchSuccess1BitState,textSize=8,Search_Success1_CachedBitState/8/threads:1,258.7109353633835,0.010804421384541227,14,110.51649444381216,110.58811214358218,0.0006480272481536883,110.55229749429849,2.340167877349867,148.158637869085,true
intel,successful-search/success-one-byte/bit-state/64,successful-search,bit-state,io.airlift.slice.re2.BenchmarkRe2SearchExtra.searchSuccess1BitState,textSize=64,Search_Success1_CachedBitState/64/threads:1,828.8598554046562,0.0064938052635422966,14,454.70057395124365,454.5031656952292,0.0004343385721252136,454.60185910781087,1.8232654328148894,374.2579962968453,true
intel,successful-search/success-one-byte/bit-state/512,successful-search,bit-state,io.airlift.slice.re2.BenchmarkRe2SearchExtra.searchSuccess1BitState,textSize=512,Search_Success1_CachedBitState/512/threads:1,5524.136747277471,0.00409510391500707,14,3273.708669288994,3208.854527108063,0.020210994806106043,3241.1193874772493,1.7043916273560122,2283.0173598002216,true
intel,successful-search/success-one-byte/bit-state/4096,successful-search,bit-state,io.airlift.slice.re2.BenchmarkRe2SearchExtra.searchSuccess1BitState,textSize=4096,Search_Success1_CachedBitState/4096/threads:1,44411.797245245216,0.009649011593289472,14,27059.162074560834,25393.863881829624,0.06557876345563941,26213.292019083838,1.6942472243819082,18198.50522616138,false
intel,successful-search/success-one-byte/bit-state/32768,successful-search,bit-state,io.airlift.slice.re2.BenchmarkRe2SearchExtra.searchSuccess1BitState,textSize=32768,Search_Success1_CachedBitState/32768/threads:1,345108.46379310347,0.0003485433458862049,14,217252.74528303347,214046.42259122446,0.01497956682944563,215643.6248210362,1.600364787410297,129464.83897206726,true
intel,successful-search/success-one-byte/bit-state/262144,successful-search,bit-state,io.airlift.slice.re2.BenchmarkRe2SearchExtra.searchSuccess1BitState,textSize=262144,Search_Success1_CachedBitState/262144/threads:1,2979945.300595238,0.0004958667848803746,14,1549454.7900547811,1518036.66286079,0.020696553622613172,1533665.2759805268,1.943021953528975,1446280.024614711,true
intel,successful-search/success-one-byte/bit-state/2097152,successful-search,bit-state,io.airlift.slice.re2.BenchmarkRe2SearchExtra.searchSuccess1BitState,textSize=2097152,Search_Success1_CachedBitState/2097152/threads:1,23058568.81818182,0.0024030082407617017,14,12091086.086951217,12064385.217419604,0.0022131976930792807,12077728.273560476,1.9091809565429334,10980840.544621345,true
intel,successful-search/alternate-match/dfa/8,successful-search,dfa,io.airlift.slice.re2.BenchmarkRe2SearchExtra.searchAltMatchDfa,textSize=8,Search_AltMatch_CachedDFA/8/threads:1,17.751329197327294,0.000514670700947498,14,21.07447812098392,21.07292462678586,7.371991432480485e-05,21.073701359569984,0.8423451056103186,-3.32237216224269,true
intel,successful-search/alternate-match/dfa/64,successful-search,dfa,io.airlift.slice.re2.BenchmarkRe2SearchExtra.searchAltMatchDfa,textSize=64,Search_AltMatch_CachedDFA/64/threads:1,17.77036457713804,0.001088338291673355,14,21.0737987681431,21.08265037563574,0.00042002904127668936,21.07822410724547,0.8430674466085413,-3.3078595301074323,true
intel,successful-search/alternate-match/dfa/512,successful-search,dfa,io.airlift.slice.re2.BenchmarkRe2SearchExtra.searchAltMatchDfa,textSize=512,Search_AltMatch_CachedDFA/512/threads:1,19.435315838387243,0.0032191534638544256,14,21.07910020356254,21.07400247675422,0.00024189647001999302,21.076551186036756,0.9221297956595084,-1.6412353476495127,true
intel,successful-search/alternate-match/dfa/4096,successful-search,dfa,io.airlift.slice.re2.BenchmarkRe2SearchExtra.searchAltMatchDfa,textSize=4096,Search_AltMatch_CachedDFA/4096/threads:1,19.433758937774712,0.0031884192524970927,14,21.070376149588892,21.07620946429831,0.0002768491016962951,21.073292605103045,0.9221985050911641,-1.6395336673283332,true
intel,successful-search/alternate-match/dfa/32768,successful-search,dfa,io.airlift.slice.re2.BenchmarkRe2SearchExtra.searchAltMatchDfa,textSize=32768,Search_AltMatch_CachedDFA/32768/threads:1,19.57392660364699,0.005346647803740132,14,21.075162075065276,21.08405294694904,0.0004218649352302466,21.079607042262637,0.9285717027078872,-1.5056804386156486,true
intel,successful-search/alternate-match/dfa/262144,successful-search,dfa,io.airlift.slice.re2.BenchmarkRe2SearchExtra.searchAltMatchDfa,textSize=262144,Search_AltMatch_CachedDFA/262144/threads:1,19.435917360020312,0.0033887080351902056,14,21.083453320141192,21.075282146293247,0.0003877136159423619,21.07936733728455,0.9220351374418457,-1.6434499772642361,true
intel,successful-search/alternate-match/dfa/2097152,successful-search,dfa,io.airlift.slice.re2.BenchmarkRe2SearchExtra.searchAltMatchDfa,textSize=2097152,Search_AltMatch_CachedDFA/2097152/threads:1,19.43840291072232,0.003689066205894593,14,21.073948199228266,21.07406995576957,5.777585678452334e-06,21.074009077410985,0.9223875172170324,-1.6356061666886639,true
intel,successful-search/alternate-match/dfa/16777216,successful-search,dfa,io.airlift.slice.re2.BenchmarkRe2SearchExtra.searchAltMatchDfa,textSize=16777216,Search_AltMatch_CachedDFA/16777216/threads:1,19.4281414153235,0.0054554841891072065,14,21.074182632529034,21.067301208125002,0.00032664005398934924,21.070741639404293,0.9220435496675173,-1.6426002240807946,true
intel,successful-search/alternate-match/re2/8,successful-search,re2,io.airlift.slice.re2.BenchmarkRe2SearchExtra.searchAltMatchRe2,textSize=8,Search_AltMatch_CachedRE2/8/threads:1,5.141018063261695,0.0002294931282822475,14,23.051488987782655,23.037707062039665,0.0005982333964867008,23.044596994618285,0.22308995312273422,-17.90357893135659,true
intel,successful-search/alternate-match/re2/64,successful-search,re2,io.airlift.slice.re2.BenchmarkRe2SearchExtra.searchAltMatchRe2,textSize=64,Search_AltMatch_CachedRE2/64/threads:1,19.79124911125338,0.00023696537080325432,14,29.03590792524874,29.03882258911949,0.00010038135808442886,29.03736522061371,0.6815786818427835,-9.246116109360333,true
intel,successful-search/alternate-match/re2/512,successful-search,re2,io.airlift.slice.re2.BenchmarkRe2SearchExtra.searchAltMatchRe2,textSize=512,Search_AltMatch_CachedRE2/512/threads:1,21.334798556146538,0.00027727523774674184,14,29.044347645195295,29.034895143754675,0.0003255565895388935,29.03962100987207,0.7346789597871727,-7.704822453725534,true
intel,successful-search/alternate-match/re2/4096,successful-search,re2,io.airlift.slice.re2.BenchmarkRe2SearchExtra.searchAltMatchRe2,textSize=4096,Search_AltMatch_CachedRE2/4096/threads:1,21.08811268745898,0.005556133026637182,14,29.036183635295817,29.038946326842023,9.514651033021822e-05,29.03756494821293,0.7262355753682719,-7.949452260753947,true
intel,successful-search/alternate-match/re2/32768,successful-search,re2,io.airlift.slice.re2.BenchmarkRe2SearchExtra.searchAltMatchRe2,textSize=32768,Search_AltMatch_CachedRE2/32768/threads:1,21.084968063174607,0.00045850995639259214,14,29.042274635465162,29.053238640164142,0.00037751880100987423,29.047756120522553,0.7258725243936432,-7.962788057347947,true
intel,successful-search/alternate-match/re2/262144,successful-search,re2,io.airlift.slice.re2.BenchmarkRe2SearchExtra.searchAltMatchRe2,textSize=262144,Search_AltMatch_CachedRE2/262144/threads:1,21.08577832380957,0.0004537143838427798,14,29.292262182037387,29.299104614503925,0.0002335918074205224,29.295683198501965,0.7197571799550246,-8.209904874692395,true
intel,successful-search/alternate-match/re2/2097152,successful-search,re2,io.airlift.slice.re2.BenchmarkRe2SearchExtra.searchAltMatchRe2,textSize=2097152,Search_AltMatch_CachedRE2/2097152/threads:1,21.083056112887512,0.0004613646340188502,14,29.283917739586173,29.2851844028411,4.325456949414091e-05,29.28455106436516,0.7199378288760035,-8.201494951477649,true
intel,successful-search/alternate-match/re2/16777216,successful-search,re2,io.airlift.slice.re2.BenchmarkRe2SearchExtra.searchAltMatchRe2,textSize=16777216,Search_AltMatch_CachedRE2/16777216/threads:1,21.081466569843208,0.0001627435337984205,14,29.289864374882722,29.293508508939528,0.00012441621477534315,29.29168638524098,0.7197081892992476,-8.210219815397771,true
intel,successful-search/alternate-match/one-pass/8,successful-search,one-pass,io.airlift.slice.re2.BenchmarkRe2SearchExtra.searchAltMatchOnePass,textSize=8,Search_AltMatch_CachedOnePass/8/threads:1,2.569947467085444,0.0003499940079227453,14,19.019661843002105,19.914177268239804,0.04703108985961378,19.46178094428977,0.13205099134771042,-16.891833477204326,true
intel,successful-search/alternate-match/one-pass/64,successful-search,one-pass,io.airlift.slice.re2.BenchmarkRe2SearchExtra.searchAltMatchOnePass,textSize=64,Search_AltMatch_CachedOnePass/64/threads:1,2.5701173693546684,0.00030500022064913545,14,184.0253045546952,183.51684356125165,0.0027706502769803917,183.77089820555292,0.01398544271400317,-181.20078083619825,true
intel,successful-search/alternate-match/one-pass/512,successful-search,one-pass,io.airlift.slice.re2.BenchmarkRe2SearchExtra.searchAltMatchOnePass,textSize=512,Search_AltMatch_CachedOnePass/512/threads:1,2.569767180155306,0.00020356661140531594,14,1492.9658349414383,1496.6508267086358,0.0024682358302874764,1494.807195297391,0.0017191295226833935,-1492.2374281172356,true
intel,successful-search/alternate-match/one-pass/4096,successful-search,one-pass,io.airlift.slice.re2.BenchmarkRe2SearchExtra.searchAltMatchOnePass,textSize=4096,Search_AltMatch_CachedOnePass/4096/threads:1,2.5697646941996,0.00021970475002366975,14,12064.403975223144,12090.798536850785,0.002187804858147023,12077.594045653495,0.00021277124272316565,-12075.024280959296,true
intel,successful-search/alternate-match/one-pass/32768,successful-search,one-pass,io.airlift.slice.re2.BenchmarkRe2SearchExtra.searchAltMatchOnePass,textSize=32768,Search_AltMatch_CachedOnePass/32768/threads:1,2.569979913773849,0.00018940264961086087,14,95479.21605982432,95432.26781413809,0.0004919535788216515,95455.73905064644,2.6923262439048127e-05,-95453.16907073266,true
intel,successful-search/alternate-match/one-pass/262144,successful-search,one-pass,io.airlift.slice.re2.BenchmarkRe2SearchExtra.searchAltMatchOnePass,textSize=262144,Search_AltMatch_CachedOnePass/262144/threads:1,2.5697783490842223,0.0022971182101244147,14,761856.8038147263,761735.0681186498,0.00015981369530117267,761795.9335350033,3.3733159182926316e-06,-761793.3637566542,true
intel,successful-search/alternate-match/one-pass/2097152,successful-search,one-pass,io.airlift.slice.re2.BenchmarkRe2SearchExtra.searchAltMatchOnePass,textSize=2097152,Search_AltMatch_CachedOnePass/2097152/threads:1,2.5699911287027595,0.00014407186530585234,14,6268582.977776936,6209240.933336938,0.009557052959790233,6238841.4004229745,4.119340377090724e-07,-6238838.830431846,true
intel,successful-search/alternate-match/one-pass/16777216,successful-search,one-pass,io.airlift.slice.re2.BenchmarkRe2SearchExtra.searchAltMatchOnePass,textSize=16777216,Search_AltMatch_CachedOnePass/16777216/threads:1,2.5698330710702884,0.00042115123416706685,14,50115179.000007026,49882500.99995639,0.004664521533329645,49998704.6490291,5.139799299020821e-08,-49998702.07919603,true
intel,successful-search/alternate-match/bit-state/8,successful-search,bit-state,io.airlift.slice.re2.BenchmarkRe2SearchExtra.searchAltMatchBitState,textSize=8,Search_AltMatch_CachedBitState/8/threads:1,156.14153429756453,0.00892201533330723,14,52.93677316634955,52.888161861388184,0.0009191339470025836,52.912461931396514,2.9509406404111256,103.22907236616803,true
intel,successful-search/alternate-match/bit-state/64,successful-search,bit-state,io.airlift.slice.re2.BenchmarkRe2SearchExtra.searchAltMatchBitState,textSize=64,Search_AltMatch_CachedBitState/64/threads:1,157.37322099545463,0.017338654771294388,14,52.53634188677953,52.926601380968194,0.007428372059663112,52.731110599491856,2.9844473064629735,104.64211039596277,true
intel,successful-search/alternate-match/bit-state/512,successful-search,bit-state,io.airlift.slice.re2.BenchmarkRe2SearchExtra.searchAltMatchBitState,textSize=512,Search_AltMatch_CachedBitState/512/threads:1,174.8896487286188,0.020888172582083024,14,52.87772280649167,52.518569515969716,0.006838596211436069,52.697840193492844,3.318725171401128,122.19180853512594,true
intel,successful-search/alternate-match/bit-state/4096,successful-search,bit-state,io.airlift.slice.re2.BenchmarkRe2SearchExtra.searchAltMatchBitState,textSize=4096,Search_AltMatch_CachedBitState/4096/threads:1,308.7928080783503,0.01031184309725389,14,76.44058906319572,75.57200044073184,0.011493524286750555,76.00505397915082,4.062793089562915,232.78775409919945,true
intel,successful-search/alternate-match/bit-state/32768,successful-search,bit-state,io.airlift.slice.re2.BenchmarkRe2SearchExtra.searchAltMatchBitState,textSize=32768,Search_AltMatch_CachedBitState/32768/threads:1,1114.6853527625058,0.0071891431213706395,14,108.47720425096593,108.05082908031393,0.003946061074043868,108.26380676676497,10.29601106825937,1006.4215459957408,true
intel,successful-search/alternate-match/bit-state/262144,successful-search,bit-state,io.airlift.slice.re2.BenchmarkRe2SearchExtra.searchAltMatchBitState,textSize=262144,Search_AltMatch_CachedBitState/262144/threads:1,7404.377991971651,0.006714979994469112,14,1620.8843707640415,1617.4050866094883,0.002151151980019227,1619.1437941330537,4.573020641404004,5785.2341978385975,true
intel,successful-search/alternate-match/bit-state/2097152,successful-search,bit-state,io.airlift.slice.re2.BenchmarkRe2SearchExtra.searchAltMatchBitState,textSize=2097152,Search_AltMatch_CachedBitState/2097152/threads:1,59252.58505569339,0.021611478714332534,14,12504.53604790675,12504.95578383101,3.3566693130610996e-05,12504.745914107765,4.738407758357172,46747.839141585624,true
intel,successful-search/alternate-match/bit-state/16777216,successful-search,bit-state,io.airlift.slice.re2.BenchmarkRe2SearchExtra.searchAltMatchBitState,textSize=16777216,Search_AltMatch_CachedBitState/16777216/threads:1,552885.7895027625,0.01026992835680552,14,211044.52177355424,211232.63468884001,0.0008913423276990642,211138.55728140732,2.618592248718795,341747.2322213552,true
intel,capture/digits/nfa,capture,nfa,io.airlift.slice.re2.BenchmarkRe2Parse.parse3DigitsNfa,,Parse_CachedDigits_NFA/threads:1,1082.3150601520335,0.005254566369338587,14,427.92230945731035,426.8697848352792,0.002465680775314937,427.3957231468956,2.5323488316237612,654.919337005138,true
intel,capture/digits/one-pass,capture,one-pass,io.airlift.slice.re2.BenchmarkRe2Parse.parse3DigitsOnePass,,Parse_CachedDigits_OnePass/threads:1,49.31557986707409,0.0026402366239317724,14,40.508455442602305,39.92625966981906,0.014581775943899292,40.21630404232386,1.2262583805606329,9.09927582475023,true
intel,capture/digits/bit-state,capture,bit-state,io.airlift.slice.re2.BenchmarkRe2Parse.parse3DigitsBitState,,Parse_CachedDigits_BitState/threads:1,391.66054992243915,0.02281887083668648,14,147.14972416707,160.2370463074825,0.08893881530864103,153.55402034949157,2.550636896585404,238.10652957294758,false
intel,capture/digits/backtrack,capture,backtrack,io.airlift.slice.re2.BenchmarkRe2Parse.parse3DigitsBacktrack,,Parse_CachedDigits_Backtrack/threads:1,206.66519264584534,0.0038148758746925845,14,249.22918866817682,247.94449284536722,0.005181384785226134,248.5860108425119,0.831362923220869,-41.92081819666657,true
intel,capture/digits/re2,capture,re2,io.airlift.slice.re2.BenchmarkRe2Parse.parse3DigitsRe2,,Parse_CachedDigits_RE2/threads:1,145.06780787394064,0.0013555721525721146,14,58.539430783211515,58.93404456186679,0.006740991044423476,58.73640627757289,2.4698107539706826,86.33140159636775,true
intel,capture/digit-classes/nfa,capture,nfa,io.airlift.slice.re2.BenchmarkRe2Parse.parse3DigitDsNfa,,Parse_CachedDigitDs_NFA/threads:1,1061.7230480793282,0.005072173038937409,14,429.06051776828065,433.2204008177093,0.009695329393312354,431.1354421555115,2.4626206622473927,630.5876059238167,true
intel,capture/digit-classes/one-pass,capture,one-pass,io.airlift.slice.re2.BenchmarkRe2Parse.parse3DigitDsOnePass,,Parse_CachedDigitDs_OnePass/threads:1,49.32228238600659,0.002611048170636517,14,40.605209977009146,39.92869546087069,0.016943065840992082,40.26553195099633,1.2249256372927704,9.056750435010258,true
intel,capture/digit-classes/bit-state,capture,bit-state,io.airlift.slice.re2.BenchmarkRe2Parse.parse3DigitDsBitState,,Parse_CachedDigitDs_BitState/threads:1,394.7268881499379,0.018763800478248563,14,158.938287710907,159.45634664996126,0.003259497422021864,159.1971064472645,2.479485318288086,235.5297817026734,true
intel,capture/digit-classes/backtrack,capture,backtrack,io.airlift.slice.re2.BenchmarkRe2Parse.parse3DigitDsBacktrack,,Parse_CachedDigitDs_Backtrack/threads:1,206.3313646051751,0.0034935442055915376,14,249.1134658171765,247.3800538199997,0.007007080685810177,248.24524684500966,0.8311593765740731,-41.91388223983455,true
intel,capture/digit-classes/re2,capture,re2,io.airlift.slice.re2.BenchmarkRe2Parse.parse3DigitDsRe2,,Parse_CachedDigitDs_RE2/threads:1,148.0452984540466,0.01746497251996227,14,58.65627771157462,58.80062265926629,0.0024608610249945615,58.72840583836267,2.5208465365382042,89.31689261568391,true
intel,capture/split/nfa,capture,nfa,io.airlift.slice.re2.BenchmarkRe2Parse.parse1SplitNfa,,Parse_CachedSplit_NFA/threads:1,703.803481960144,0.013234815000208578,14,473.9165041289384,472.74349202869126,0.0024812866174283746,473.3296347070866,1.4869203834990872,230.47384725305744,true
intel,capture/split/one-pass,capture,one-pass,io.airlift.slice.re2.BenchmarkRe2Parse.parse1SplitOnePass,,Parse_CachedSplit_OnePass/threads:1,44.017316519533864,0.004403232793386312,14,27.687073824399135,27.588179620365565,0.0035846585528450914,27.637582488883595,1.5926616062471648,16.37973403065027,true
intel,capture/split/bit-state,capture,bit-state,io.airlift.slice.re2.BenchmarkRe2Parse.parse1SplitBitState,,Parse_CachedSplit_BitState/threads:1,349.85214852890863,0.01643611696596421,14,144.82711617454203,144.99094034158222,0.001131170538828881,144.90900510702025,2.4142885272763475,204.94314342188838,true
intel,capture/split/re2,capture,re2,io.airlift.slice.re2.BenchmarkRe2Parse.parse1SplitRe2,,Parse_CachedSplit_RE2/threads:1,203.95179523925117,0.000787900561080152,14,38.86919596627879,38.8367513680425,0.0008354096852443346,38.85297028050867,5.249323121675653,165.0988249587425,true
intel,capture/split-hard/nfa,capture,nfa,io.airlift.slice.re2.BenchmarkRe2Parse.parseSplitHardNfa,,Parse_CachedSplitHard_NFA/threads:1,797.6159253279968,0.003725551857253435,14,571.4172529166929,565.0844276222981,0.011206865708618688,568.2420182439304,1.4036553083366015,229.37390708406645,true
intel,capture/split-hard/bit-state,capture,bit-state,io.airlift.slice.re2.BenchmarkRe2Parse.parseSplitHardBitState,,Parse_CachedSplitHard_BitState/threads:1,339.07611774972395,0.020473325148361022,14,145.20723824655073,145.24149561501076,0.00023592052898813547,145.22436592064784,2.334843162166043,193.8517518290761,true
intel,capture/split-hard/backtrack,capture,backtrack,io.airlift.slice.re2.BenchmarkRe2Parse.parseSplitHardBacktrack,,Parse_CachedSplitHard_Backtrack/threads:1,213.79539082400987,0.011656770029304958,14,366.8799224856079,367.6111856730269,0.0019931948918455837,367.24537206690917,0.5821595235380068,-153.4499812428993,true
intel,capture/split-hard/re2,capture,re2,io.airlift.slice.re2.BenchmarkRe2Parse.parseSplitHardRe2,,Parse_CachedSplitHard_RE2/threads:1,556.1096832286598,0.005522815806932862,14,155.87659571631383,156.27565581623702,0.0025601027408210524,156.07599822512552,3.5630698477194547,400.0336850035343,true
intel,capture/splitbig1/re2,capture,re2,io.airlift.slice.re2.BenchmarkRe2Parse.parseSplitBig1Re2,,Parse_CachedSplitBig1_RE2/threads:1,274729.08994072775,0.010251445414654352,14,257300.00920811752,257363.98895035667,0.0002486581420500143,257331.99709084883,1.0676056341479254,17397.092849878914,true
intel,capture/splitbig2/re2,capture,re2,io.airlift.slice.re2.BenchmarkRe2Parse.parseSplitBig2Re2,,Parse_CachedSplitBig2_RE2/threads:1,6286674.59375,0.009462710774198137,14,2549967.917431803,2500989.7610643185,0.01958350934897126,2525360.103537601,2.4894170874654415,3761314.490212399,true
intel,successful-search/phone/re2/8,successful-search,re2,io.airlift.slice.re2.BenchmarkRe2Parse.searchPhoneRe2,textSize=8,SearchPhone_CachedRE2/8/threads:1,44.469740862874076,0.002294475614131912,14,129.68907636586454,129.66545850773468,0.0001821445618722302,129.67726689911552,0.3429262655378912,-85.20752603624145,true
intel,successful-search/phone/re2/64,successful-search,re2,io.airlift.slice.re2.BenchmarkRe2Parse.searchPhoneRe2,textSize=64,SearchPhone_CachedRE2/64/threads:1,78.35042735747405,0.00033207101881581026,14,199.9466109998594,200.14943461177432,0.001014388845605788,200.0479971011013,0.39165814450957437,-121.69756974362724,true
intel,successful-search/phone/re2/512,successful-search,re2,io.airlift.slice.re2.BenchmarkRe2Parse.searchPhoneRe2,textSize=512,SearchPhone_CachedRE2/512/threads:1,404.00572865717527,0.00030020931613193884,14,775.8530089094668,775.6850586989133,0.00021651855823445764,775.7690292591399,0.5207809456417731,-371.7633006019646,true
intel,successful-search/phone/re2/4096,successful-search,re2,io.airlift.slice.re2.BenchmarkRe2Parse.searchPhoneRe2,textSize=4096,SearchPhone_CachedRE2/4096/threads:1,2114.3389663977805,0.0007565679511864566,14,5396.94871349542,5397.791511701578,0.00015616198168624535,5397.370096148154,0.3917350355327095,-3283.031129750373,true
intel,successful-search/phone/re2/32768,successful-search,re2,io.airlift.slice.re2.BenchmarkRe2Parse.searchPhoneRe2,textSize=32768,SearchPhone_CachedRE2/32768/threads:1,16789.396871316363,0.003047446172848287,14,42270.498413191104,42250.9360641936,0.0004630039194346433,42260.71610677385,0.39728140973515685,-25471.319235457486,true
intel,successful-search/phone/re2/262144,successful-search,re2,io.airlift.slice.re2.BenchmarkRe2Parse.searchPhoneRe2,textSize=262144,SearchPhone_CachedRE2/262144/threads:1,240463.9033171962,0.00679194824481741,14,337486.7141133246,337305.62123184867,0.0005368807101837459,337396.1555226886,0.7127049297425262,-96932.25220549238,true
intel,successful-search/phone/re2/2097152,successful-search,re2,io.airlift.slice.re2.BenchmarkRe2Parse.searchPhoneRe2,textSize=2097152,SearchPhone_CachedRE2/2097152/threads:1,1911411.2595419846,0.0004497299621488573,14,2720650.72815467,2743287.549010882,0.008320370057778788,2731945.6926802364,0.69965199698635,-820534.4331382518,true
intel,successful-search/phone/re2/16777216,successful-search,re2,io.airlift.slice.re2.BenchmarkRe2Parse.searchPhoneRe2,textSize=16777216,SearchPhone_CachedRE2/16777216/threads:1,15416647.848484848,0.004132102961177804,14,22245140.53846878,22220898.769284338,0.0010909445849217037,22233016.3498752,0.6934123380236432,-6816368.501390353,true
intel,compile/parse/compile,compile,compile,io.airlift.slice.re2.BenchmarkRe2Practical.compilePhaseParse,,BM_Regexp_Parse/threads:1,446.5923159860419,0.0037895200147930056,14,684.4327189674734,681.361347842453,0.004507697912049108,682.8953066928726,0.6539689343433922,-236.3029907068307,true
intel,compile/simplify/compile,compile,compile,io.airlift.slice.re2.BenchmarkRe2Practical.compilePhaseSimplify,,BM_Regexp_Simplify/threads:1,848.2024439362791,0.006922048293790799,14,903.5676887734671,901.8876839664836,0.0018627649948549407,902.7272955521233,0.9395998637855567,-54.52485161584423,true
intel,compile/compile-to-program/compile,compile,compile,io.airlift.slice.re2.BenchmarkRe2Practical.compilePhaseCompileToProg,,BM_CompileToProg/threads:1,5485.361734332788,0.013841672006649888,14,2959.041720517226,2947.3552444605043,0.003965072102755974,2953.1927017287376,1.8574344068782818,2532.1690326040502,true
intel,compile/simplify-compile/compile,compile,compile,io.airlift.slice.re2.BenchmarkRe2Practical.compilePhaseSimplifyCompile,,BM_Regexp_SimplifyCompile/threads:1,6822.942692674056,0.006551383377496486,14,4006.311606599554,3984.527026837272,0.005467293762987412,3995.4044694408317,1.7076976173150615,2827.5382232332245,true
intel,compile/re2/compile,compile,compile,io.airlift.slice.re2.BenchmarkRe2Practical.compilePhaseRe2Compile,,BM_RE2_Compile/threads:1,6521.232489772712,0.009923134954020993,14,4357.568139935203,4338.114377048551,0.0044843821983060195,4347.83037811063,1.499881992316026,2173.4021116620825,true
intel,practical/empty/re2,practical,re2,io.airlift.slice.re2.BenchmarkRe2Practical.emptyPartialMatch,,EmptyPartialMatchRE2/threads:1,20.665243516414083,0.0011206656802377338,14,28.275954621550493,28.278043280324198,7.386695875203791e-05,28.2769989316527,0.7308145948006466,-7.6117554152386155,true
intel,practical/simple/re2,practical,re2,io.airlift.slice.re2.BenchmarkRe2Practical.simplePartialMatch,,SimplePartialMatchRE2/threads:1,32.087900059722536,0.0012143800155023372,14,36.777699277542,36.7744354811454,8.875177426635772e-05,36.776067343136845,0.8725212448717898,-4.688167283414309,true
intel,practical/http/re2,practical,re2,io.airlift.slice.re2.BenchmarkRe2Practical.httpPartialMatch,,HTTPPartialMatchRE2/threads:1,313.4958230892272,0.0009657949193468639,14,288.5632149277609,289.0420511028859,0.0016593805112855328,288.80253377621693,1.0855023291871264,24.69328931301027,true
intel,practical/small-http/re2,practical,re2,io.airlift.slice.re2.BenchmarkRe2Practical.smallHttpPartialMatch,,SmallHTTPPartialMatchRE2/threads:1,72.6710921859105,0.004269085550554888,14,44.50908522544508,44.52065323937569,0.000259902306956431,44.51486885664003,1.6325127772463506,28.156223329270468,true
intel,practical/dot/re2,practical,re2,io.airlift.slice.re2.BenchmarkRe2Misc.dotMatch,,DotMatchRE2/threads:1,21.36657741114321,0.00026813408148939624,14,296.84801960862484,297.3907699908957,0.0018283779793661719,297.1192708689247,0.0719124590897679,-275.75269345778145,true
intel,practical/ascii/re2,practical,re2,io.airlift.slice.re2.BenchmarkRe2Misc.asciiMatch,,ASCIIMatchRE2/threads:1,21.35461245904134,0.0002336704652839842,14,296.610227779375,297.2866004833639,0.0022803418110449495,296.94822155575645,0.07191358933608462,-275.5936090967151,true
intel,practical/possible-trivial/re2,practical,re2,io.airlift.slice.re2.BenchmarkRe2Misc.possibleMatchRangeTrivial,,PossibleMatchRange_Trivial,5742.880907136081,0.002277524181391021,14,484.62452056725596,483.6227510959043,0.002071386156010316,484.12337671844557,11.86243256019426,5258.757530417635,true
intel,practical/possible-complex/re2,practical,re2,io.airlift.slice.re2.BenchmarkRe2Misc.possibleMatchRangeComplex,,PossibleMatchRange_Complex,35751.74027454188,0.0025220694411203664,14,1202.1915219807554,1202.9254160244157,0.0006104634995687527,1202.5584130177317,29.72973278264756,34549.18186152415,true
intel,practical/possible-prefix/re2,practical,re2,io.airlift.slice.re2.BenchmarkRe2Misc.possibleMatchRangePrefix,,PossibleMatchRange_Prefix,100257.60412908398,0.01308511403852348,14,36.337214341249506,37.445154528037925,0.030490509712262127,36.88702490207802,2717.963956031488,100220.7171041819,true
intel,practical/possible-no-program/re2,practical,re2,io.airlift.slice.re2.BenchmarkRe2Misc.possibleMatchRangeNoProg,,PossibleMatchRange_NoProg,101606.71832511413,0.01050781977474944,14,37.422178711704134,37.5045244894727,0.002200453864617233,37.46332897571346,2712.1646982034945,101569.2549961384,true
intel,full-match/dot-star/re2/8,full-match,re2,io.airlift.slice.re2.BenchmarkRe2FullMatch.fullMatchDotStarLatin1,textSize=8,FullMatch_DotStar_CachedRE2/8,2.8323166060635776,0.0018732063648381006,14,29.032181304449125,29.035185968939736,0.00010349427275553372,29.033683597825746,0.09755278197891783,-26.201366991762168,true
intel,full-match/dot-star/re2/64,full-match,re2,io.airlift.slice.re2.BenchmarkRe2FullMatch.fullMatchDotStarLatin1,textSize=64,FullMatch_DotStar_CachedRE2/64,2.8373659379461498,0.003292720038263912,14,29.036744142879513,29.032210255235697,0.00015616749823582323,29.03447711055878,0.09772402399884458,-26.19711117261263,true
intel,full-match/dot-star/re2/512,full-match,re2,io.airlift.slice.re2.BenchmarkRe2FullMatch.fullMatchDotStarLatin1,textSize=512,FullMatch_DotStar_CachedRE2/512,2.8330072035098146,0.002134002270422113,14,29.035045293459472,29.043276868160348,0.00028350479972317886,29.039160789139885,0.09755816375276614,-26.20615358563007,true
intel,full-match/dot-star/re2/4096,full-match,re2,io.airlift.slice.re2.BenchmarkRe2FullMatch.fullMatchDotStarLatin1,textSize=4096,FullMatch_DotStar_CachedRE2/4096,2.490387150557953,0.0029106636658784357,14,29.04826163637977,29.053526058516297,0.00018123019554236905,29.05089372819981,0.08572497541239239,-26.560506577641856,true
intel,full-match/dot-star/re2/32768,full-match,re2,io.airlift.slice.re2.BenchmarkRe2FullMatch.fullMatchDotStarLatin1,textSize=32768,FullMatch_DotStar_CachedRE2/32768,2.491103997411194,0.0028935160222590753,14,29.04738169500638,29.043619153614323,0.00012954795241447496,29.045500363385603,0.08576557353962642,-26.55439636597441,true
intel,full-match/dot-star/re2/262144,full-match,re2,io.airlift.slice.re2.BenchmarkRe2FullMatch.fullMatchDotStarLatin1,textSize=262144,FullMatch_DotStar_CachedRE2/262144,2.492447683267299,0.0023401210994756375,14,29.31346078551295,29.325828860363675,0.00042192475809051436,29.319644170776265,0.0850094792675415,-26.827196487508964,true
intel,full-match/dot-star/re2/2097152,full-match,re2,io.airlift.slice.re2.BenchmarkRe2FullMatch.fullMatchDotStarLatin1,textSize=2097152,FullMatch_DotStar_CachedRE2/2097152,2.4898594271823145,0.0026077196462985304,14,29.298477786008768,29.301581622771316,0.00010593849909945321,29.300029663290243,0.08497805141480243,-26.81017023610793,true
intel,full-match/dot-star-dollar/re2/8,full-match,re2,io.airlift.slice.re2.BenchmarkRe2FullMatch.fullMatchDotStarDollarLatin1,textSize=8,FullMatch_DotStarDollar_CachedRE2/8,42.65717257348755,0.00035389109298899596,14,44.93513741503686,44.388023428100276,0.012325711862858737,44.66074263067691,0.9551380040014577,-2.003570057189357,true
intel,full-match/dot-star-dollar/re2/64,full-match,re2,io.airlift.slice.re2.BenchmarkRe2FullMatch.fullMatchDotStarDollarLatin1,textSize=64,FullMatch_DotStarDollar_CachedRE2/64,142.7222055050645,0.00020351030905584508,14,116.96005357104085,117.09810179724495,0.0011803023510095774,117.0290573288231,1.2195450323422663,25.693148176241394,true
intel,full-match/dot-star-dollar/re2/512,full-match,re2,io.airlift.slice.re2.BenchmarkRe2FullMatch.fullMatchDotStarDollarLatin1,textSize=512,FullMatch_DotStarDollar_CachedRE2/512,547.1068665122368,0.001143462359922203,14,692.1397959358968,692.2684393783218,0.00018586338075100888,692.2041146686239,0.7903837248557112,-145.09724815638708,true
intel,full-match/dot-star-dollar/re2/4096,full-match,re2,io.airlift.slice.re2.BenchmarkRe2FullMatch.fullMatchDotStarDollarLatin1,textSize=4096,FullMatch_DotStarDollar_CachedRE2/4096,3832.2528268407864,0.00028087452832069174,14,5296.178410423922,5295.354858257783,0.00015552350846794954,5295.7666183318825,0.7236445831232478,-1463.513791491096,true
intel,full-match/dot-star-dollar/re2/32768,full-match,re2,io.airlift.slice.re2.BenchmarkRe2FullMatch.fullMatchDotStarDollarLatin1,textSize=32768,FullMatch_DotStarDollar_CachedRE2/32768,29814.81374391639,0.0003105435632285687,14,42125.39141567011,42141.89680623025,0.00039181571981798896,42133.64330272457,0.7076248671329217,-12318.829558808182,true
intel,full-match/dot-star-dollar/re2/262144,full-match,re2,io.airlift.slice.re2.BenchmarkRe2FullMatch.fullMatchDotStarDollarLatin1,textSize=262144,FullMatch_DotStarDollar_CachedRE2/262144,238926.78554384445,0.00042045010180218165,14,336929.02771082416,337114.6759020055,0.0005510008812321653,337021.8390233967,0.7089356174549202,-98095.05347955227,true
intel,full-match/dot-star-dollar/re2/2097152,full-match,re2,io.airlift.slice.re2.BenchmarkRe2FullMatch.fullMatchDotStarDollarLatin1,textSize=2097152,FullMatch_DotStarDollar_CachedRE2/2097152,1910256.7786259544,0.0006908337731940966,14,2750442.803922923,2757692.049022344,0.002635664733359158,2754065.0412924103,0.6936135312655947,-843808.2626664559,true
intel,full-match/dot-star-capture/re2/8,full-match,re2,io.airlift.slice.re2.BenchmarkRe2FullMatch.fullMatchDotStarCaptureLatin1,textSize=8,FullMatch_DotStarCapture_CachedRE2/8,42.654468527369346,0.0005756312587847318,14,44.99668608355499,44.97929215023659,0.00038670980548792034,44.98798827625775,0.9481301601094283,-2.3335197488884063,true
intel,full-match/dot-star-capture/re2/64,full-match,re2,io.airlift.slice.re2.BenchmarkRe2FullMatch.fullMatchDotStarCaptureLatin1,textSize=64,FullMatch_DotStarCapture_CachedRE2/64,142.67064257048423,0.00026024838511959044,14,116.96980082363868,117.08080821649,0.0009490260910907398,117.02529135769531,1.2191436647177598,25.645351212788924,true
intel,full-match/dot-star-capture/re2/512,full-match,re2,io.airlift.slice.re2.BenchmarkRe2FullMatch.fullMatchDotStarCaptureLatin1,textSize=512,FullMatch_DotStarCapture_CachedRE2/512,548.8021947416842,0.0012767976435505834,14,692.0249003687793,692.5175968125619,0.0007119634618928634,692.2712047585395,0.7927560628974932,-143.46901001685535,true
intel,full-match/dot-star-capture/re2/4096,full-match,re2,io.airlift.slice.re2.BenchmarkRe2FullMatch.fullMatchDotStarCaptureLatin1,textSize=4096,FullMatch_DotStarCapture_CachedRE2/4096,3832.3037256416847,0.000436014505714268,14,5296.020228585427,5295.50984177767,9.638105168460939e-05,5295.765029032893,0.7236544115216411,-1463.4613033912083,true
intel,full-match/dot-star-capture/re2/32768,full-match,re2,io.airlift.slice.re2.BenchmarkRe2FullMatch.fullMatchDotStarCaptureLatin1,textSize=32768,FullMatch_DotStarCapture_CachedRE2/32768,29814.774130925383,0.00040384988849207127,14,42139.123042149105,42148.556141606074,0.0002238560932445808,42143.83932795003,0.7074527287112178,-12329.065197024647,true
intel,full-match/dot-star-capture/re2/262144,full-match,re2,io.airlift.slice.re2.BenchmarkRe2FullMatch.fullMatchDotStarCaptureLatin1,textSize=262144,FullMatch_DotStarCapture_CachedRE2/262144,238945.6591017678,0.00045664298611757025,14,336940.0963857154,337078.9324487027,0.0004120496921457009,337009.5072677623,0.7090175616675395,-98063.84816599454,true
intel,full-match/dot-star-capture/re2/2097152,full-match,re2,io.airlift.slice.re2.BenchmarkRe2FullMatch.fullMatchDotStarCaptureLatin1,textSize=2097152,FullMatch_DotStarCapture_CachedRE2/2097152,1911924.284351145,0.0006430630781503869,14,2749665.656863851,2755083.2277267887,0.0019702653118622297,2752373.10935163,0.6946457505543399,-840448.8250004849,true
arm,failed-search/easy0/dfa/8,failed-search,dfa,io.airlift.slice.re2.BenchmarkRe2Search.searchEasy0Dfa,textSize=8,Search_Easy0_CachedDFA/8/threads:1,23.616758225676527,0.0005446779677593129,14,35.605092302564806,35.61315423209902,0.00022642630626276583,35.60912303917863,0.663222124276759,-11.9923648135021,true
arm,failed-search/easy0/dfa/64,failed-search,dfa,io.airlift.slice.re2.BenchmarkRe2Search.searchEasy0Dfa,textSize=64,Search_Easy0_CachedDFA/64/threads:1,36.88512049842778,0.0027227359809584377,14,54.74492802017166,54.660012510434775,0.001553521593517331,54.702453788339646,0.6742863974831454,-17.817333289911865,true
arm,failed-search/easy0/dfa/512,failed-search,dfa,io.airlift.slice.re2.BenchmarkRe2Search.searchEasy0Dfa,textSize=512,Search_Easy0_CachedDFA/512/threads:1,85.46357949417612,0.0012588290310409556,14,89.91033187402421,89.94904305068516,0.00043055315061224395,89.92968537940068,0.950337801512563,-4.4661058852245645,true
arm,failed-search/easy0/dfa/4096,failed-search,dfa,io.airlift.slice.re2.BenchmarkRe2Search.searchEasy0Dfa,textSize=4096,Search_Easy0_CachedDFA/4096/threads:1,545.4764353985752,0.0028101417956139367,14,478.30578339954457,478.6952601525296,0.0008142840134962452,478.50048214908253,1.1399705031616363,66.97595324949265,true
arm,failed-search/easy0/dfa/32768,failed-search,dfa,io.airlift.slice.re2.BenchmarkRe2Search.searchEasy0Dfa,textSize=32768,Search_Easy0_CachedDFA/32768/threads:1,3950.784146160141,0.04340068366313898,14,3009.517936039777,3009.2654829238727,8.38919388590986e-05,3009.391706834588,1.312818180892693,941.3924393255529,true
arm,failed-search/easy0/dfa/262144,failed-search,dfa,io.airlift.slice.re2.BenchmarkRe2Search.searchEasy0Dfa,textSize=262144,Search_Easy0_CachedDFA/262144/threads:1,29212.607536280593,0.0004892352416856698,14,23065.396112136197,23078.9610107981,0.0005881060353767048,23072.177564560425,1.266140027508806,6140.429971720168,true
arm,failed-search/easy0/dfa/2097152,failed-search,dfa,io.airlift.slice.re2.BenchmarkRe2Search.searchEasy0Dfa,textSize=2097152,Search_Easy0_CachedDFA/2097152/threads:1,329831.4031547475,0.009722457851265494,14,262504.15209114016,262773.18714479345,0.0010248792314716821,262638.6351695624,1.2558373330786032,67192.76798518508,true
arm,failed-search/easy0/dfa/16777216,failed-search,dfa,io.airlift.slice.re2.BenchmarkRe2Search.searchEasy0Dfa,textSize=16777216,Search_Easy0_CachedDFA/16777216/threads:1,2935371.976608187,0.00442667821260212,14,2240918.8467749585,2243078.7440098356,0.0009638444685248393,2241998.535292105,1.3092657869313657,693373.4413160821,true
arm,failed-search/easy0/re2/8,failed-search,re2,io.airlift.slice.re2.BenchmarkRe2Search.searchEasy0Re2,textSize=8,Search_Easy0_CachedRE2/8/threads:1,3.6196833476892625,0.0038573866670865214,14,43.60226678213296,43.59314150243808,0.00020932833423733903,43.597703903538054,0.08302463257464154,-39.97802055584879,true
arm,failed-search/easy0/re2/64,failed-search,re2,io.airlift.slice.re2.BenchmarkRe2Search.searchEasy0Re2,textSize=64,Search_Easy0_CachedRE2/64/threads:1,25.21952562861638,0.002141777096448306,14,43.601637690123525,43.59985742995723,4.083178870830373e-05,43.60074755095416,0.5784195695072314,-18.38122192233778,true
arm,failed-search/easy0/re2/512,failed-search,re2,io.airlift.slice.re2.BenchmarkRe2Search.searchEasy0Re2,textSize=512,Search_Easy0_CachedRE2/512/threads:1,25.23319130237024,0.0022228644252982152,14,43.58585537192217,43.586552581708794,1.5996239621159426e-05,43.5862039754214,0.5789261050721333,-18.353012673051158,true
arm,failed-search/easy0/re2/4096,failed-search,re2,io.airlift.slice.re2.BenchmarkRe2Search.searchEasy0Re2,textSize=4096,Search_Easy0_CachedRE2/4096/threads:1,24.98292407367797,0.0026555003415642897,14,43.596498486278875,43.58317879546975,0.00030561540431995617,43.58983813211422,0.573136426842387,-18.606914058436246,true
arm,failed-search/easy0/re2/32768,failed-search,re2,io.airlift.slice.re2.BenchmarkRe2Search.searchEasy0Re2,textSize=32768,Search_Easy0_CachedRE2/32768/threads:1,24.956679416120895,0.0014704980808360154,14,43.61312982689629,43.62053338629011,0.0001697552875294034,43.616831449507366,0.5721800182805982,-18.66015203338647,true
arm,failed-search/easy0/re2/262144,failed-search,re2,io.airlift.slice.re2.BenchmarkRe2Search.searchEasy0Re2,textSize=262144,Search_Easy0_CachedRE2/262144/threads:1,25.015720444095372,0.0027708501034937965,14,43.5974116544631,43.6233033346672,0.0005938811324237549,43.61035557306313,0.5736188140494517,-18.59463512896776,true
arm,failed-search/easy0/re2/2097152,failed-search,re2,io.airlift.slice.re2.BenchmarkRe2Search.searchEasy0Re2,textSize=2097152,Search_Easy0_CachedRE2/2097152/threads:1,24.980861285102733,0.0006829742967291466,14,43.55444721969148,43.565304774552814,0.0002492869397828756,43.559875658833484,0.5734833010258348,-18.57901437373075,true
arm,failed-search/easy0/re2/16777216,failed-search,re2,io.airlift.slice.re2.BenchmarkRe2Search.searchEasy0Re2,textSize=16777216,Search_Easy0_CachedRE2/16777216/threads:1,24.981573206725017,0.0011902110328294608,14,43.546325132439684,43.644558196869255,0.0022558290310562413,43.59541399622848,0.5730321361069359,-18.613840789503463,true
arm,failed-search/easy0/nfa/8,failed-search,nfa,io.airlift.slice.re2.BenchmarkRe2SearchNfa.searchEasy0Nfa,textSize=8,Search_Easy0_CachedNFA/8/threads:1,125.32197255646977,0.007684040205402333,14,156.5764941698472,157.07196462146797,0.0031643986809623626,156.8240337218748,0.7991247870764918,-31.502061165405024,true
arm,failed-search/easy0/nfa/64,failed-search,nfa,io.airlift.slice.re2.BenchmarkRe2SearchNfa.searchEasy0Nfa,textSize=64,Search_Easy0_CachedNFA/64/threads:1,134.03930996492545,0.005893922373943976,14,174.0870257087758,173.92154148375,0.0009514878008442028,174.00426392359327,0.7703219848898831,-39.96495395866782,true
arm,failed-search/easy0/nfa/512,failed-search,nfa,io.airlift.slice.re2.BenchmarkRe2SearchNfa.searchEasy0Nfa,textSize=512,Search_Easy0_CachedNFA/512/threads:1,162.64590172368403,0.006541534771625271,14,213.57951955917275,209.23236417216222,0.020776687221454756,211.39476771225978,0.7693941694198869,-48.748865988575744,true
arm,failed-search/easy0/nfa/4096,failed-search,nfa,io.airlift.slice.re2.BenchmarkRe2SearchNfa.searchEasy0Nfa,textSize=4096,Search_Easy0_CachedNFA/4096/threads:1,599.1544659478045,0.0033608622062589887,14,594.9456816879119,595.3315985728565,0.0006486590235425699,595.13860884947,1.0067477677277534,4.01585709833455,true
arm,failed-search/easy0/nfa/32768,failed-search,nfa,io.airlift.slice.re2.BenchmarkRe2SearchNfa.searchEasy0Nfa,textSize=32768,Search_Easy0_CachedNFA/32768/threads:1,3817.0286862869643,0.0025748211466076064,14,3199.8117067263747,3201.7495169583194,0.0006056013320631316,3200.7804651941915,1.1925306117660852,616.2482210927728,true
arm,failed-search/easy0/nfa/262144,failed-search,nfa,io.airlift.slice.re2.BenchmarkRe2SearchNfa.searchEasy0Nfa,textSize=262144,Search_Easy0_CachedNFA/262144/threads:1,29315.877806161385,0.002298000830046755,14,23637.949168445637,23456.669180080855,0.007728291982679414,23547.134724628315,1.2449870503989366,5768.74308153307,true
arm,failed-search/easy1/dfa/8,failed-search,dfa,io.airlift.slice.re2.BenchmarkRe2Search.searchEasy1Dfa,textSize=8,Search_Easy1_CachedDFA/8/threads:1,25.884613305759345,0.002069020338032935,14,53.05049955239546,53.05162814909189,2.1274006954781284e-05,53.05106384774248,0.48791883570984845,-27.16645054198314,true
arm,failed-search/easy1/dfa/64,failed-search,dfa,io.airlift.slice.re2.BenchmarkRe2Search.searchEasy1Dfa,textSize=64,Search_Easy1_CachedDFA/64/threads:1,38.670001080152296,0.0004903702904326055,14,58.894142628738656,58.89575222115316,2.7330263123959454e-05,58.89494741944716,0.6565928449642088,-20.224946339294867,true
arm,failed-search/easy1/dfa/512,failed-search,dfa,io.airlift.slice.re2.BenchmarkRe2Search.searchEasy1Dfa,textSize=512,Search_Easy1_CachedDFA/512/threads:1,82.6272515301919,0.0010078424571624933,14,88.06229678070221,88.13134730395281,0.0007841099514193816,88.0968152770793,0.9379141717020677,-5.4695637468874025,true
arm,failed-search/easy1/dfa/4096,failed-search,dfa,io.airlift.slice.re2.BenchmarkRe2Search.searchEasy1Dfa,textSize=4096,Search_Easy1_CachedDFA/4096/threads:1,605.7397985993412,0.0007477281038234024,14,539.2343968663173,538.3020377474942,0.0017320371342537334,538.7680156214543,1.124305417240919,66.97178297788685,true
arm,failed-search/easy1/dfa/32768,failed-search,dfa,io.airlift.slice.re2.BenchmarkRe2Search.searchEasy1Dfa,textSize=32768,Search_Easy1_CachedDFA/32768/threads:1,4170.7148326118895,0.0006665516452186891,14,3397.3379083554914,3396.94240569576,0.0001164290154193489,3397.1401512699626,1.2277135022094214,773.5746813419269,true
arm,failed-search/easy1/dfa/262144,failed-search,dfa,io.airlift.slice.re2.BenchmarkRe2Search.searchEasy1Dfa,textSize=262144,Search_Easy1_CachedDFA/262144/threads:1,33047.11664329924,0.0008566220579996765,14,26360.524387915844,27586.499141070835,0.04650798046024459,26966.54563316216,1.2254857219331603,6080.571010137079,true
arm,failed-search/easy1/dfa/2097152,failed-search,dfa,io.airlift.slice.re2.BenchmarkRe2Search.searchEasy1Dfa,textSize=2097152,Search_Easy1_CachedDFA/2097152/threads:1,395127.1421800948,0.005451883877365619,14,303475.9617068224,303933.56441640144,0.0015078713549678863,303704.676875826,1.3010242260498617,91422.46530426882,true
arm,failed-search/easy1/dfa/16777216,failed-search,dfa,io.airlift.slice.re2.BenchmarkRe2Search.searchEasy1Dfa,textSize=16777216,Search_Easy1_CachedDFA/16777216/threads:1,3564460.734042553,0.0023167587780706022,14,2566825.091741663,2563351.8073453894,0.001354977645409698,2565087.8616639012,1.3896057079816309,999372.872378652,true
arm,failed-search/easy1/re2/8,failed-search,re2,io.airlift.slice.re2.BenchmarkRe2Search.searchEasy1Re2,textSize=8,Search_Easy1_CachedRE2/8/threads:1,3.618266319162023,0.005683501440297544,14,43.52284355995117,43.48498316915023,0.000870654374032188,43.5039092459291,0.08317106167879852,-39.885642926767076,true
arm,failed-search/easy1/re2/64,failed-search,re2,io.airlift.slice.re2.BenchmarkRe2Search.searchEasy1Re2,textSize=64,Search_Easy1_CachedRE2/64/threads:1,25.30097208004019,0.002307088385174133,14,43.49013027697887,43.47677326769869,0.00030722172498714946,43.483451259472126,0.5818528968426536,-18.182479179431937,true
arm,failed-search/easy1/re2/512,failed-search,re2,io.airlift.slice.re2.BenchmarkRe2Search.searchEasy1Re2,textSize=512,Search_Easy1_CachedRE2/512/threads:1,25.314380555477328,0.0028935154707231754,14,43.491176007412136,43.47470186425063,0.00037893631135052096,43.482938155647815,0.582168124538046,-18.168557600170487,true
arm,failed-search/easy1/re2/4096,failed-search,re2,io.airlift.slice.re2.BenchmarkRe2Search.searchEasy1Re2,textSize=4096,Search_Easy1_CachedRE2/4096/threads:1,25.08021726555632,0.002813399585806064,14,43.53701180001504,43.47737651958871,0.0013716393490177347,43.507183942046055,0.5764615172281558,-18.426966676489734,true
arm,failed-search/easy1/re2/32768,failed-search,re2,io.airlift.slice.re2.BenchmarkRe2Search.searchEasy1Re2,textSize=32768,Search_Easy1_CachedRE2/32768/threads:1,25.07162719959541,0.0038835076658914744,14,43.51991718930982,43.48585713923067,0.0007832443079161029,43.50288383090799,0.5763210387855365,-18.43125663131258,true
arm,failed-search/easy1/re2/262144,failed-search,re2,io.airlift.slice.re2.BenchmarkRe2Search.searchEasy1Re2,textSize=262144,Search_Easy1_CachedRE2/262144/threads:1,25.00077076982427,0.002463914072749924,14,43.50922829479726,43.47650669775758,0.0007526270973691141,43.49286441904024,0.5748246546594313,-18.492093649215967,true
arm,failed-search/easy1/re2/2097152,failed-search,re2,io.airlift.slice.re2.BenchmarkRe2Search.searchEasy1Re2,textSize=2097152,Search_Easy1_CachedRE2/2097152/threads:1,24.961698997705362,0.002695090389731105,14,43.50524049650153,43.48190901027333,0.0005365791603742379,43.49357318890847,0.5739169529550397,-18.53187419120311,true
arm,failed-search/easy1/re2/16777216,failed-search,re2,io.airlift.slice.re2.BenchmarkRe2Search.searchEasy1Re2,textSize=16777216,Search_Easy1_CachedRE2/16777216/threads:1,25.025323838565985,0.0020327862094756902,14,43.47900243489165,43.50628272985642,0.0006274360826384367,43.49264044346482,0.5753921487267687,-18.467316604898837,true
arm,failed-search/easy1/nfa/8,failed-search,nfa,io.airlift.slice.re2.BenchmarkRe2SearchNfa.searchEasy1Nfa,textSize=8,Search_Easy1_CachedNFA/8/threads:1,145.00339172172227,0.015636728558276566,14,232.43509803384094,232.54297651305933,0.00046412301812817863,232.48903101629142,0.6236999272088726,-87.48563929456915,true
arm,failed-search/easy1/nfa/64,failed-search,nfa,io.airlift.slice.re2.BenchmarkRe2SearchNfa.searchEasy1Nfa,textSize=64,Search_Easy1_CachedNFA/64/threads:1,183.37564347820023,0.006729162297285137,14,271.9981876535088,271.67896452920996,0.001175001255073329,271.83852923293824,0.6745756166193269,-88.46288575473801,true
arm,failed-search/easy1/nfa/512,failed-search,nfa,io.airlift.slice.re2.BenchmarkRe2SearchNfa.searchEasy1Nfa,textSize=512,Search_Easy1_CachedNFA/512/threads:1,313.348608848862,0.004884224999476743,14,347.99367487495226,347.86431384544056,0.0003718720902460132,347.92898834809466,0.9006108123861303,-34.58037949923266,true
arm,failed-search/easy1/nfa/4096,failed-search,nfa,io.airlift.slice.re2.BenchmarkRe2SearchNfa.searchEasy1Nfa,textSize=4096,Search_Easy1_CachedNFA/4096/threads:1,1957.0448816558778,0.002267351394041359,14,1689.1189385068337,1689.3834298662507,0.00015658539691159188,1689.251179010012,1.1585280543079488,267.7937026458658,true
arm,failed-search/easy1/nfa/32768,failed-search,nfa,io.airlift.slice.re2.BenchmarkRe2SearchNfa.searchEasy1Nfa,textSize=32768,Search_Easy1_CachedNFA/32768/threads:1,12228.038646287383,0.0016866066593606219,14,9683.798323808258,9766.881844719412,0.008579641803039974,9725.2513611077,1.257349367358112,2502.7872851796837,true
arm,failed-search/easy1/nfa/262144,failed-search,nfa,io.airlift.slice.re2.BenchmarkRe2SearchNfa.searchEasy1Nfa,textSize=262144,Search_Easy1_CachedNFA/262144/threads:1,93782.87864996663,0.010998100315554217,14,94394.56779659206,93094.33228387478,0.013966860074278619,93742.19572982429,1.0004339872756938,40.682920142338844,true
arm,failed-search/medium/dfa/8,failed-search,dfa,io.airlift.slice.re2.BenchmarkRe2Search.searchMediumDfa,textSize=8,Search_Medium_CachedDFA/8/threads:1,25.586069753001972,0.002104314289004624,14,53.614524171022516,51.04032804946145,0.05043455283176275,52.31159433533611,0.48910896481162613,-26.72552458233414,false
arm,failed-search/medium/dfa/64,failed-search,dfa,io.airlift.slice.re2.BenchmarkRe2Search.searchMediumDfa,textSize=64,Search_Medium_CachedDFA/64/threads:1,60.505183630401774,0.006957711362985257,14,150.93807437002056,149.9023021547778,0.006909648486741039,150.41929673707142,0.4022434949696852,-89.91411310666965,true
arm,failed-search/medium/dfa/512,failed-search,dfa,io.airlift.slice.re2.BenchmarkRe2Search.searchMediumDfa,textSize=512,Search_Medium_CachedDFA/512/threads:1,298.5868042900247,0.020617329077890146,14,954.2755540392039,953.2935787321555,0.0010300869836492462,953.7844400107622,0.31305480752721815,-655.1976357207375,true
arm,failed-search/medium/dfa/4096,failed-search,dfa,io.airlift.slice.re2.BenchmarkRe2Search.searchMediumDfa,textSize=4096,Search_Medium_CachedDFA/4096/threads:1,2174.4188991645915,0.03842816387933549,14,7387.994775312652,7384.687668122626,0.00044783304841741094,7386.341036630094,0.2943837670615649,-5211.922137465503,true
arm,failed-search/medium/dfa/32768,failed-search,dfa,io.airlift.slice.re2.BenchmarkRe2Search.searchMediumDfa,textSize=32768,Search_Medium_CachedDFA/32768/threads:1,17783.36216144544,0.003407879021717788,14,58898.02630471849,58861.5724807507,0.0006193144768552439,58879.79657156051,0.30202825411993645,-41096.43441011507,true
arm,failed-search/medium/dfa/262144,failed-search,dfa,io.airlift.slice.re2.BenchmarkRe2Search.searchMediumDfa,textSize=262144,Search_Medium_CachedDFA/262144/threads:1,176451.1767768181,0.012168067076203212,14,473037.8254234277,482261.9661014977,0.019499795116412238,477627.6287329694,0.36943251638289937,-301176.4519561513,true
arm,failed-search/medium/dfa/2097152,failed-search,dfa,io.airlift.slice.re2.BenchmarkRe2Search.searchMediumDfa,textSize=2097152,Search_Medium_CachedDFA/2097152/threads:1,1664171.9351704996,0.03865947033931535,14,3773053.8513525627,3771652.70271468,0.00037149460682685465,3772353.211980809,0.4411495535161371,-2108181.2768103094,true
arm,failed-search/medium/dfa/16777216,failed-search,dfa,io.airlift.slice.re2.BenchmarkRe2Search.searchMediumDfa,textSize=16777216,Search_Medium_CachedDFA/16777216/threads:1,15509278.575757576,0.004403305349531475,14,30189701.625005227,30173444.125011884,0.0005388016007051202,30181571.78035756,0.5138658347094818,-14672293.204599982,true
arm,failed-search/medium/re2/8,failed-search,re2,io.airlift.slice.re2.BenchmarkRe2Search.searchMediumRe2,textSize=8,Search_Medium_CachedRE2/8/threads:1,3.59186707150371,0.005307878976370795,14,43.50763243006945,44.06092342601438,0.012717101920777716,43.78340394428544,0.08203718185261191,-40.191536872781725,true
arm,failed-search/medium/re2/64,failed-search,re2,io.airlift.slice.re2.BenchmarkRe2Search.searchMediumRe2,textSize=64,Search_Medium_CachedRE2/64/threads:1,25.29648423784665,0.004661385533240043,14,43.478770111069935,44.04878604752422,0.013110212984362993,43.76285002410161,0.5780355763830523,-18.46636578625496,true
arm,failed-search/medium/re2/512,failed-search,re2,io.airlift.slice.re2.BenchmarkRe2Search.searchMediumRe2,textSize=512,Search_Medium_CachedRE2/512/threads:1,25.300302888927327,0.001994739696827419,14,43.47300726133959,44.05454987419277,0.013377096490178816,43.76281259900727,0.5781233286066547,-18.462509710079942,true
arm,failed-search/medium/re2/4096,failed-search,re2,io.airlift.slice.re2.BenchmarkRe2Search.searchMediumRe2,textSize=4096,Search_Medium_CachedRE2/4096/threads:1,25.087934207145004,0.002341056523141903,14,43.529305643338716,44.060662208077005,0.012206869760156676,43.79417806173883,0.5728600311159464,-18.70624385459383,true
arm,failed-search/medium/re2/32768,failed-search,re2,io.airlift.slice.re2.BenchmarkRe2Search.searchMediumRe2,textSize=32768,Search_Medium_CachedRE2/32768/threads:1,25.102970070822877,0.0018058036334050436,14,43.50389844763754,44.089161244468954,0.01345311150760094,43.79555221048017,0.5731853762267621,-18.69258213965729,true
arm,failed-search/medium/re2/262144,failed-search,re2,io.airlift.slice.re2.BenchmarkRe2Search.searchMediumRe2,textSize=262144,Search_Medium_CachedRE2/262144/threads:1,25.483001605957448,0.005961482954902903,14,43.47960786032073,44.071344439950806,0.013609519697855616,43.77447628614404,0.5821429236384399,-18.291474680186596,true
arm,failed-search/medium/re2/2097152,failed-search,re2,io.airlift.slice.re2.BenchmarkRe2Search.searchMediumRe2,textSize=2097152,Search_Medium_CachedRE2/2097152/threads:1,25.42049901018062,0.005797551653721523,14,43.56536866088953,44.09866489849629,0.012241288298462584,43.831205707304235,0.5799634894812951,-18.410706697123615,true
arm,failed-search/medium/re2/16777216,failed-search,re2,io.airlift.slice.re2.BenchmarkRe2Search.searchMediumRe2,textSize=16777216,Search_Medium_CachedRE2/16777216/threads:1,25.015103461842127,0.003034954459694969,14,43.57018543698092,44.106399753922545,0.01230690922160968,43.837472740065834,0.5706328831994744,-18.822369278223707,true
arm,failed-search/medium/nfa/8,failed-search,nfa,io.airlift.slice.re2.BenchmarkRe2SearchNfa.searchMediumNfa,textSize=8,Search_Medium_CachedNFA/8/threads:1,166.54478999649808,0.004328220726082748,14,255.99277991223366,255.98177142220229,4.3004976370819295e-05,255.98727560804176,0.6505979236698675,-89.44248561154367,true
arm,failed-search/medium/nfa/64,failed-search,nfa,io.airlift.slice.re2.BenchmarkRe2SearchNfa.searchMediumNfa,textSize=64,Search_Medium_CachedNFA/64/threads:1,872.3653658082203,0.002613945569374202,14,970.4136707718213,969.0004185788637,0.0014584639654029593,969.7067872158813,0.8996176754757619,-97.34142140766096,true
arm,failed-search/medium/nfa/512,failed-search,nfa,io.airlift.slice.re2.BenchmarkRe2SearchNfa.searchMediumNfa,textSize=512,Search_Medium_CachedNFA/512/threads:1,5910.904734709844,0.007341140872234164,14,6710.583212905981,6743.6883838197855,0.004933277758948853,6727.115433938244,0.8786685456428139,-816.2106992283998,true
arm,failed-search/medium/nfa/4096,failed-search,nfa,io.airlift.slice.re2.BenchmarkRe2SearchNfa.searchMediumNfa,textSize=4096,Search_Medium_CachedNFA/4096/threads:1,50318.76003743938,0.0062638767636238385,14,61283.69246030393,61278.771763010845,8.030019452926547e-05,61281.23206226775,0.8211120818574695,-10962.47202482837,true
arm,failed-search/medium/nfa/32768,failed-search,nfa,io.airlift.slice.re2.BenchmarkRe2SearchNfa.searchMediumNfa,textSize=32768,Search_Medium_CachedNFA/32768/threads:1,434627.9664115338,0.003233026200678509,14,511936.15201476787,512456.3571431221,0.0010161523586621928,512196.18853653676,0.8485575959738526,-77568.22212500294,true
arm,failed-search/medium/nfa/262144,failed-search,nfa,io.airlift.slice.re2.BenchmarkRe2SearchNfa.searchMediumNfa,textSize=262144,Search_Medium_CachedNFA/262144/threads:1,3506023.947552447,0.0023249094677249417,14,4115237.647059691,4123916.8059468307,0.0021090298134642895,4119574.9408372887,0.8510644903670233,-613550.9932848415,true
arm,failed-search/hard/dfa/8,failed-search,dfa,io.airlift.slice.re2.BenchmarkRe2Search.searchHardDfa,textSize=8,Search_Hard_CachedDFA/8/threads:1,39.02380300433083,0.0006470970390898223,14,50.53520355411315,50.72524246257171,0.0037605252396987025,50.63013384515002,0.7707623907075453,-11.60633084081919,true
arm,failed-search/hard/dfa/64,failed-search,dfa,io.airlift.slice.re2.BenchmarkRe2Search.searchHardDfa,textSize=64,Search_Hard_CachedDFA/64/threads:1,176.69538007415952,0.0008742782816003085,14,149.73840830409273,150.06942581893392,0.002210638663721827,149.90382569246285,1.1787249542027114,26.79155438169667,true
arm,failed-search/hard/dfa/512,failed-search,dfa,io.airlift.slice.re2.BenchmarkRe2Search.searchHardDfa,textSize=512,Search_Hard_CachedDFA/512/threads:1,607.5368410101717,0.001132271970734261,14,953.5297328237377,955.0759342046358,0.0016215554981376778,954.3025203616137,0.6366291904793019,-346.76567935144203,true
arm,failed-search/hard/dfa/4096,failed-search,dfa,io.airlift.slice.re2.BenchmarkRe2Search.searchHardDfa,textSize=4096,Search_Hard_CachedDFA/4096/threads:1,4714.897304152335,0.003970752359670476,14,7427.1225761960395,7390.069725691877,0.005013870217671591,7408.572986705943,0.6364109947506517,-2693.6756825536077,true
arm,failed-search/hard/dfa/32768,failed-search,dfa,io.airlift.slice.re2.BenchmarkRe2Search.searchHardDfa,textSize=32768,Search_Hard_CachedDFA/32768/threads:1,37207.22452885167,0.0016204812674162322,14,59000.897241528146,58892.23110929277,0.0018451692216196061,58946.53913508163,0.6312028674590676,-21739.314606229957,true
arm,failed-search/hard/dfa/262144,failed-search,dfa,io.airlift.slice.re2.BenchmarkRe2Search.searchHardDfa,textSize=262144,Search_Hard_CachedDFA/262144/threads:1,296552.7468879668,0.0007721158972390088,14,473242.76610143605,472285.8101697549,0.002026222069507422,472764.0460051848,0.6272743229816476,-176211.299117218,true
arm,failed-search/hard/dfa/2097152,failed-search,dfa,io.airlift.slice.re2.BenchmarkRe2Search.searchHardDfa,textSize=2097152,Search_Hard_CachedDFA/2097152/threads:1,2412557.8990384615,0.0005837712405733957,14,3773640.635134487,3775563.4324443033,0.000509533762148452,3774601.9113543173,0.6391555866543929,-1362044.0123158558,true
arm,failed-search/hard/dfa/16777216,failed-search,dfa,io.airlift.slice.re2.BenchmarkRe2Search.searchHardDfa,textSize=16777216,Search_Hard_CachedDFA/16777216/threads:1,18916910.833333336,0.0014218679965454267,14,30192022.111123152,30380021.374867283,0.0062267861043619616,30285875.867908906,0.6246116478796575,-11368965.03457557,true
arm,failed-search/hard/re2/8,failed-search,re2,io.airlift.slice.re2.BenchmarkRe2Search.searchHardRe2,textSize=8,Search_Hard_CachedRE2/8/threads:1,3.8738634333804822,0.007097321246505098,14,43.65654817412163,43.590988594528916,0.001503970928545169,43.62375606862204,0.08880169390473229,-39.74989263524156,true
arm,failed-search/hard/re2/64,failed-search,re2,io.airlift.slice.re2.BenchmarkRe2Search.searchHardRe2,textSize=64,Search_Hard_CachedRE2/64/threads:1,25.325479581536037,0.000611102209432521,14,43.640759828224574,43.58160666618578,0.00135729649647572,43.6111732179629,0.5807108067229154,-18.285693636426863,true
arm,failed-search/hard/re2/512,failed-search,re2,io.airlift.slice.re2.BenchmarkRe2Search.searchHardRe2,textSize=512,Search_Hard_CachedRE2/512/threads:1,25.425076323282322,0.002339183062955186,14,43.64616693509232,43.48902713336221,0.0036133206946255716,43.56752618760315,0.5835786088427682,-18.142449864320827,true
arm,failed-search/hard/re2/4096,failed-search,re2,io.airlift.slice.re2.BenchmarkRe2Search.searchHardRe2,textSize=4096,Search_Hard_CachedRE2/4096/threads:1,25.109680909876072,0.002032735558927012,14,43.641047616577346,43.514708579192735,0.0029033639776004793,43.57783231329935,0.5762030733734533,-18.46815140342328,true
arm,failed-search/hard/re2/32768,failed-search,re2,io.airlift.slice.re2.BenchmarkRe2Search.searchHardRe2,textSize=32768,Search_Hard_CachedRE2/32768/threads:1,25.115338275055827,0.0022453886595312955,14,43.66972867363174,43.54999926159811,0.0027492402770074005,43.60982287846228,0.5759101188062751,-18.494484603406455,true
arm,failed-search/hard/re2/262144,failed-search,re2,io.airlift.slice.re2.BenchmarkRe2Search.searchHardRe2,textSize=262144,Search_Hard_CachedRE2/262144/threads:1,25.11355288348085,0.0009812261912671488,14,43.65636066736134,43.52418458733896,0.0030368421895911263,43.5902225286552,0.5761281183405702,-18.476669645174347,true
arm,failed-search/hard/re2/2097152,failed-search,re2,io.airlift.slice.re2.BenchmarkRe2Search.searchHardRe2,textSize=2097152,Search_Hard_CachedRE2/2097152/threads:1,25.065630089438258,0.0006907194636314688,14,43.608278662070454,43.504394338989506,0.0023879041338094077,43.55630552927159,0.5754764961089995,-18.490675439833332,true
arm,failed-search/hard/re2/16777216,failed-search,re2,io.airlift.slice.re2.BenchmarkRe2Search.searchHardRe2,textSize=16777216,Search_Hard_CachedRE2/16777216/threads:1,25.059566557905335,0.0008733370548092672,14,43.670722986852496,43.52576998117113,0.0033302801017436596,43.59818624251684,0.5747846118760627,-18.538619684611504,true
arm,failed-search/hard/nfa/8,failed-search,nfa,io.airlift.slice.re2.BenchmarkRe2SearchNfa.searchHardNfa,textSize=8,Search_Hard_CachedNFA/8/threads:1,277.9433513706032,0.007000035474912728,14,352.1712939142143,352.2795698104124,0.0003074523621578411,352.2254277017429,0.7891064344336882,-74.2820763311397,true
arm,failed-search/hard/nfa/64,failed-search,nfa,io.airlift.slice.re2.BenchmarkRe2SearchNfa.searchHardNfa,textSize=64,Search_Hard_CachedNFA/64/threads:1,1527.7478837791878,0.0026672396268085535,14,1521.9937820001337,1522.4061975785366,0.00027097060663478216,1522.199975822165,1.003644664331325,5.547907957022744,true
arm,failed-search/hard/nfa/512,failed-search,nfa,io.airlift.slice.re2.BenchmarkRe2SearchNfa.searchHardNfa,textSize=512,Search_Hard_CachedNFA/512/threads:1,10500.324077721776,0.001735014217070334,14,12662.225540767791,12657.17070518499,0.00039936536375626843,12659.697870685985,0.8294292790379839,-2159.3737929642084,true
arm,failed-search/hard/nfa/4096,failed-search,nfa,io.airlift.slice.re2.BenchmarkRe2SearchNfa.searchHardNfa,textSize=4096,Search_Hard_CachedNFA/4096/threads:1,95602.47461230849,0.02206967318312634,14,102157.38458732328,102300.397806245,0.0013999303085082326,102228.86618821874,0.9351808170922089,-6626.391575910253,true
arm,failed-search/hard/nfa/32768,failed-search,nfa,io.airlift.slice.re2.BenchmarkRe2SearchNfa.searchHardNfa,textSize=32768,Search_Hard_CachedNFA/32768/threads:1,831149.0166112958,0.0003879614672409779,14,824350.4719765815,825002.2507384698,0.0007906573527221661,824676.2969662701,1.0078488003945751,6472.719645025674,true
arm,failed-search/hard/nfa/262144,failed-search,nfa,io.airlift.slice.re2.BenchmarkRe2SearchNfa.searchHardNfa,textSize=262144,Search_Hard_CachedNFA/262144/threads:1,6453550.705128205,0.0023584203735694006,14,6615045.595237591,6621449.1190684,0.0009680241411213894,6618246.582682096,0.9751148774080359,-164695.8775538914,true
arm,failed-search/parens/dfa/8,failed-search,dfa,io.airlift.slice.re2.BenchmarkRe2Search.searchParensDfa,textSize=8,Search_Parens_CachedDFA/8/threads:1,39.07465266830811,0.0016412176783805353,14,50.67247239518667,51.29281498778905,0.012242201007371998,50.98170016329543,0.7664446760926215,-11.907047494987317,true
arm,failed-search/parens/dfa/64,failed-search,dfa,io.airlift.slice.re2.BenchmarkRe2Search.searchParensDfa,textSize=64,Search_Parens_CachedDFA/64/threads:1,176.76864804700608,0.0013729806614840427,14,150.15900907563258,150.27473569709923,0.0007706938276900834,150.21686124193587,1.1767563679972417,26.551786805070208,true
arm,failed-search/parens/dfa/512,failed-search,dfa,io.airlift.slice.re2.BenchmarkRe2Search.searchParensDfa,textSize=512,Search_Parens_CachedDFA/512/threads:1,605.670633395416,0.0005272390494727988,14,954.3171845180852,959.7033162575375,0.005643963900924788,957.006461181722,0.6328804015048417,-351.335827786306,true
arm,failed-search/parens/dfa/4096,failed-search,dfa,io.airlift.slice.re2.BenchmarkRe2Search.searchParensDfa,textSize=4096,Search_Parens_CachedDFA/4096/threads:1,4653.030174555062,0.0005429633644162978,14,7423.340554779587,7392.935329692964,0.004112740573355751,7408.122343196863,0.6280984518064961,-2755.0921686418005,true
arm,failed-search/parens/dfa/32768,failed-search,dfa,io.airlift.slice.re2.BenchmarkRe2Search.searchParensDfa,textSize=32768,Search_Parens_CachedDFA/32768/threads:1,37149.497127041206,0.0016556099624517023,14,58971.23340518866,58931.89140075329,0.0006675842824699643,58951.55912105338,0.6301698832215279,-21802.061994012176,true
arm,failed-search/parens/dfa/262144,failed-search,dfa,io.airlift.slice.re2.BenchmarkRe2Search.searchParensDfa,textSize=262144,Search_Parens_CachedDFA/262144/threads:1,296625.5622775801,0.0007301978238678336,14,474238.594915347,474722.50424289395,0.0010203921248403006,474480.48788843246,0.6251586099939425,-177854.92561085237,true
arm,failed-search/parens/dfa/2097152,failed-search,dfa,io.airlift.slice.re2.BenchmarkRe2Search.searchParensDfa,textSize=2097152,Search_Parens_CachedDFA/2097152/threads:1,2361178.827830189,0.0005690177000601767,14,3773791.4189214325,3773302.6351447366,0.00012953739043968608,3773547.0191191253,0.6257186715488094,-1412368.1912889364,true
arm,failed-search/parens/dfa/16777216,failed-search,dfa,io.airlift.slice.re2.BenchmarkRe2Search.searchParensDfa,textSize=16777216,Search_Parens_CachedDFA/16777216/threads:1,19347611.115384616,0.001410902543106192,14,30187068.22222662,30186480.22225534,1.9478917944348536e-05,30186774.220809296,0.6409300634066197,-10839163.10542468,true
arm,failed-search/parens/re2/8,failed-search,re2,io.airlift.slice.re2.BenchmarkRe2Search.searchParensRe2,textSize=8,Search_Parens_CachedRE2/8/threads:1,3.6622920472760843,0.010762607813317613,14,44.110826156440126,43.60159057975597,0.011679288987236875,43.85546923939924,0.08350821712302929,-40.19317719212316,true
arm,failed-search/parens/re2/64,failed-search,re2,io.airlift.slice.re2.BenchmarkRe2Search.searchParensRe2,textSize=64,Search_Parens_CachedRE2/64/threads:1,25.254493534564062,0.001286128165913406,14,44.095816588725015,43.594254647998234,0.011505230328552283,43.84431841505012,0.576003789031309,-18.589824880486056,true
arm,failed-search/parens/re2/512,failed-search,re2,io.airlift.slice.re2.BenchmarkRe2Search.searchParensRe2,textSize=512,Search_Parens_CachedRE2/512/threads:1,25.455464245446983,0.0047485552932976845,14,44.10351442338336,43.57647153137272,0.012094666536532187,43.83920095877719,0.5806552968285902,-18.383736713330208,true
arm,failed-search/parens/re2/4096,failed-search,re2,io.airlift.slice.re2.BenchmarkRe2Search.searchParensRe2,textSize=4096,Search_Parens_CachedRE2/4096/threads:1,25.130816033460846,0.0029105775685432196,14,44.09719171706774,43.5810717101417,0.011842756193761333,43.838372169109974,0.5732607026674427,-18.707556135649128,true
arm,failed-search/parens/re2/32768,failed-search,re2,io.airlift.slice.re2.BenchmarkRe2Search.searchParensRe2,textSize=32768,Search_Parens_CachedRE2/32768/threads:1,25.12301694818777,0.0023323744931614777,14,44.11791667548599,43.68891057695528,0.00981956503069689,43.90288961420275,0.5722406239989356,-18.779872666014978,true
arm,failed-search/parens/re2/262144,failed-search,re2,io.airlift.slice.re2.BenchmarkRe2Search.searchParensRe2,textSize=262144,Search_Parens_CachedRE2/262144/threads:1,25.07743824603426,0.0021966310737911053,14,44.11007162608248,43.61377005327596,0.011379469653741717,43.861218871954456,0.5717451290910012,-18.783780625920198,true
arm,failed-search/parens/re2/2097152,failed-search,re2,io.airlift.slice.re2.BenchmarkRe2Search.searchParensRe2,textSize=2097152,Search_Parens_CachedRE2/2097152/threads:1,25.048840492308056,0.0025582366929501484,14,44.07663112379426,43.50235948943167,0.013200930733472066,43.78855389517186,0.5720408249213718,-18.739713402863803,true
arm,failed-search/parens/re2/16777216,failed-search,re2,io.airlift.slice.re2.BenchmarkRe2Search.searchParensRe2,textSize=16777216,Search_Parens_CachedRE2/16777216/threads:1,25.066822507182806,0.0030704003263523627,14,44.08353884841054,43.51299226980443,0.013112097073637472,43.797336507332396,0.5723366877112769,-18.73051400014959,true
arm,failed-search/parens/nfa/8,failed-search,nfa,io.airlift.slice.re2.BenchmarkRe2SearchNfa.searchParensNfa,textSize=8,Search_Parens_CachedNFA/8/threads:1,616.8465506602938,0.0027784925584041476,14,550.9157919796763,536.7687057239079,0.02635601909148011,543.7962455035824,1.1343339637975307,73.05030515671137,true
arm,failed-search/parens/nfa/64,failed-search,nfa,io.airlift.slice.re2.BenchmarkRe2SearchNfa.searchParensNfa,textSize=64,Search_Parens_CachedNFA/64/threads:1,2671.761513808613,0.012639247389747468,14,2353.2505014524313,2331.172559223842,0.009470745587336488,2342.1855165562047,1.1407130199220918,329.57599725240834,true
arm,failed-search/parens/nfa/512,failed-search,nfa,io.airlift.slice.re2.BenchmarkRe2SearchNfa.searchParensNfa,textSize=512,Search_Parens_CachedNFA/512/threads:1,19356.59283413515,0.0007860572588515945,14,17033.44637856988,17030.830786150957,0.00015357984890845106,17032.138532151486,1.1364746005086679,2324.4543019836638,true
arm,failed-search/parens/nfa/4096,failed-search,nfa,io.airlift.slice.re2.BenchmarkRe2SearchNfa.searchParensNfa,textSize=4096,Search_Parens_CachedNFA/4096/threads:1,156448.96294676507,0.0012083663188482059,14,137476.9454814052,137670.45083531406,0.0014075476672199014,137573.66413629806,1.1372013962771736,18875.298810467008,true
arm,failed-search/parens/nfa/32768,failed-search,nfa,io.airlift.slice.re2.BenchmarkRe2SearchNfa.searchParensNfa,textSize=32768,Search_Parens_CachedNFA/32768/threads:1,1263917.8674242424,0.00965320471069246,14,1097425.1058827327,1098296.4862741223,0.0007940226505832373,1097860.7096257757,1.1512552151129174,166057.15779846674,true
arm,failed-search/parens/nfa/262144,failed-search,nfa,io.airlift.slice.re2.BenchmarkRe2SearchNfa.searchParensNfa,textSize=262144,Search_Parens_CachedNFA/262144/threads:1,10177528.5,0.0024721550826111273,14,8787438.249996172,8802436.468727138,0.0017067794167398174,8794934.162258072,1.1572034892171326,1382594.3377419282,true
arm,failed-search/easy2/dfa/8,failed-search,dfa,io.airlift.slice.re2.BenchmarkRe2SearchExtra.searchEasy2Dfa,textSize=8,Search_Easy2_CachedDFA/8/threads:1,30.460254275461367,0.03851176803091256,14,35.07831470977958,35.54410156466069,0.013278484406528557,35.3104401099949,0.8626415921346545,-4.850185834533534,true
arm,failed-search/easy2/dfa/64,failed-search,dfa,io.airlift.slice.re2.BenchmarkRe2SearchExtra.searchEasy2Dfa,textSize=64,Search_Easy2_CachedDFA/64/threads:1,60.13086702175866,0.0011025601335706236,14,57.99000198795103,57.70509606678727,0.004937274878357628,57.84737362774475,1.0394744523529882,2.2834933940139095,true
arm,failed-search/easy2/dfa/512,failed-search,dfa,io.airlift.slice.re2.BenchmarkRe2SearchExtra.searchEasy2Dfa,textSize=512,Search_Easy2_CachedDFA/512/threads:1,389.62204418327167,0.0008148973876393136,14,229.27549934249927,229.10353904713938,0.0007505789568991043,229.1895030671489,1.6999995155498835,160.43254111612276,true
arm,failed-search/easy2/dfa/4096,failed-search,dfa,io.airlift.slice.re2.BenchmarkRe2SearchExtra.searchEasy2Dfa,textSize=4096,Search_Easy2_CachedDFA/4096/threads:1,3044.2537500152193,0.0016230495460929936,14,1608.6878802326091,1608.8611181298725,0.00010768894289070216,1608.7744968493905,1.8922812090675594,1435.4792531658288,true
arm,failed-search/easy2/dfa/32768,failed-search,dfa,io.airlift.slice.re2.BenchmarkRe2SearchExtra.searchEasy2Dfa,textSize=32768,Search_Easy2_CachedDFA/32768/threads:1,24138.04197156839,0.0011807552561644778,14,12647.440263785229,12649.61134706168,0.00017166187237648356,12648.525758840926,1.9083680131415037,11489.516212727463,true
arm,failed-search/easy2/dfa/262144,failed-search,dfa,io.airlift.slice.re2.BenchmarkRe2SearchExtra.searchEasy2Dfa,textSize=262144,Search_Easy2_CachedDFA/262144/threads:1,193045.7724816673,0.0014345694197048402,14,100967.98953826094,100972.66498353521,4.63062134410782e-05,100970.32723383594,1.9119059804034801,92075.44524783138,true
arm,failed-search/easy2/dfa/2097152,failed-search,dfa,io.airlift.slice.re2.BenchmarkRe2SearchExtra.searchEasy2Dfa,textSize=2097152,Search_Easy2_CachedDFA/2097152/threads:1,1547429.3792521884,0.010345618016932845,14,807548.0547549179,807493.2535992021,6.786577531323327e-05,807520.6537121854,1.9162721995265763,739908.7255400029,true
arm,failed-search/easy2/dfa/16777216,failed-search,dfa,io.airlift.slice.re2.BenchmarkRe2SearchExtra.searchEasy2Dfa,textSize=16777216,Search_Easy2_CachedDFA/16777216/threads:1,12362506.158536587,0.0006894967203079797,14,6449839.116279436,6450884.418628384,0.00016206642213907846,6450361.746279575,1.9165601317890435,5912144.412257012,true
arm,failed-search/easy2/re2/8,failed-search,re2,io.airlift.slice.re2.BenchmarkRe2SearchExtra.searchEasy2Re2,textSize=8,Search_Easy2_CachedRE2/8/threads:1,3.6013746460129608,0.0006590082147780481,14,44.024984330176615,43.48356875644723,0.012451038155627774,43.75343910051811,0.08231066448832167,-40.152064454505144,true
arm,failed-search/easy2/re2/64,failed-search,re2,io.airlift.slice.re2.BenchmarkRe2SearchExtra.searchEasy2Re2,textSize=64,Search_Easy2_CachedRE2/64/threads:1,25.30415476469082,0.0007589565663633525,14,44.02516950540182,43.56895952157193,0.010470986427941068,43.796470498331196,0.577766986169696,-18.492315733640375,true
arm,failed-search/easy2/re2/512,failed-search,re2,io.airlift.slice.re2.BenchmarkRe2SearchExtra.searchEasy2Re2,textSize=512,Search_Easy2_CachedRE2/512/threads:1,25.264448708861295,0.0007493312060008476,14,44.01731339118157,43.467365494714684,0.012651972122252317,43.74147516110869,0.5775856579095064,-18.477026452247394,true
arm,failed-search/easy2/re2/4096,failed-search,re2,io.airlift.slice.re2.BenchmarkRe2SearchExtra.searchEasy2Re2,textSize=4096,Search_Easy2_CachedRE2/4096/threads:1,25.184938390830567,0.0014383557234787104,14,44.01614911439246,43.499297076141325,0.01188184805254296,43.75695997752463,0.5755641709059903,-18.572021586694063,true
arm,failed-search/easy2/re2/32768,failed-search,re2,io.airlift.slice.re2.BenchmarkRe2SearchExtra.searchEasy2Re2,textSize=32768,Search_Easy2_CachedRE2/32768/threads:1,25.193337776899398,0.0015466058859376095,14,44.03981793776582,43.47216644455419,0.013057814680932195,43.75507165550548,0.5757809740377707,-18.561733878606084,true
arm,failed-search/easy2/re2/262144,failed-search,re2,io.airlift.slice.re2.BenchmarkRe2SearchExtra.searchEasy2Re2,textSize=262144,Search_Easy2_CachedRE2/262144/threads:1,25.4489226699886,0.010107519124016338,14,44.02607937636696,43.47370099139624,0.012706035427718369,43.74901839620695,0.5817027124932026,-18.30009572621835,true
arm,failed-search/easy2/re2/2097152,failed-search,re2,io.airlift.slice.re2.BenchmarkRe2SearchExtra.searchEasy2Re2,textSize=2097152,Search_Easy2_CachedRE2/2097152/threads:1,25.183295486366603,0.0021746822009678854,14,44.01744407218377,43.51931968729709,0.011446051741293138,43.767673234878345,0.575385749916861,-18.58437774851174,true
arm,failed-search/easy2/re2/16777216,failed-search,re2,io.airlift.slice.re2.BenchmarkRe2SearchExtra.searchEasy2Re2,textSize=16777216,Search_Easy2_CachedRE2/16777216/threads:1,25.26380694842539,0.003804570505824545,14,44.02054233902786,43.54874353659235,0.010833809752492183,43.784007453224625,0.5770099270930201,-18.520200504799234,true
arm,failed-search/fanout/dfa/8,failed-search,dfa,io.airlift.slice.re2.BenchmarkRe2SearchExtra.searchFanoutDfa,textSize=8,Search_Fanout_CachedDFA/8/threads:1,25.66029379342784,0.0006408087119972246,14,49.669387970867106,49.864244760637405,0.003923076118525745,49.76672099797591,0.5156115026037477,-24.10642720454807,true
arm,failed-search/fanout/dfa/64,failed-search,dfa,io.airlift.slice.re2.BenchmarkRe2SearchExtra.searchFanoutDfa,textSize=64,Search_Fanout_CachedDFA/64/threads:1,47.65413521161526,0.008004724674788093,14,149.44285700559539,149.27443243700196,0.0011282881190287082,149.3586209807599,0.3190584841952577,-101.70448576914464,true
arm,failed-search/fanout/dfa/512,failed-search,dfa,io.airlift.slice.re2.BenchmarkRe2SearchExtra.searchFanoutDfa,textSize=512,Search_Fanout_CachedDFA/512/threads:1,260.7944842549987,0.005179261966699199,14,952.7257876782348,952.6926914744639,3.4739642769487186e-05,952.7092394326331,0.2737398499570652,-691.9147551776344,true
arm,failed-search/fanout/dfa/4096,failed-search,dfa,io.airlift.slice.re2.BenchmarkRe2SearchExtra.searchFanoutDfa,textSize=4096,Search_Fanout_CachedDFA/4096/threads:1,1935.0995998129704,0.035697998080820845,14,7380.359818627849,7380.407832977679,6.505692271202008e-06,7380.383825763718,0.26219498138536546,-5445.284225950748,true
arm,failed-search/fanout/dfa/32768,failed-search,dfa,io.airlift.slice.re2.BenchmarkRe2SearchExtra.searchFanoutDfa,textSize=32768,Search_Fanout_CachedDFA/32768/threads:1,15324.321441495438,0.04526151580072063,14,58968.09713442982,58951.05161167807,0.00028914705142216,58959.57375706017,0.2599123512092964,-43635.252315564736,true
arm,failed-search/fanout/dfa/262144,failed-search,dfa,io.airlift.slice.re2.BenchmarkRe2SearchExtra.searchFanoutDfa,textSize=262144,Search_Fanout_CachedDFA/262144/threads:1,120790.22401918907,0.007631231101285883,14,490924.32879011723,474618.62906126573,0.03435537235675318,482702.6329979851,0.2502373423343089,-361912.40897879604,true
arm,failed-search/fanout/dfa/2097152,failed-search,dfa,io.airlift.slice.re2.BenchmarkRe2SearchExtra.searchFanoutDfa,textSize=2097152,Search_Fanout_CachedDFA/2097152/threads:1,966056.8001930502,0.015527182470139993,14,3781857.5405395143,3781466.797295867,0.00010333113169913187,3781662.1638709586,0.2554582504546577,-2815605.3636779087,true
arm,failed-search/fanout/dfa/16777216,failed-search,dfa,io.airlift.slice.re2.BenchmarkRe2SearchExtra.searchFanoutDfa,textSize=16777216,Search_Fanout_CachedDFA/16777216/threads:1,7820651.2265625,0.0073306332479567485,14,30295763.12499671,30262590.55554369,0.0010961576270919374,30279172.297464047,0.25828484179593963,-22458521.070901547,true
arm,failed-search/fanout/re2/8,failed-search,re2,io.airlift.slice.re2.BenchmarkRe2SearchExtra.searchFanoutRe2,textSize=8,Search_Fanout_CachedRE2/8/threads:1,27.613880706894086,0.005168966917840505,14,56.42497662193033,56.48058530785413,0.000985533167278047,56.45277411774031,0.4891501106624344,-28.838893410846225,true
arm,failed-search/fanout/re2/64,failed-search,re2,io.airlift.slice.re2.BenchmarkRe2SearchExtra.searchFanoutRe2,textSize=64,Search_Fanout_CachedRE2/64/threads:1,47.632325132435184,0.008463422355547812,14,156.93594232456974,157.13640228070693,0.0012773361740334157,157.03614031621962,0.30332078358853704,-109.40381518378443,true
arm,failed-search/fanout/re2/512,failed-search,re2,io.airlift.slice.re2.BenchmarkRe2SearchExtra.searchFanoutRe2,textSize=512,Search_Fanout_CachedRE2/512/threads:1,253.862441671552,0.015504493512929096,14,961.7972023409195,963.5458332066613,0.0018180868705854074,962.6711207392777,0.26370630239390563,-708.8086790677257,true
arm,failed-search/fanout/re2/4096,failed-search,re2,io.airlift.slice.re2.BenchmarkRe2SearchExtra.searchFanoutRe2,textSize=4096,Search_Fanout_CachedRE2/4096/threads:1,1936.756732715503,0.023944880934666686,14,7403.340976410216,7396.383084583894,0.000940715447909196,7399.861212707123,0.2617287915332362,-5463.10447999162,true
arm,failed-search/fanout/re2/32768,failed-search,re2,io.airlift.slice.re2.BenchmarkRe2SearchExtra.searchFanoutRe2,textSize=32768,Search_Fanout_CachedRE2/32768/threads:1,15299.730502144637,0.03360685979396781,14,59045.54948301185,58991.4273052605,0.0009174583532499635,59018.4821901263,0.25923625844624415,-43718.75168798166,true
arm,failed-search/fanout/re2/262144,failed-search,re2,io.airlift.slice.re2.BenchmarkRe2SearchExtra.searchFanoutRe2,textSize=262144,Search_Fanout_CachedRE2/262144/threads:1,120479.1310288553,0.017475342159652473,14,474213.5860307092,474829.79046093085,0.0012994238216147056,474521.58822195674,0.2538959955021085,-354042.4571931014,true
arm,failed-search/fanout/re2/2097152,failed-search,re2,io.airlift.slice.re2.BenchmarkRe2SearchExtra.searchFanoutRe2,textSize=2097152,Search_Fanout_CachedRE2/2097152/threads:1,970246.9980620155,0.017628658530231097,14,3780810.945945509,3786907.810806313,0.0016125812551781998,3783858.1504045646,0.25641738128007735,-2813611.152342549,true
arm,failed-search/fanout/re2/16777216,failed-search,re2,io.airlift.slice.re2.BenchmarkRe2SearchExtra.searchFanoutRe2,textSize=16777216,Search_Fanout_CachedRE2/16777216/threads:1,7810504.761538462,0.009565785007910364,14,30272860.999982893,30254699.11093145,0.0006002997744202547,30263778.69304383,0.2580809501932327,-22453273.93150537,true
arm,failed-search/big-fixed/dfa/8,failed-search,dfa,io.airlift.slice.re2.BenchmarkRe2SearchExtra.searchBigFixedDfa,textSize=8,Search_BigFixed_CachedDFA/8/threads:1,39.56532613056471,0.0006545654587367997,14,54.69303634776416,51.166166693983946,0.06892972215162842,52.900217530458455,0.7479236944117311,-13.334891399893742,false
arm,failed-search/big-fixed/dfa/64,failed-search,dfa,io.airlift.slice.re2.BenchmarkRe2SearchExtra.searchBigFixedDfa,textSize=64,Search_BigFixed_CachedDFA/64/threads:1,182.32043687215392,0.0008952203407741119,14,152.68868315885197,152.2263283974182,0.0030372851155333657,152.45733050630506,1.1958784550842823,29.863106365848864,true
arm,failed-search/big-fixed/dfa/512,failed-search,dfa,io.airlift.slice.re2.BenchmarkRe2SearchExtra.searchBigFixedDfa,textSize=512,Search_BigFixed_CachedDFA/512/threads:1,1411.482406779582,0.0008926002677306381,14,959.9016105016499,961.0768394874127,0.0012243223398163143,960.4890452471611,1.4695455546985106,450.993361532421,true
arm,failed-search/big-fixed/dfa/4096,failed-search,dfa,io.airlift.slice.re2.BenchmarkRe2SearchExtra.searchBigFixedDfa,textSize=4096,Search_BigFixed_CachedDFA/4096/threads:1,11411.733586777773,0.0006313091472397604,14,9359.888079820694,9567.952933151191,0.02222941680030039,9463.348699444994,1.2058874663941157,1948.3848873327788,true
arm,failed-search/big-fixed/dfa/32768,failed-search,dfa,io.airlift.slice.re2.BenchmarkRe2SearchExtra.searchBigFixedDfa,textSize=32768,Search_BigFixed_CachedDFA/32768/threads:1,91504.45168910763,0.0022141327743078233,14,72836.50985989801,71954.24108728502,0.012261525648540269,72394.0314557458,1.2639778424971948,19110.42023336183,true
arm,failed-search/big-fixed/dfa/262144,failed-search,dfa,io.airlift.slice.re2.BenchmarkRe2SearchExtra.searchBigFixedDfa,textSize=262144,Search_BigFixed_CachedDFA/262144/threads:1,757478.2950075644,0.002969416636030055,14,601259.2422222144,604851.4782615593,0.0059745211168284965,603052.6854898594,1.2560731644736232,154425.60951770493,true
arm,failed-search/big-fixed/dfa/1048576,failed-search,dfa,io.airlift.slice.re2.BenchmarkRe2SearchExtra.searchBigFixedDfa,textSize=1048576,Search_BigFixed_CachedDFA/1048576/threads:1,2783834.6944444445,0.006570065567243406,14,3352693.864197719,3506228.712512893,0.045794472902736756,3428601.973241549,0.8119445523775647,-644767.2787971045,true
arm,failed-search/big-fixed/re2/8,failed-search,re2,io.airlift.slice.re2.BenchmarkRe2SearchExtra.searchBigFixedRe2,textSize=8,Search_BigFixed_CachedRE2/8/threads:1,20.32962030468498,0.002917297779989719,14,29.60014368935619,29.32567398152964,0.009359365721634287,29.462589221595778,0.6900147217809213,-9.132968916910798,true
arm,failed-search/big-fixed/re2/64,failed-search,re2,io.airlift.slice.re2.BenchmarkRe2SearchExtra.searchBigFixedRe2,textSize=64,Search_BigFixed_CachedRE2/64/threads:1,107.11577026773688,0.000995955027408681,14,106.02807247488643,106.16337370743217,0.0012760887695830736,106.09570152287071,1.0096146095480247,1.0200687448661654,true
arm,failed-search/big-fixed/re2/512,failed-search,re2,io.airlift.slice.re2.BenchmarkRe2SearchExtra.searchBigFixedRe2,textSize=512,Search_BigFixed_CachedRE2/512/threads:1,328.3971921480179,0.0019403144186779212,14,509.56707961961564,509.5154919143749,0.00010124855094579261,509.54128511413074,0.6444957489057263,-181.14409296611285,true
arm,failed-search/big-fixed/re2/4096,failed-search,re2,io.airlift.slice.re2.BenchmarkRe2SearchExtra.searchBigFixedRe2,textSize=4096,Search_BigFixed_CachedRE2/4096/threads:1,2352.707466207207,0.0009209903307071552,14,3764.754850871279,3765.5376321445156,0.00020792357118697692,3765.1462211651774,0.6248648333979254,-1412.4387549579706,true
arm,failed-search/big-fixed/re2/32768,failed-search,re2,io.airlift.slice.re2.BenchmarkRe2SearchExtra.searchBigFixedRe2,textSize=32768,Search_BigFixed_CachedRE2/32768/threads:1,18722.997994019832,0.002872866031635437,14,29985.36004284263,29989.658168319515,0.00014334079933489273,29987.5090285745,0.6243598951876617,-11264.511034554667,true
arm,failed-search/big-fixed/re2/262144,failed-search,re2,io.airlift.slice.re2.BenchmarkRe2SearchExtra.searchBigFixedRe2,textSize=262144,Search_BigFixed_CachedRE2/262144/threads:1,149836.88346315158,0.0019308233464412111,14,240498.24570456502,240527.65864228952,0.00012230000945881689,240512.95172380444,0.6229888344442187,-90676.06826065286,true
arm,failed-search/big-fixed/re2/1048576,failed-search,re2,io.airlift.slice.re2.BenchmarkRe2SearchExtra.searchBigFixedRe2,textSize=1048576,Search_BigFixed_CachedRE2/1048576/threads:1,601420.3990384615,0.0007546776013712368,14,959964.058218758,959756.715748308,0.00021603648825558436,959860.3813849452,0.6265707083051968,-358439.98234648374,true
arm,successful-search/success/dfa/8,successful-search,dfa,io.airlift.slice.re2.BenchmarkRe2SearchExtra.searchSuccessDfa,textSize=8,Search_Success_CachedDFA/8/threads:1,39.691571051175316,0.010653914052294369,14,51.813509900803936,52.22671579956661,0.007974867936060535,52.019702576690285,0.7630103419499532,-12.32813152551497,true
arm,successful-search/success/dfa/64,successful-search,dfa,io.airlift.slice.re2.BenchmarkRe2SearchExtra.searchSuccessDfa,textSize=64,Search_Success_CachedDFA/64/threads:1,179.38855603594945,0.0009696594524260977,14,152.68932974841044,152.846029451501,0.001026264922039833,152.767659508338,1.1742574090176363,26.62089652761145,true
arm,successful-search/success/dfa/512,successful-search,dfa,io.airlift.slice.re2.BenchmarkRe2SearchExtra.searchSuccessDfa,textSize=512,Search_Success_CachedDFA/512/threads:1,593.5998515242247,0.0012025080005424599,14,956.2596761738077,956.0583784807671,0.00021054958313369422,956.1590220299519,0.6208170794268049,-362.55917050572714,true
arm,successful-search/success/dfa/4096,successful-search,dfa,io.airlift.slice.re2.BenchmarkRe2SearchExtra.searchSuccessDfa,textSize=4096,Search_Success_CachedDFA/4096/threads:1,4593.133749579814,0.012559127726928344,14,7391.369845292387,7391.645457666613,3.72884025551964e-05,7391.507650194881,0.6214068857060189,-2798.3739006150663,true
arm,successful-search/success/dfa/32768,successful-search,dfa,io.airlift.slice.re2.BenchmarkRe2SearchExtra.searchSuccessDfa,textSize=32768,Search_Success_CachedDFA/32768/threads:1,36155.2167426662,0.0007125963965067309,14,58919.98126710304,58928.53881751081,0.00014524020924204617,58924.25988695565,0.6135879655006079,-22769.043144289455,true
arm,successful-search/success/dfa/262144,successful-search,dfa,io.airlift.slice.re2.BenchmarkRe2SearchExtra.searchSuccessDfa,textSize=262144,Search_Success_CachedDFA/262144/threads:1,289693.03503184713,0.000696210757650732,14,472944.3762710354,471488.23400660296,0.0030883957634710688,472215.7438622571,0.613476019800706,-182522.70883040997,true
arm,successful-search/success/dfa/2097152,successful-search,dfa,io.airlift.slice.re2.BenchmarkRe2SearchExtra.searchSuccessDfa,textSize=2097152,Search_Success_CachedDFA/2097152/threads:1,2405876.9638716355,0.012518856281131271,14,3773790.000002156,3772907.918942479,0.0002337934237007041,3773348.9336972367,0.6375972660218008,-1367471.9698256012,true
arm,successful-search/success/dfa/16777216,successful-search,dfa,io.airlift.slice.re2.BenchmarkRe2SearchExtra.searchSuccessDfa,textSize=16777216,Search_Success_CachedDFA/16777216/threads:1,18930460.574074075,0.0026148693501903382,14,30182619.11112556,30178677.111204404,0.0001306220251679186,30180648.046805184,0.6272383729042553,-11250187.47273111,true
arm,successful-search/success/re2/8,successful-search,re2,io.airlift.slice.re2.BenchmarkRe2SearchExtra.searchSuccessRe2,textSize=8,Search_Success_CachedRE2/8/threads:1,28.79346985657844,0.010710784457710273,14,42.89806469264932,43.51694669475689,0.014426804718153528,43.20639761121324,0.6664168143725491,-14.4129277546348,true
arm,successful-search/success/re2/64,successful-search,re2,io.airlift.slice.re2.BenchmarkRe2SearchExtra.searchSuccessRe2,textSize=64,Search_Success_CachedRE2/64/threads:1,183.81588835763452,0.0006140699869692479,14,158.91442582060455,158.93391204419143,0.00012262086016582755,158.92416863373913,1.1566263957073861,24.891719723895392,true
arm,successful-search/success/re2/512,successful-search,re2,io.airlift.slice.re2.BenchmarkRe2SearchExtra.searchSuccessRe2,textSize=512,Search_Success_CachedRE2/512/threads:1,592.1154942842221,0.0008007250061471495,14,963.2341950022407,963.922437166935,0.0007145117649116628,963.5782546368979,0.6144965304425088,-371.4627603526758,true
arm,successful-search/success/re2/4096,successful-search,re2,io.airlift.slice.re2.BenchmarkRe2SearchExtra.searchSuccessRe2,textSize=4096,Search_Success_CachedRE2/4096/threads:1,4676.149126692133,0.002290356465884913,14,7401.825536525235,7398.411584139988,0.0004614439662380762,7400.118363459565,0.6319019368368626,-2723.9692367674324,true
arm,successful-search/success/re2/32768,successful-search,re2,io.airlift.slice.re2.BenchmarkRe2SearchExtra.searchSuccessRe2,textSize=32768,Search_Success_CachedRE2/32768/threads:1,37685.288060550985,0.013470372062020043,14,58934.64434618277,58938.10168421814,5.8663933136851565e-05,58936.37298984857,0.6394232652735866,-21251.084929297584,true
arm,successful-search/success/re2/262144,successful-search,re2,io.airlift.slice.re2.BenchmarkRe2SearchExtra.searchSuccessRe2,textSize=262144,Search_Success_CachedRE2/262144/threads:1,288550.93048004305,0.0007313607111085875,14,472236.9644068133,471428.61952887307,0.001714670778257122,471832.6188605548,0.6115535868988347,-183281.68838051177,true
arm,successful-search/success/re2/2097152,successful-search,re2,io.airlift.slice.re2.BenchmarkRe2SearchExtra.searchSuccessRe2,textSize=2097152,Search_Success_CachedRE2/2097152/threads:1,2308317.9331797236,0.000603029439178339,14,3773187.243244113,3773639.0945979482,0.00011975322842627378,3773413.162157603,0.6117320934609367,-1465095.2289778795,true
arm,successful-search/success/re2/16777216,successful-search,re2,io.airlift.slice.re2.BenchmarkRe2SearchExtra.searchSuccessRe2,textSize=16777216,Search_Success_CachedRE2/16777216/threads:1,18512406.089285716,0.0030607344542860765,14,30179335.888912342,30188011.666824527,0.00028747411620054936,30183673.46615554,0.61332515109678,-11671267.376869824,true
arm,successful-search/success/one-pass/8,successful-search,one-pass,io.airlift.slice.re2.BenchmarkRe2SearchExtra.searchSuccessOnePass,textSize=8,Search_Success_CachedOnePass/8/threads:1,24.08192763376954,0.002197663187292309,14,20.61620132029546,20.7517131483344,0.00657307454140624,20.683846257577056,1.1642867256832212,3.398081376192483,true
arm,successful-search/success/one-pass/64,successful-search,one-pass,io.airlift.slice.re2.BenchmarkRe2SearchExtra.searchSuccessOnePass,textSize=64,Search_Success_CachedOnePass/64/threads:1,225.11429833573095,0.001246823449401567,14,216.07008785086956,216.03548441921595,0.00016017475900607085,216.0527854422737,1.0419411991144099,9.061512893457262,true
arm,successful-search/success/one-pass/512,successful-search,one-pass,io.airlift.slice.re2.BenchmarkRe2SearchExtra.searchSuccessOnePass,textSize=512,Search_Success_CachedOnePass/512/threads:1,1852.1679259294558,0.002089235028289488,14,1822.9149145306342,1823.1861434097584,0.00014878855670236998,1823.0505239261022,1.0159718019995665,29.117402003353618,true
arm,successful-search/success/one-pass/4096,successful-search,one-pass,io.airlift.slice.re2.BenchmarkRe2SearchExtra.searchSuccessOnePass,textSize=4096,Search_Success_CachedOnePass/4096/threads:1,14847.284219064826,0.0037959785904370766,14,14666.268974909563,14666.764930824147,3.381609292949806e-05,14666.516950770478,1.0123251668341646,180.76726829434847,true
arm,successful-search/success/one-pass/32768,successful-search,one-pass,io.airlift.slice.re2.BenchmarkRe2SearchExtra.searchSuccessOnePass,textSize=32768,Search_Success_CachedOnePass/32768/threads:1,120036.01084118744,0.008597830426241512,14,117432.44981104371,117551.89383100925,0.0010171295937173197,117492.15664248883,1.0216512682326462,2543.8541986986093,true
arm,successful-search/success/one-pass/262144,successful-search,one-pass,io.airlift.slice.re2.BenchmarkRe2SearchExtra.searchSuccessOnePass,textSize=262144,Search_Success_CachedOnePass/262144/threads:1,978584.7164127477,0.005171403079576592,14,939694.2727266907,939638.0603982151,5.9823383965358524e-05,939666.166142114,1.0414174221366483,38918.55027063377,true
arm,successful-search/success/one-pass/2097152,successful-search,one-pass,io.airlift.slice.re2.BenchmarkRe2SearchExtra.searchSuccessOnePass,textSize=2097152,Search_Success_CachedOnePass/2097152/threads:1,7791022.639903846,0.01177107093560489,14,7518309.621618018,7519125.621616401,0.00010853503506119404,7518717.610547236,1.0362169512756565,272305.02935661003,true
arm,successful-search/success-one-byte/dfa/8,successful-search,dfa,io.airlift.slice.re2.BenchmarkRe2SearchExtra.searchSuccess1Dfa,textSize=8,Search_Success1_CachedDFA/8/threads:1,39.7448678950384,0.011426270561052722,14,53.24332899472972,52.26606158908231,0.01869793468141377,52.752432289386576,0.7534224711575013,-13.00756439434818,true
arm,successful-search/success-one-byte/dfa/64,successful-search,dfa,io.airlift.slice.re2.BenchmarkRe2SearchExtra.searchSuccess1Dfa,textSize=64,Search_Success1_CachedDFA/64/threads:1,180.07899095780562,0.0021740022768612305,14,153.7494984245021,153.7067887978871,0.00027786428269705815,153.72814212796567,1.1714120034567588,26.350848829839947,true
arm,successful-search/success-one-byte/dfa/512,successful-search,dfa,io.airlift.slice.re2.BenchmarkRe2SearchExtra.searchSuccess1Dfa,textSize=512,Search_Success1_CachedDFA/512/threads:1,594.6444286696689,0.002127153102753339,14,956.1968146939337,956.4781689928752,0.00029424308324182074,956.3374814966071,0.621793498817058,-361.69305282693824,true
arm,successful-search/success-one-byte/dfa/4096,successful-search,dfa,io.airlift.slice.re2.BenchmarkRe2SearchExtra.searchSuccess1Dfa,textSize=4096,Search_Success1_CachedDFA/4096/threads:1,4537.470374250991,0.001867455684766555,14,7400.28943823664,7391.72548451671,0.001158586548955197,7396.006221834431,0.6135027794940879,-2858.53584758344,true
arm,successful-search/success-one-byte/dfa/32768,successful-search,dfa,io.airlift.slice.re2.BenchmarkRe2SearchExtra.searchSuccess1Dfa,textSize=32768,Search_Success1_CachedDFA/32768/threads:1,36068.515867291746,0.0005520242299522277,14,58928.66498318,58960.6346032265,0.0005425139031339322,58944.64762579572,0.6119048517563318,-22876.131758503972,true
arm,successful-search/success-one-byte/dfa/262144,successful-search,dfa,io.airlift.slice.re2.BenchmarkRe2SearchExtra.searchSuccess1Dfa,textSize=262144,Search_Success1_CachedDFA/262144/threads:1,288648.63473744947,0.0007824304540635627,14,472625.42203397816,471878.38617211254,0.0015831109958766877,472251.75638985954,0.611217705030959,-183603.12165241007,true
arm,successful-search/success-one-byte/dfa/2097152,successful-search,dfa,io.airlift.slice.re2.BenchmarkRe2SearchExtra.searchSuccess1Dfa,textSize=2097152,Search_Success1_CachedDFA/2097152/threads:1,2344938.053738318,0.0024356532710706285,14,3773735.0540565616,3774998.1351520843,0.0003347031727002115,3774366.5417685085,0.6212798963185964,-1429428.4880301906,true
arm,successful-search/success-one-byte/dfa/16777216,successful-search,dfa,io.airlift.slice.re2.BenchmarkRe2SearchExtra.searchSuccess1Dfa,textSize=16777216,Search_Success1_CachedDFA/16777216/threads:1,18983848.4002849,0.023038999511944325,14,30187512.999999754,30188602.87488678,3.6103500378678274e-05,30188057.93252482,0.6288529206720375,-11204209.532239918,true
arm,successful-search/success-one-byte/re2/8,successful-search,re2,io.airlift.slice.re2.BenchmarkRe2SearchExtra.searchSuccess1Re2,textSize=8,Search_Success1_CachedRE2/8/threads:1,42.60179396554892,0.004353844356755187,14,58.63473069699366,58.97057615607163,0.005727756486399152,58.80241365758565,0.7244905662142525,-16.20061969203673,true
arm,successful-search/success-one-byte/re2/64,successful-search,re2,io.airlift.slice.re2.BenchmarkRe2SearchExtra.searchSuccess1Re2,textSize=64,Search_Success1_CachedRE2/64/threads:1,183.49649421811614,0.0010670975099998706,14,158.96909857204113,158.84466043076486,0.0007833951795346029,158.9068673206437,1.1547423803142207,24.589626897472442,true
arm,successful-search/success-one-byte/re2/512,successful-search,re2,io.airlift.slice.re2.BenchmarkRe2SearchExtra.searchSuccess1Re2,textSize=512,Search_Success1_CachedRE2/512/threads:1,592.5798751600944,0.002914586885373266,14,963.323581237241,963.2913576731605,3.345152411448839e-05,963.3074693204621,0.6151513343689871,-370.72759416036774,true
arm,successful-search/success-one-byte/re2/4096,successful-search,re2,io.airlift.slice.re2.BenchmarkRe2SearchExtra.searchSuccess1Re2,textSize=4096,Search_Success1_CachedRE2/4096/threads:1,4585.051716327006,0.010667211517182624,14,7399.423376757006,7398.018443150363,0.00018990674562910338,7398.720876606055,0.6197087027332573,-2813.669160279049,true
arm,successful-search/success-one-byte/re2/32768,successful-search,re2,io.airlift.slice.re2.BenchmarkRe2SearchExtra.searchSuccess1Re2,textSize=32768,Search_Success1_CachedRE2/32768/threads:1,36571.242058532545,0.01040867385191664,14,58941.30029459593,58902.20408173387,0.0006637478761882796,58921.74894548744,0.6206747544504682,-22350.506886954892,true
arm,successful-search/success-one-byte/re2/262144,successful-search,re2,io.airlift.slice.re2.BenchmarkRe2SearchExtra.searchSuccess1Re2,textSize=262144,Search_Success1_CachedRE2/262144/threads:1,289591.76457029826,0.0024773496783768267,14,474652.6237290632,472088.54915170686,0.005431342450401964,473368.8503559402,0.6117676825430012,-183777.08578564192,true
arm,successful-search/success-one-byte/re2/2097152,successful-search,re2,io.airlift.slice.re2.BenchmarkRe2SearchExtra.searchSuccess1Re2,textSize=2097152,Search_Success1_CachedRE2/2097152/threads:1,2314629.9193548383,0.0007352118939073033,14,3773361.7432453483,3774600.378361553,0.00032825771831229434,3773981.0099878483,0.6133125506538495,-1459351.09063301,true
arm,successful-search/success-one-byte/re2/16777216,successful-search,re2,io.airlift.slice.re2.BenchmarkRe2SearchExtra.searchSuccess1Re2,textSize=16777216,Search_Success1_CachedRE2/16777216/threads:1,18784018.14814815,0.011808195885467774,14,30184565.444465585,30187185.000007354,8.678460342880213e-05,30185875.193820566,0.6222784009917817,-11401857.045672417,true
arm,successful-search/success-one-byte/bit-state/8,successful-search,bit-state,io.airlift.slice.re2.BenchmarkRe2SearchExtra.searchSuccess1BitState,textSize=8,Search_Success1_CachedBitState/8/threads:1,440.64618157282314,0.004235546369194971,14,136.02063382914437,136.13879354165698,0.0008686896185252893,136.07970086045606,3.23814778241383,304.5664807123671,true
arm,successful-search/success-one-byte/bit-state/64,successful-search,bit-state,io.airlift.slice.re2.BenchmarkRe2SearchExtra.searchSuccess1BitState,textSize=64,Search_Success1_CachedBitState/64/threads:1,1073.5297402246313,0.005747969760498472,14,637.2388740818523,637.2047132846183,5.3610396347987853e-05,637.2217934543197,1.6847034286211824,436.30794677031156,true
arm,successful-search/success-one-byte/bit-state/512,successful-search,bit-state,io.airlift.slice.re2.BenchmarkRe2SearchExtra.searchSuccess1BitState,textSize=512,Search_Success1_CachedBitState/512/threads:1,6073.489864703068,0.004046377227540294,14,4565.865975179213,4564.24506192074,0.0003551328284267377,4565.055446607812,1.3304306893394118,1508.4344180952558,true
arm,successful-search/success-one-byte/bit-state/4096,successful-search,bit-state,io.airlift.slice.re2.BenchmarkRe2SearchExtra.searchSuccess1BitState,textSize=4096,Search_Success1_CachedBitState/4096/threads:1,55934.53848476315,0.015795547600731052,14,24954.083942267414,25284.849970116633,0.013254985781664562,25118.922521117984,2.2267889252708932,30815.615963645167,true
arm,successful-search/success-one-byte/bit-state/32768,successful-search,bit-state,io.airlift.slice.re2.BenchmarkRe2SearchExtra.searchSuccess1BitState,textSize=32768,Search_Success1_CachedBitState/32768/threads:1,441271.1090775328,0.012024995013033488,14,198750.25744674547,201298.0244429532,0.0128189368352914,200020.08444543317,2.2061340004979075,241251.0246320996,true
arm,successful-search/success-one-byte/bit-state/262144,successful-search,bit-state,io.airlift.slice.re2.BenchmarkRe2SearchExtra.searchSuccess1BitState,textSize=262144,Search_Success1_CachedBitState/262144/threads:1,3544588.116197183,0.0029308855351236752,14,1590312.3863642514,1609456.6206907756,0.012038033842075179,1599855.8682582914,2.2155671560939143,1944732.2479388914,true
arm,successful-search/success-one-byte/bit-state/2097152,successful-search,bit-state,io.airlift.slice.re2.BenchmarkRe2SearchExtra.searchSuccess1BitState,textSize=2097152,Search_Success1_CachedBitState/2097152/threads:1,27842088.638888888,0.0032680183359090195,14,18425289.999992274,12888013.545390012,0.4296454558416353,15409911.975661624,1.8067649369355654,12432176.663227264,false
arm,successful-search/alternate-match/dfa/8,successful-search,dfa,io.airlift.slice.re2.BenchmarkRe2SearchExtra.searchAltMatchDfa,textSize=8,Search_AltMatch_CachedDFA/8/threads:1,23.04789674026864,0.0072663308746998756,14,33.53719698393805,33.38635413730055,0.0045180988021981915,33.46169056216622,0.6887845877795536,-10.413793821897578,true
arm,successful-search/alternate-match/dfa/64,successful-search,dfa,io.airlift.slice.re2.BenchmarkRe2SearchExtra.searchAltMatchDfa,textSize=64,Search_AltMatch_CachedDFA/64/threads:1,23.017129996041355,0.0010578891303247872,14,33.533144495412586,33.32457156426921,0.006258833087804958,33.42869536060833,0.6885440711265165,-10.411565364566975,true
arm,successful-search/alternate-match/dfa/512,successful-search,dfa,io.airlift.slice.re2.BenchmarkRe2SearchExtra.searchAltMatchDfa,textSize=512,Search_AltMatch_CachedDFA/512/threads:1,29.347873319430676,0.0026320384763070374,14,33.52076247849112,33.34629849359966,0.005231884580081536,33.43341668661491,0.8778006027478524,-4.085543367184236,true
arm,successful-search/alternate-match/dfa/4096,successful-search,dfa,io.airlift.slice.re2.BenchmarkRe2SearchExtra.searchAltMatchDfa,textSize=4096,Search_AltMatch_CachedDFA/4096/threads:1,29.393121419564476,0.0018025927089149216,14,33.515223671046655,33.33787535934715,0.0053197244811757196,33.42643189731735,0.8793376903002151,-4.033310477752874,true
arm,successful-search/alternate-match/dfa/32768,successful-search,dfa,io.airlift.slice.re2.BenchmarkRe2SearchExtra.searchAltMatchDfa,textSize=32768,Search_AltMatch_CachedDFA/32768/threads:1,29.461750974841436,0.0030614418866950427,14,33.494586511300945,33.37289677584546,0.003646364182073621,33.4336862788307,0.8811995999823632,-3.9719353039892624,true
arm,successful-search/alternate-match/dfa/262144,successful-search,dfa,io.airlift.slice.re2.BenchmarkRe2SearchExtra.searchAltMatchDfa,textSize=262144,Search_AltMatch_CachedDFA/262144/threads:1,29.422182068306363,0.004310563855714467,14,33.50052491150117,33.301902253731036,0.005964303668204935,33.40106594184523,0.880875542101964,-3.9788838735388694,true
arm,successful-search/alternate-match/dfa/2097152,successful-search,dfa,io.airlift.slice.re2.BenchmarkRe2SearchExtra.searchAltMatchDfa,textSize=2097152,Search_AltMatch_CachedDFA/2097152/threads:1,29.417189720281343,0.003579671669371613,14,33.48646325846617,33.24797348663016,0.00717306189900319,33.36700529832574,0.8816251101131155,-3.949815578044401,true
arm,successful-search/alternate-match/dfa/16777216,successful-search,dfa,io.airlift.slice.re2.BenchmarkRe2SearchExtra.searchAltMatchDfa,textSize=16777216,Search_AltMatch_CachedDFA/16777216/threads:1,29.272317639995425,0.0037811251748059785,14,33.54011609522571,33.33681091823342,0.0060985190662343185,33.438308994955726,0.8754126186348492,-4.165991354960301,true
arm,successful-search/alternate-match/re2/8,successful-search,re2,io.airlift.slice.re2.BenchmarkRe2SearchExtra.searchAltMatchRe2,textSize=8,Search_AltMatch_CachedRE2/8/threads:1,7.153931232242117,0.011412054746820928,14,43.38959983804994,43.338146761245625,0.0011872468171695205,43.36386566823958,0.16497448098779108,-36.20993443599747,true
arm,successful-search/alternate-match/re2/64,successful-search,re2,io.airlift.slice.re2.BenchmarkRe2SearchExtra.searchAltMatchRe2,textSize=64,Search_AltMatch_CachedRE2/64/threads:1,25.3628184271523,0.001037504398167281,14,42.806966769050945,42.719712550299434,0.002042481410631572,42.763317405506285,0.5930975416768423,-17.400498978353987,true
arm,successful-search/alternate-match/re2/512,successful-search,re2,io.airlift.slice.re2.BenchmarkRe2SearchExtra.searchAltMatchRe2,textSize=512,Search_AltMatch_CachedRE2/512/threads:1,31.657050300144096,0.005293753399786089,14,42.77982015922451,42.712836359655924,0.001568235810999866,42.74631513892707,0.7405796311859287,-11.089264838782977,true
arm,successful-search/alternate-match/re2/4096,successful-search,re2,io.airlift.slice.re2.BenchmarkRe2SearchExtra.searchAltMatchRe2,textSize=4096,Search_AltMatch_CachedRE2/4096/threads:1,31.58764609990052,0.0047267999202676375,14,42.79267386473253,42.71968776444196,0.0017084886175437182,42.75616524089794,0.7387857615838219,-11.168519140997422,true
arm,successful-search/alternate-match/re2/32768,successful-search,re2,io.airlift.slice.re2.BenchmarkRe2SearchExtra.searchAltMatchRe2,textSize=32768,Search_AltMatch_CachedRE2/32768/threads:1,31.515602234540527,0.001955509546140743,14,42.670334134399056,42.592798153480985,0.001820401201129693,42.631548516656636,0.7392553949155053,-11.11594628211611,true
arm,successful-search/alternate-match/re2/262144,successful-search,re2,io.airlift.slice.re2.BenchmarkRe2SearchExtra.searchAltMatchRe2,textSize=262144,Search_AltMatch_CachedRE2/262144/threads:1,31.47486945192488,0.0010322427184888195,14,42.735191425060954,42.689861251050594,0.0010618487079117457,42.71252032452474,0.7369003096230918,-11.237650872599858,true
arm,successful-search/alternate-match/re2/2097152,successful-search,re2,io.airlift.slice.re2.BenchmarkRe2SearchExtra.searchAltMatchRe2,textSize=2097152,Search_AltMatch_CachedRE2/2097152/threads:1,31.506666666580838,0.0009942937268449855,14,42.76627007983841,42.683813494840294,0.0019317998615114421,42.725021895345954,0.737428917971201,-11.218355228765116,true
arm,successful-search/alternate-match/re2/16777216,successful-search,re2,io.airlift.slice.re2.BenchmarkRe2SearchExtra.searchAltMatchRe2,textSize=16777216,Search_AltMatch_CachedRE2/16777216/threads:1,31.524958604455577,0.0009241790864393212,14,42.74929312892326,42.68046086447628,0.001612734798378722,42.714863131854166,0.7380325323094894,-11.189904527398589,true
arm,successful-search/alternate-match/one-pass/8,successful-search,one-pass,io.airlift.slice.re2.BenchmarkRe2SearchExtra.searchAltMatchOnePass,textSize=8,Search_AltMatch_CachedOnePass/8/threads:1,3.110562085920384,0.0038906364576626745,14,25.485862995944565,25.10813845477059,0.015043908645573334,25.296295711852565,0.1229651219037154,-22.18573362593218,true
arm,successful-search/alternate-match/one-pass/64,successful-search,one-pass,io.airlift.slice.re2.BenchmarkRe2SearchExtra.searchAltMatchOnePass,textSize=64,Search_AltMatch_CachedOnePass/64/threads:1,3.1469431619076866,0.0038202208299531765,14,226.2307253545524,226.34516037526117,0.0005058332396248924,226.28793563110656,0.013906809274347781,-223.14099246919886,true
arm,successful-search/alternate-match/one-pass/512,successful-search,one-pass,io.airlift.slice.re2.BenchmarkRe2SearchExtra.searchAltMatchOnePass,textSize=512,Search_AltMatch_CachedOnePass/512/threads:1,3.1700108938880867,0.0038834519521892346,14,1834.4287595927995,1834.1282916767145,0.00016382055576398427,1834.2785194824082,0.0017282058641686496,-1831.1085085885202,true
arm,successful-search/alternate-match/one-pass/4096,successful-search,one-pass,io.airlift.slice.re2.BenchmarkRe2SearchExtra.searchAltMatchOnePass,textSize=4096,Search_AltMatch_CachedOnePass/4096/threads:1,3.1466302040704974,0.003728708584696131,14,14676.906217228092,14678.195147526498,8.782029940975259e-05,14677.550668228636,0.000214383876111003,-14674.404038024566,true
arm,successful-search/alternate-match/one-pass/32768,successful-search,one-pass,io.airlift.slice.re2.BenchmarkRe2SearchExtra.searchAltMatchOnePass,textSize=32768,Search_AltMatch_CachedOnePass/32768/threads:1,3.174728038951545,0.0034950216446237962,14,117465.10029372302,117544.09609746782,0.0006725044591735252,117504.59155719863,2.7017906252677437e-05,-117501.41682915967,true
arm,successful-search/alternate-match/one-pass/262144,successful-search,one-pass,io.airlift.slice.re2.BenchmarkRe2SearchExtra.searchAltMatchOnePass,textSize=262144,Search_AltMatch_CachedOnePass/262144/threads:1,3.1522226041466093,0.003974820944743115,14,940426.0808082272,940256.0301974432,0.00018085564497604642,940341.0516588562,3.3522120496449362e-06,-940337.8994362521,true
arm,successful-search/alternate-match/one-pass/2097152,successful-search,one-pass,io.airlift.slice.re2.BenchmarkRe2SearchExtra.searchAltMatchOnePass,textSize=2097152,Search_AltMatch_CachedOnePass/2097152/threads:1,3.1583698885531257,0.005173484748329183,14,7548466.054053327,7551292.324343515,0.0003744165066053291,7549879.056947897,4.1833383882442263e-07,-7549875.898578009,true
arm,successful-search/alternate-match/one-pass/16777216,successful-search,one-pass,io.airlift.slice.re2.BenchmarkRe2SearchExtra.searchAltMatchOnePass,textSize=16777216,Search_AltMatch_CachedOnePass/16777216/threads:1,3.140917281967047,0.0033368074359403956,14,60425308.750041045,60436192.99998681,0.0001801273368877876,60430750.62996713,5.1975480185571136e-08,-60430747.48904985,true
arm,successful-search/alternate-match/bit-state/8,successful-search,bit-state,io.airlift.slice.re2.BenchmarkRe2SearchExtra.searchAltMatchBitState,textSize=8,Search_AltMatch_CachedBitState/8/threads:1,323.1214488287471,0.004479990557327001,14,59.8935610478984,61.0400680227401,0.01914240787794883,60.46409711959532,5.34402172895474,262.6573517091517,true
arm,successful-search/alternate-match/bit-state/64,successful-search,bit-state,io.airlift.slice.re2.BenchmarkRe2SearchExtra.searchAltMatchBitState,textSize=64,Search_AltMatch_CachedBitState/64/threads:1,330.85583581295464,0.005571086258306798,14,58.923160975787674,59.52190032235885,0.010161358227492397,59.221773987944154,5.586726190949757,271.63406182501046,true
arm,successful-search/alternate-match/bit-state/512,successful-search,bit-state,io.airlift.slice.re2.BenchmarkRe2SearchExtra.searchAltMatchBitState,textSize=512,Search_AltMatch_CachedBitState/512/threads:1,381.6659010205102,0.006228191766195423,14,58.73241608268762,58.71157177031887,0.0003550290298869035,58.721993001625414,6.49953929543818,322.94390801888477,true
arm,successful-search/alternate-match/bit-state/4096,successful-search,bit-state,io.airlift.slice.re2.BenchmarkRe2SearchExtra.searchAltMatchBitState,textSize=4096,Search_AltMatch_CachedBitState/4096/threads:1,639.8741283937244,0.009610323559423789,14,100.43967222929021,99.79032844583882,0.006507081333075446,100.11447388241756,6.391424771859099,539.7596545113068,true
arm,successful-search/alternate-match/bit-state/32768,successful-search,bit-state,io.airlift.slice.re2.BenchmarkRe2SearchExtra.searchAltMatchBitState,textSize=32768,Search_AltMatch_CachedBitState/32768/threads:1,829.837718588779,0.0033082324519115775,14,162.65047043142334,160.08750166865445,0.016009799241377787,161.36389762458614,5.142647957843708,668.4738209641929,true
arm,successful-search/alternate-match/bit-state/262144,successful-search,bit-state,io.airlift.slice.re2.BenchmarkRe2SearchExtra.searchAltMatchBitState,textSize=262144,Search_AltMatch_CachedBitState/262144/threads:1,2227.0173463669253,0.004068214423032855,14,717.915808672744,717.9598092653675,6.128934910194249e-05,717.9378086319701,3.1019641528707127,1509.079537734955,true
arm,successful-search/alternate-match/bit-state/2097152,successful-search,bit-state,io.airlift.slice.re2.BenchmarkRe2SearchExtra.searchAltMatchBitState,textSize=2097152,Search_AltMatch_CachedBitState/2097152/threads:1,12768.535666649663,0.0009234078866420622,14,4849.904136717976,4827.59853542134,0.004620434183367631,4838.738483050473,2.63881499514312,7929.797183599189,true
arm,successful-search/alternate-match/bit-state/16777216,successful-search,bit-state,io.airlift.slice.re2.BenchmarkRe2SearchExtra.searchAltMatchBitState,textSize=16777216,Search_AltMatch_CachedBitState/16777216/threads:1,96137.26818851662,0.001318872663001821,14,69752.03639518106,68453.45725348445,0.01897024918533985,69099.6963938411,1.391283510720105,27037.571794675518,true
arm,capture/digits/nfa,capture,nfa,io.airlift.slice.re2.BenchmarkRe2Parse.parse3DigitsNfa,,Parse_CachedDigits_NFA/threads:1,1396.733834384088,0.003756711665813846,14,485.42355745300154,484.5234763990231,0.0018576624205453435,484.97330811407465,2.880022077535761,911.7605262700133,true
arm,capture/digits/one-pass,capture,one-pass,io.airlift.slice.re2.BenchmarkRe2Parse.parse3DigitsOnePass,,Parse_CachedDigits_OnePass/threads:1,94.5823450216753,0.008753612359298767,14,43.6996093053032,43.67503230227776,0.0005627243239419475,43.68731907551704,2.1649839592624605,50.895025946158256,true
arm,capture/digits/bit-state,capture,bit-state,io.airlift.slice.re2.BenchmarkRe2Parse.parse3DigitsBitState,,Parse_CachedDigits_BitState/threads:1,718.3167805791954,0.00326844640376307,14,206.60911853062356,205.2974503690291,0.006389110820600552,205.95224023382104,3.487783282977055,512.3645403453744,true
arm,capture/digits/backtrack,capture,backtrack,io.airlift.slice.re2.BenchmarkRe2Parse.parse3DigitsBacktrack,,Parse_CachedDigits_Backtrack/threads:1,297.53478843309966,0.003780340335729739,14,207.14399269993137,209.3929950047333,0.010857192986812014,208.26545807857156,1.4286324346731074,89.26933035452811,true
arm,capture/digits/re2,capture,re2,io.airlift.slice.re2.BenchmarkRe2Parse.parse3DigitsRe2,,Parse_CachedDigits_RE2/threads:1,204.07102530410492,0.0014309693498232806,14,68.5410908959227,66.70980120640708,0.02745158367133209,67.61924687644252,3.0179428895000022,136.45177842766242,true
arm,capture/digit-classes/nfa,capture,nfa,io.airlift.slice.re2.BenchmarkRe2Parse.parse3DigitDsNfa,,Parse_CachedDigitDs_NFA/threads:1,1409.025312767141,0.01252698461475455,14,484.9661811074931,484.9088684524589,0.00011819263115801565,484.93752393328435,2.9055811176224604,924.0877888338566,true
arm,capture/digit-classes/one-pass,capture,one-pass,io.airlift.slice.re2.BenchmarkRe2Parse.parse3DigitDsOnePass,,Parse_CachedDigitDs_OnePass/threads:1,95.31372884842,0.008978519779140496,14,43.69480839547849,43.984311559729434,0.006625573492179513,43.839321003060796,2.1741607002025725,51.4744078453592,true
arm,capture/digit-classes/bit-state,capture,bit-state,io.airlift.slice.re2.BenchmarkRe2Parse.parse3DigitDsBitState,,Parse_CachedDigitDs_BitState/threads:1,720.9547911410843,0.004515096356722234,14,206.4720456585024,206.09747636118317,0.0018174375733878393,206.28467599254273,3.494950789108286,514.6701151485416,true
arm,capture/digit-classes/backtrack,capture,backtrack,io.airlift.slice.re2.BenchmarkRe2Parse.parse3DigitDsBacktrack,,Parse_CachedDigitDs_Backtrack/threads:1,295.4383854198942,0.003480308475056242,14,207.21779925349028,212.2032105050611,0.02405879837316551,209.6956896919531,1.4088910737931652,85.74269572794108,true
arm,capture/digit-classes/re2,capture,re2,io.airlift.slice.re2.BenchmarkRe2Parse.parse3DigitDsRe2,,Parse_CachedDigitDs_RE2/threads:1,203.78613733526487,0.009967837395785483,14,68.72796210467914,67.1817322069951,0.02301563009598979,67.95044919092928,2.999040326615947,135.8356881443356,true
arm,capture/split/nfa,capture,nfa,io.airlift.slice.re2.BenchmarkRe2Parse.parse1SplitNfa,,Parse_CachedSplit_NFA/threads:1,892.5168070915267,0.0034918086059143034,14,524.960889028627,523.5921160374119,0.0026141970997846497,524.2760558364074,1.7023794948400683,368.24075125511933,true
arm,capture/split/one-pass,capture,one-pass,io.airlift.slice.re2.BenchmarkRe2Parse.parse1SplitOnePass,,Parse_CachedSplit_OnePass/threads:1,59.84875103240189,0.007879309257783412,14,35.936890011047396,35.96832831747203,0.0008748198971855487,35.95260572790564,1.6646568397669317,23.89614530449625,true
arm,capture/split/bit-state,capture,bit-state,io.airlift.slice.re2.BenchmarkRe2Parse.parse1SplitBitState,,Parse_CachedSplit_BitState/threads:1,552.9981588938342,0.003778743658261654,14,180.24825650274488,178.92117875892663,0.007417108209455282,179.583491787838,3.0793373788897735,373.4146671059962,true
arm,capture/split/re2,capture,re2,io.airlift.slice.re2.BenchmarkRe2Parse.parse1SplitRe2,,Parse_CachedSplit_RE2/threads:1,265.310175302281,0.001042835488418082,14,61.656358864189144,61.036179132636235,0.010160854436926854,61.34548528050579,4.324852498747623,203.9646900217752,true
arm,capture/split-hard/nfa,capture,nfa,io.airlift.slice.re2.BenchmarkRe2Parse.parseSplitHardNfa,,Parse_CachedSplitHard_NFA/threads:1,1040.4972267586413,0.004382262053256383,14,642.4557946637877,643.6505700590103,0.001859700550833724,643.0529048787988,1.6180585125492155,397.4443218798425,true
arm,capture/split-hard/bit-state,capture,bit-state,io.airlift.slice.re2.BenchmarkRe2Parse.parseSplitHardBitState,,Parse_CachedSplitHard_BitState/threads:1,560.010020476712,0.0030044940270660993,14,187.0104378356403,181.66933209443957,0.029400150700307433,184.32053964843277,3.038239913711503,375.6894808282793,true
arm,capture/split-hard/backtrack,capture,backtrack,io.airlift.slice.re2.BenchmarkRe2Parse.parseSplitHardBacktrack,,Parse_CachedSplitHard_Backtrack/threads:1,293.1197671424366,0.007141077392334057,14,375.03967838225344,370.4631965054142,0.012353404926614228,372.7444138680714,0.7863827229512366,-79.62464672563476,true
arm,capture/split-hard/re2,capture,re2,io.airlift.slice.re2.BenchmarkRe2Parse.parseSplitHardRe2,,Parse_CachedSplitHard_RE2/threads:1,806.0368253601123,0.003060047287080928,14,205.3054137362006,205.55279119380393,0.0012049241814986586,205.42906522854736,3.9236746974600054,600.6077601315649,true
arm,capture/splitbig1/re2,capture,re2,io.airlift.slice.re2.BenchmarkRe2Parse.parseSplitBig1Re2,,Parse_CachedSplitBig1_RE2/threads:1,365072.95627758524,0.001977407733130403,14,360020.626288522,360074.401027618,0.00014936571732116288,360047.51265413215,1.0139577234860129,5025.443623453088,true
arm,capture/splitbig2/re2,capture,re2,io.airlift.slice.re2.BenchmarkRe2Parse.parseSplitBig2Re2,,Parse_CachedSplitBig2_RE2/threads:1,7649005.840909091,0.007549685897540161,14,3135056.4333327683,3115514.9222185067,0.006272321462786124,3125270.4043083005,2.447470091024653,4523735.43660079,true
arm,successful-search/phone/re2/8,successful-search,re2,io.airlift.slice.re2.BenchmarkRe2Parse.searchPhoneRe2,textSize=8,SearchPhone_CachedRE2/8/threads:1,61.65854816781294,0.0006019727603655355,14,200.4750122811455,200.49707873179145,0.00011007082825367506,200.4860452028761,0.3075453361625211,-138.82749703506317,true
arm,successful-search/phone/re2/64,successful-search,re2,io.airlift.slice.re2.BenchmarkRe2Parse.searchPhoneRe2,textSize=64,SearchPhone_CachedRE2/64/threads:1,111.86391733122494,0.0020182504066538647,14,301.2427861305863,301.1152114510475,0.0004236739782225238,301.17899203598876,0.3714200534871901,-189.31507470476382,true
arm,successful-search/phone/re2/512,successful-search,re2,io.airlift.slice.re2.BenchmarkRe2Parse.searchPhoneRe2,textSize=512,SearchPhone_CachedRE2/512/threads:1,430.9866891447805,0.004197650066173726,14,1105.9565921354672,1105.1277742681934,0.0007499746966567665,1105.5421055318993,0.3898419490204978,-674.5554163871188,true
arm,successful-search/phone/re2/4096,successful-search,re2,io.airlift.slice.re2.BenchmarkRe2Parse.searchPhoneRe2,textSize=4096,SearchPhone_CachedRE2/4096/threads:1,3081.748440435188,0.014918821764139691,14,7540.117818259829,7542.134031217256,0.0002673980706965479,7541.125857356119,0.4086589321976432,-4459.377416920931,true
arm,successful-search/phone/re2/32768,successful-search,re2,io.airlift.slice.re2.BenchmarkRe2Parse.searchPhoneRe2,textSize=32768,SearchPhone_CachedRE2/32768/threads:1,24765.8715799848,0.0019499143712409196,14,59108.10576313757,59112.720920610474,7.807994205389107e-05,59110.41329683188,0.4189764577625135,-34344.54171684708,true
arm,successful-search/phone/re2/262144,successful-search,re2,io.airlift.slice.re2.BenchmarkRe2Parse.searchPhoneRe2,textSize=262144,SearchPhone_CachedRE2/262144/threads:1,292699.5032182563,0.001459434828363296,14,473537.10696090915,471959.76520236616,0.00334211065188291,472747.7782241588,0.619145169370779,-180048.2750059025,true
arm,successful-search/phone/re2/2097152,successful-search,re2,io.airlift.slice.re2.BenchmarkRe2Parse.searchPhoneRe2,textSize=2097152,SearchPhone_CachedRE2/2097152/threads:1,2333144.0093023255,0.0013143387738377586,14,3774238.9729742543,3774456.459477488,5.76239355247501e-05,3774347.7146593626,0.6181582052550485,-1441203.705357037,true
arm,successful-search/phone/re2/16777216,successful-search,re2,io.airlift.slice.re2.BenchmarkRe2Parse.searchPhoneRe2,textSize=16777216,SearchPhone_CachedRE2/16777216/threads:1,18638246.98148148,0.005929053762575556,14,30222814.666659463,30227000.777813375,0.00013850831565763268,30224907.649765037,0.6166519083351566,-11586660.668283556,true
arm,compile/parse/compile,compile,compile,io.airlift.slice.re2.BenchmarkRe2Practical.compilePhaseParse,,BM_Regexp_Parse/threads:1,963.3931443969215,0.002232059505283432,14,812.5354645440565,812.2229620391065,0.000384749655643113,812.3791982650682,1.1858909564084867,151.01394613185323,true
arm,compile/simplify/compile,compile,compile,io.airlift.slice.re2.BenchmarkRe2Practical.compilePhaseSimplify,,BM_Regexp_Simplify/threads:1,1965.5690614241844,0.006365345018239425,14,1148.1541564853585,1147.0721610693004,0.0009432670870937177,1147.6130312611303,1.7127455055683614,817.956030163054,true
arm,compile/compile-to-program/compile,compile,compile,io.airlift.slice.re2.BenchmarkRe2Practical.compilePhaseCompileToProg,,BM_CompileToProg/threads:1,8218.480256005634,0.003313089802611334,14,3542.3425022403244,3526.5285989220342,0.004484269126053322,3534.426706175634,2.3252654360170055,4684.05354983,true
arm,compile/simplify-compile/compile,compile,compile,io.airlift.slice.re2.BenchmarkRe2Practical.compilePhaseSimplifyCompile,,BM_Regexp_SimplifyCompile/threads:1,10238.622450037725,0.008175840832979148,14,4807.427265854244,4791.326610897408,0.003360375166288414,4799.370186685041,2.133326259858612,5439.252263352684,true
arm,compile/re2/compile,compile,compile,io.airlift.slice.re2.BenchmarkRe2Practical.compilePhaseRe2Compile,,BM_RE2_Compile/threads:1,9364.960282110835,0.005838893417619919,14,5030.040896200184,5007.986367530842,0.0044038715465226285,5019.001517861211,1.8659010659358404,4345.9587642496235,true
arm,practical/empty/re2,practical,re2,io.airlift.slice.re2.BenchmarkRe2Practical.emptyPartialMatch,,EmptyPartialMatchRE2/threads:1,24.267377035219624,0.002111839686925177,14,44.42085944810393,44.44083651217618,0.00044972259250385197,44.43084685737538,0.5461830856638583,-20.163469822155754,true
arm,practical/simple/re2,practical,re2,io.airlift.slice.re2.BenchmarkRe2Practical.simplePartialMatch,,SimplePartialMatchRE2/threads:1,44.393317860475456,0.0006635646596011634,14,68.1681730931081,68.21470195684022,0.000682559934070244,68.19143355648613,0.6510101862531223,-23.798115696010676,true
arm,practical/http/re2,practical,re2,io.airlift.slice.re2.BenchmarkRe2Practical.httpPartialMatch,,HTTPPartialMatchRE2/threads:1,554.7633992290058,0.00352466740594183,14,361.466464414178,364.1264505690216,0.007358873966785743,362.7940196404403,1.5291415216238224,191.96937958856552,true
arm,practical/small-http/re2,practical,re2,io.airlift.slice.re2.BenchmarkRe2Practical.smallHttpPartialMatch,,SmallHTTPPartialMatchRE2/threads:1,76.14971283384561,0.013316538088461703,14,70.09952422941669,68.63280583920591,0.021370514760055484,69.36228828303076,1.0978546803865374,6.787424550814848,true
arm,practical/dot/re2,practical,re2,io.airlift.slice.re2.BenchmarkRe2Misc.dotMatch,,DotMatchRE2/threads:1,28.73764537868715,0.0005006141487226353,14,375.48806195311215,379.28351747655597,0.01010805910499963,377.38101821372965,0.07615021421774741,-348.6433728350425,true
arm,practical/ascii/re2,practical,re2,io.airlift.slice.re2.BenchmarkRe2Misc.asciiMatch,,ASCIIMatchRE2/threads:1,28.793903605970904,0.0012889138153121195,14,374.9955307034766,375.1031629534079,0.00028702275392284587,375.04934296738327,0.07677364097788864,-346.25543936141236,true
arm,practical/possible-trivial/re2,practical,re2,io.airlift.slice.re2.BenchmarkRe2Misc.possibleMatchRangeTrivial,,PossibleMatchRange_Trivial,6678.658673340358,0.010668071259883621,14,966.1551396000144,966.1463428123285,9.105026118835705e-06,966.1507411961596,6.9126466384238645,5712.507932144199,true
arm,practical/possible-complex/re2,practical,re2,io.airlift.slice.re2.BenchmarkRe2Misc.possibleMatchRangeComplex,,PossibleMatchRange_Complex,46359.84493833904,0.003561597207093768,14,2520.0416586274196,2514.0784414023756,0.002371929660920864,2517.0582840671527,18.4182643810016,43842.786654271884,true
arm,practical/possible-prefix/re2,practical,re2,io.airlift.slice.re2.BenchmarkRe2Misc.possibleMatchRangePrefix,,PossibleMatchRange_Prefix,127786.49277355589,0.009990090871041265,14,38.71667468005755,38.683142173794565,0.0008668506325657929,38.69990479504076,3301.984680591029,127747.79286876085,true
arm,practical/possible-no-program/re2,practical,re2,io.airlift.slice.re2.BenchmarkRe2Misc.possibleMatchRangeNoProg,,PossibleMatchRange_NoProg,124890.9427513569,0.009478224148191302,14,38.679083598258885,38.67461890337375,0.00011544250497442116,38.67685118639309,3229.0876563212782,124852.2659001705,true
arm,full-match/dot-star/re2/8,full-match,re2,io.airlift.slice.re2.BenchmarkRe2FullMatch.fullMatchDotStarLatin1,textSize=8,FullMatch_DotStar_CachedRE2/8,3.6285132772207707,0.003616530934545885,14,44.42898369140815,44.68679071667448,0.005802676627874039,44.55770074827133,0.08143403309160972,-40.92918747105056,true
arm,full-match/dot-star/re2/64,full-match,re2,io.airlift.slice.re2.BenchmarkRe2FullMatch.fullMatchDotStarLatin1,textSize=64,FullMatch_DotStar_CachedRE2/64,3.6371430190097707,0.006283250903533774,14,44.42078791051417,44.69294501050009,0.006126795871657648,44.55665866520623,0.08162961783869069,-40.91951564619646,true
arm,full-match/dot-star/re2/512,full-match,re2,io.airlift.slice.re2.BenchmarkRe2FullMatch.fullMatchDotStarLatin1,textSize=512,FullMatch_DotStar_CachedRE2/512,3.6440360727654046,0.001281380507157801,14,44.42490993271597,44.68477115033985,0.005849448384193761,44.55465108962108,0.08178800604757235,-40.91061501685568,true
arm,full-match/dot-star/re2/4096,full-match,re2,io.airlift.slice.re2.BenchmarkRe2FullMatch.fullMatchDotStarLatin1,textSize=4096,FullMatch_DotStar_CachedRE2/4096,3.2785108243162187,0.00583647938693049,14,44.34118820576367,44.66687218700755,0.0073449538549249585,44.50373227277564,0.07366822189701579,-41.22522144845942,true
arm,full-match/dot-star/re2/32768,full-match,re2,io.airlift.slice.re2.BenchmarkRe2FullMatch.fullMatchDotStarLatin1,textSize=32768,FullMatch_DotStar_CachedRE2/32768,3.252249715689443,0.002908839634585089,14,44.35756926799665,44.67862697863447,0.00723794644152098,44.51780869499039,0.0730550269886806,-41.26555897930095,true
arm,full-match/dot-star/re2/262144,full-match,re2,io.airlift.slice.re2.BenchmarkRe2FullMatch.fullMatchDotStarLatin1,textSize=262144,FullMatch_DotStar_CachedRE2/262144,3.253017382787773,0.0010107222658242148,14,44.38035299705548,44.639088053915806,0.005829945896948826,44.50953252169052,0.07308585820807044,-41.25651513890274,true
arm,full-match/dot-star/re2/2097152,full-match,re2,io.airlift.slice.re2.BenchmarkRe2FullMatch.fullMatchDotStarLatin1,textSize=2097152,FullMatch_DotStar_CachedRE2/2097152,3.2372896862838774,0.0016275521967301038,14,44.40838073420153,44.65491240272561,0.005551467188133911,44.531475965126695,0.0726966626666282,-41.294186278842815,true
arm,full-match/dot-star-dollar/re2/8,full-match,re2,io.airlift.slice.re2.BenchmarkRe2FullMatch.fullMatchDotStarDollarLatin1,textSize=8,FullMatch_DotStarDollar_CachedRE2/8,66.02619888692332,0.0005296256734819951,14,77.58725063532839,77.56404870212477,0.0002991325696873722,77.57564880129956,0.851120163442542,-11.54944991437624,true
arm,full-match/dot-star-dollar/re2/64,full-match,re2,io.airlift.slice.re2.BenchmarkRe2FullMatch.fullMatchDotStarDollarLatin1,textSize=64,FullMatch_DotStarDollar_CachedRE2/64,207.15279614453,0.0001527944992924858,14,177.95209406649684,178.79838853076888,0.004755743216799644,178.3747393964892,1.1613348215414812,28.778056748040797,true
arm,full-match/dot-star-dollar/re2/512,full-match,re2,io.airlift.slice.re2.BenchmarkRe2FullMatch.fullMatchDotStarDollarLatin1,textSize=512,FullMatch_DotStarDollar_CachedRE2/512,603.5879358510239,0.0025130955467654644,14,982.9774901320303,982.8137445225863,0.00016660899418291194,982.895613917406,0.6140915955921075,-379.3076780663821,true
arm,full-match/dot-star-dollar/re2/4096,full-match,re2,io.airlift.slice.re2.BenchmarkRe2FullMatch.fullMatchDotStarDollarLatin1,textSize=4096,FullMatch_DotStarDollar_CachedRE2/4096,4598.642930661441,0.012429785929270371,14,7418.175333972826,7418.100158989646,1.0133994091283423e-05,7418.137746386008,0.6199187839160607,-2819.494815724567,true
arm,full-match/dot-star-dollar/re2/32768,full-match,re2,io.airlift.slice.re2.BenchmarkRe2FullMatch.fullMatchDotStarDollarLatin1,textSize=32768,FullMatch_DotStarDollar_CachedRE2/32768,36170.54485894045,0.0009085953334325506,14,58964.51379235324,58936.76174396402,0.00047087840539622314,58950.63613506307,0.6135734443317853,-22780.09127612262,true
arm,full-match/dot-star-dollar/re2/262144,full-match,re2,io.airlift.slice.re2.BenchmarkRe2FullMatch.fullMatchDotStarDollarLatin1,textSize=262144,FullMatch_DotStarDollar_CachedRE2/262144,289967.9475362319,0.0011824929464032015,14,473542.55932185554,473184.66723298084,0.0007563476030775409,473363.5794538552,0.6125691965376452,-183395.63191762334,true
arm,full-match/dot-star-dollar/re2/2097152,full-match,re2,io.airlift.slice.re2.BenchmarkRe2FullMatch.fullMatchDotStarDollarLatin1,textSize=2097152,FullMatch_DotStarDollar_CachedRE2/2097152,2313347.84562212,0.0001258802733216335,14,3774624.29729791,3773592.1216301145,0.0002735260289205485,3774108.174177974,0.6129521833660697,-1460760.328555854,true
arm,full-match/dot-star-capture/re2/8,full-match,re2,io.airlift.slice.re2.BenchmarkRe2FullMatch.fullMatchDotStarCaptureLatin1,textSize=8,FullMatch_DotStarCapture_CachedRE2/8,65.62876662688164,0.0011997774560024938,14,77.57851315610986,77.63209244362665,0.0006906459706048531,77.60529817592499,0.8456737899274157,-11.976531549043344,true
arm,full-match/dot-star-capture/re2/64,full-match,re2,io.airlift.slice.re2.BenchmarkRe2FullMatch.fullMatchDotStarCaptureLatin1,textSize=64,FullMatch_DotStarCapture_CachedRE2/64,207.27337474501041,0.0001440818332920476,14,177.63508691317503,177.84960039596552,0.0012076076101752604,177.74231129309302,1.166145377749822,29.53106345191739,true
arm,full-match/dot-star-capture/re2/512,full-match,re2,io.airlift.slice.re2.BenchmarkRe2FullMatch.fullMatchDotStarCaptureLatin1,textSize=512,FullMatch_DotStarCapture_CachedRE2/512,601.300742641019,0.001183610870535613,14,982.9563368839508,982.7039768098168,0.00025680172268483924,982.8301487471111,0.61180534948744,-381.5294061060921,true
arm,full-match/dot-star-capture/re2/4096,full-match,re2,io.airlift.slice.re2.BenchmarkRe2FullMatch.fullMatchDotStarCaptureLatin1,textSize=4096,FullMatch_DotStarCapture_CachedRE2/4096,4550.2706912262365,0.002808528594307859,14,7418.128000637475,7414.211658686103,0.0005282209534420704,7416.169571143327,0.6135607671285672,-2865.89887991709,true
arm,full-match/dot-star-capture/re2/32768,full-match,re2,io.airlift.slice.re2.BenchmarkRe2FullMatch.fullMatchDotStarCaptureLatin1,textSize=32768,FullMatch_DotStarCapture_CachedRE2/32768,36563.808572424154,0.01114395277021617,14,58937.46114971178,58909.98379990996,0.0004664294238332567,58923.72087315382,0.6205278287013771,-22359.912300729666,true
arm,full-match/dot-star-capture/re2/262144,full-match,re2,io.airlift.slice.re2.BenchmarkRe2FullMatch.fullMatchDotStarCaptureLatin1,textSize=262144,FullMatch_DotStarCapture_CachedRE2/262144,289450.78443287034,0.00039755124313969723,14,473450.7915253419,474481.5288130806,0.0021770737449141645,473965.87997524394,0.6106996234581039,-184515.0955423736,true
arm,full-match/dot-star-capture/re2/2097152,full-match,re2,io.airlift.slice.re2.BenchmarkRe2FullMatch.fullMatchDotStarCaptureLatin1,textSize=2097152,FullMatch_DotStarCapture_CachedRE2/2097152,2315376.343136627,0.0007049331260375028,14,3773588.635134409,3771382.0945862457,0.0005850747797023582,3772485.203533615,0.6137535916556699,-1457108.8603969878,true
