architecture,identifier,family,engine,java_benchmark,java_parameters,native_benchmark,java_median_ns,java_cv,java_samples,native_before_ns,native_after_ns,native_drift,native_reference_ns,slice_native_ratio,absolute_deficit_ns,stable
intel,failed-search/easy0/dfa/8,failed-search,dfa,io.airlift.slice.re2.BenchmarkRe2Search.searchEasy0Dfa,textSize=8,Search_Easy0_CachedDFA/8/threads:1,17.222286329140307,0.00018841434880911026,14,22.705841064846503,22.696393632772775,0.00041625256534526776,22.70111685734719,0.7586537013735662,-5.478830528206885,true
intel,failed-search/easy0/dfa/64,failed-search,dfa,io.airlift.slice.re2.BenchmarkRe2Search.searchEasy0Dfa,textSize=64,Search_Easy0_CachedDFA/64/threads:1,28.256027716583368,0.001165484100981902,14,23.5911281338877,23.592414989015168,5.454826577874968e-05,23.59177155267721,1.1977069061342642,4.66425616390616,true
intel,failed-search/easy0/dfa/512,failed-search,dfa,io.airlift.slice.re2.BenchmarkRe2Search.searchEasy0Dfa,textSize=512,Search_Easy0_CachedDFA/512/threads:1,71.46343100661306,0.00039738078194161527,14,29.024012233712096,29.01187528860629,0.00041834403964129775,29.017943126614586,2.4627324788250915,42.44548787999848,true
intel,failed-search/easy0/dfa/4096,failed-search,dfa,io.airlift.slice.re2.BenchmarkRe2Search.searchEasy0Dfa,textSize=4096,Search_Easy0_CachedDFA/4096/threads:1,453.9975613232641,0.00036826639347131484,14,88.45690691906123,88.39405356031617,0.0007110586766130224,88.42547465512074,5.134239460901474,365.57208666814336,true
intel,failed-search/easy0/dfa/32768,failed-search,dfa,io.airlift.slice.re2.BenchmarkRe2Search.searchEasy0Dfa,textSize=32768,Search_Easy0_CachedDFA/32768/threads:1,2900.878376105984,0.0005763225456492828,14,587.5406683218284,588.4167408150371,0.0014910840056586176,587.9785414028465,4.933646675582471,2312.8998347031375,true
intel,failed-search/easy0/dfa/262144,failed-search,dfa,io.airlift.slice.re2.BenchmarkRe2Search.searchEasy0Dfa,textSize=262144,Search_Easy0_CachedDFA/262144/threads:1,25557.79496148598,0.0002280512940812666,14,6968.062931295302,6971.4934412709745,0.0004923190289032542,6969.777975221922,3.666945353545814,18588.016986264058,true
intel,failed-search/easy0/dfa/2097152,failed-search,dfa,io.airlift.slice.re2.BenchmarkRe2Search.searchEasy0Dfa,textSize=2097152,Search_Easy0_CachedDFA/2097152/threads:1,345848.7414202227,0.003595014205061492,14,64248.99512082044,62573.632028827196,0.026774266375034987,63405.78032728666,5.454530164837145,282442.961092936,true
intel,failed-search/easy0/dfa/16777216,failed-search,dfa,io.airlift.slice.re2.BenchmarkRe2Search.searchEasy0Dfa,textSize=16777216,Search_Easy0_CachedDFA/16777216/threads:1,2795849.5877413545,0.013906526146714383,14,619956.656319441,620223.50000079,0.00043042312495384933,620090.063806243,4.508779854622799,2175759.5239351112,true
intel,failed-search/easy0/re2/8,failed-search,re2,io.airlift.slice.re2.BenchmarkRe2Search.searchEasy0Re2,textSize=8,Search_Easy0_CachedRE2/8/threads:1,2.5705706265775654,0.000288228908163443,14,32.230079482453945,29.224352201823326,0.10285009090614129,30.690441415658945,0.0837580206736943,-28.11987078908138,false
intel,failed-search/easy0/re2/64,failed-search,re2,io.airlift.slice.re2.BenchmarkRe2Search.searchEasy0Re2,textSize=64,Search_Easy0_CachedRE2/64/threads:1,19.025745622867127,0.0002555730907600103,14,32.224661697349866,29.21995072576322,0.10283080213880698,30.685550784546013,0.6200229468407963,-11.659805161678886,false
intel,failed-search/easy0/re2/512,failed-search,re2,io.airlift.slice.re2.BenchmarkRe2Search.searchEasy0Re2,textSize=512,Search_Easy0_CachedRE2/512/threads:1,19.023640870000463,0.0004354509302762566,14,32.24123461902614,29.2327764108126,0.10291387194754344,30.700175941296198,0.6196590177977092,-11.676535071295735,false
intel,failed-search/easy0/re2/4096,failed-search,re2,io.airlift.slice.re2.BenchmarkRe2Search.searchEasy0Re2,textSize=4096,Search_Easy0_CachedRE2/4096/threads:1,18.769053678734245,0.00515072981284117,14,32.236325095708644,29.223521247095043,0.1030951685506786,30.69297853520744,0.6115096863995964,-11.923924856473196,false
intel,failed-search/easy0/re2/32768,failed-search,re2,io.airlift.slice.re2.BenchmarkRe2Search.searchEasy0Re2,textSize=32768,Search_Easy0_CachedRE2/32768/threads:1,18.769271572631304,0.0006733443068426174,14,32.237283984353574,29.224706840073054,0.10308322888459776,30.69405762949753,0.6114952867812988,-11.924786056866225,false
intel,failed-search/easy0/re2/262144,failed-search,re2,io.airlift.slice.re2.BenchmarkRe2Search.searchEasy0Re2,textSize=262144,Search_Easy0_CachedRE2/262144/threads:1,18.770948317416348,0.017380336698660633,14,32.24206242703055,29.232552726213072,0.10295062935502114,30.700452600898636,0.6114225272648555,-11.929504283482288,false
intel,failed-search/easy0/re2/2097152,failed-search,re2,io.airlift.slice.re2.BenchmarkRe2Search.searchEasy0Re2,textSize=2097152,Search_Easy0_CachedRE2/2097152/threads:1,18.77045452157439,0.00015504604002071913,14,32.22032361633475,29.225671324126417,0.10246650141912006,30.686488687498734,0.611684663981162,-11.916034165924344,false
intel,failed-search/easy0/re2/16777216,failed-search,re2,io.airlift.slice.re2.BenchmarkRe2Search.searchEasy0Re2,textSize=16777216,Search_Easy0_CachedRE2/16777216/threads:1,18.77147535178157,0.0003627268941706398,14,32.22542527262949,29.22220735346594,0.1027717681569098,30.68709923356068,0.6117057597693141,-11.915623881779108,false
intel,failed-search/easy0/nfa/8,failed-search,nfa,io.airlift.slice.re2.BenchmarkRe2SearchNfa.searchEasy0Nfa,textSize=8,Search_Easy0_CachedNFA/8/threads:1,100.31944977527735,0.005271298364657826,14,142.87711070269958,142.90457311445496,0.0001922100161482409,142.89084124882186,0.7020705378911365,-42.57139147354451,true
intel,failed-search/easy0/nfa/64,failed-search,nfa,io.airlift.slice.re2.BenchmarkRe2SearchNfa.searchEasy0Nfa,textSize=64,Search_Easy0_CachedNFA/64/threads:1,110.40535756254307,0.005429065248605715,14,143.92729510258988,145.21257092506195,0.008930035276185395,144.56850468942795,0.7636888670857009,-34.16314712688488,true
intel,failed-search/easy0/nfa/512,failed-search,nfa,io.airlift.slice.re2.BenchmarkRe2SearchNfa.searchEasy0Nfa,textSize=512,Search_Easy0_CachedNFA/512/threads:1,124.77718310547675,0.01670213723599712,14,150.1345768439359,151.32150806213727,0.007905781886841356,150.72687411439014,0.8278363353490661,-25.94969100891339,true
intel,failed-search/easy0/nfa/4096,failed-search,nfa,io.airlift.slice.re2.BenchmarkRe2SearchNfa.searchEasy0Nfa,textSize=4096,Search_Easy0_CachedNFA/4096/threads:1,439.8582396750247,0.004283798420929231,14,211.43445045839354,212.36821255494505,0.004416319547392074,211.9008171678111,2.0757741548806146,227.9574225072136,true
intel,failed-search/easy0/nfa/32768,failed-search,nfa,io.airlift.slice.re2.BenchmarkRe2SearchNfa.searchEasy0Nfa,textSize=32768,Search_Easy0_CachedNFA/32768/threads:1,2882.0855706410575,0.0034299187210944278,14,797.8994379324446,795.9730639997653,0.0024201496505413074,796.9356689060783,3.6164594999207167,2085.1499017349793,true
intel,failed-search/easy0/nfa/262144,failed-search,nfa,io.airlift.slice.re2.BenchmarkRe2SearchNfa.searchEasy0Nfa,textSize=262144,Search_Easy0_CachedNFA/262144/threads:1,23150.564788541837,0.0004822132238117145,14,7148.112303310928,7136.616935171478,0.0016107587451972096,7142.3623065703105,3.241303618446444,16008.202481971526,true
intel,failed-search/easy1/dfa/8,failed-search,dfa,io.airlift.slice.re2.BenchmarkRe2Search.searchEasy1Dfa,textSize=8,Search_Easy1_CachedDFA/8/threads:1,22.162989567930516,0.002949427946303229,14,24.148556634654287,24.154711097183387,0.0002548584009475732,24.151633669879256,0.9176600585645318,-1.98864410194874,true
intel,failed-search/easy1/dfa/64,failed-search,dfa,io.airlift.slice.re2.BenchmarkRe2Search.searchEasy1Dfa,textSize=64,Search_Easy1_CachedDFA/64/threads:1,31.22685215591449,0.0003222986576659162,14,28.645140420902173,28.627005066093677,0.0006335051384741676,28.63607130784758,1.0904726357262884,2.5907808480669097,true
intel,failed-search/easy1/dfa/512,failed-search,dfa,io.airlift.slice.re2.BenchmarkRe2Search.searchEasy1Dfa,textSize=512,Search_Easy1_CachedDFA/512/threads:1,63.05716897606264,0.00044264689091592615,14,39.9376903874342,40.049013052315125,0.0027874086808973094,39.99331298611897,1.5766928085689915,23.06385598994367,true
intel,failed-search/easy1/dfa/4096,failed-search,dfa,io.airlift.slice.re2.BenchmarkRe2Search.searchEasy1Dfa,textSize=4096,Search_Easy1_CachedDFA/4096/threads:1,465.0883068348624,0.00032779476677956477,14,252.61484353966566,253.0521935809931,0.001731291935181852,252.8334239945972,1.8395048387463235,212.2548828402652,true
intel,failed-search/easy1/dfa/32768,failed-search,dfa,io.airlift.slice.re2.BenchmarkRe2Search.searchEasy1Dfa,textSize=32768,Search_Easy1_CachedDFA/32768/threads:1,3133.505356688418,0.0003245355149404045,14,1621.9867539260097,1614.1197716741722,0.004873852851500499,1618.0484816301341,1.9365954680984019,1515.456875058284,true
intel,failed-search/easy1/dfa/262144,failed-search,dfa,io.airlift.slice.re2.BenchmarkRe2Search.searchEasy1Dfa,textSize=262144,Search_Easy1_CachedDFA/262144/threads:1,25039.480431127817,0.0002677534489857032,14,15453.184073491098,15572.585979710402,0.007726686335415479,15512.770147357034,1.6141205080250534,9526.710283770783,true
intel,failed-search/easy1/dfa/2097152,failed-search,dfa,io.airlift.slice.re2.BenchmarkRe2Search.searchEasy1Dfa,textSize=2097152,Search_Easy1_CachedDFA/2097152/threads:1,371523.3884534348,0.023358431851751998,14,244150.79837254825,243146.50855107218,0.004130389646393447,243648.13601635024,1.5248357509638546,127875.25243708456,true
intel,failed-search/easy1/dfa/16777216,failed-search,dfa,io.airlift.slice.re2.BenchmarkRe2Search.searchEasy1Dfa,textSize=16777216,Search_Easy1_CachedDFA/16777216/threads:1,3338366.8106401768,0.00618563864592812,14,2238703.0347831766,2241274.95575322,0.0011488441879439644,2239988.626138147,1.490349893604455,1098378.1845020298,true
intel,failed-search/easy1/re2/8,failed-search,re2,io.airlift.slice.re2.BenchmarkRe2Search.searchEasy1Re2,textSize=8,Search_Easy1_CachedRE2/8/threads:1,2.5700040211255684,0.00019433534378721922,14,29.227216859018064,29.23648577851924,0.00031713315523282333,29.231850951391692,0.08791793668485484,-26.661846930266123,true
intel,failed-search/easy1/re2/64,failed-search,re2,io.airlift.slice.re2.BenchmarkRe2Search.searchEasy1Re2,textSize=64,Search_Easy1_CachedRE2/64/threads:1,19.02277201843075,0.0019148968557093078,14,29.238484555273725,29.2264080327526,0.0004132058413606664,29.232445670380795,0.6507417214737254,-10.209673651950045,true
intel,failed-search/easy1/re2/512,failed-search,re2,io.airlift.slice.re2.BenchmarkRe2Search.searchEasy1Re2,textSize=512,Search_Easy1_CachedRE2/512/threads:1,19.021890855105312,0.00021685718953923534,14,29.222597433890762,29.24097680029787,0.0006289436265440053,29.231785672600363,0.6507262699635546,-10.209894817495051,true
intel,failed-search/easy1/re2/4096,failed-search,re2,io.airlift.slice.re2.BenchmarkRe2Search.searchEasy1Re2,textSize=4096,Search_Easy1_CachedRE2/4096/threads:1,18.76257475880488,0.0007342976485197786,14,29.230962555926105,29.220411061822574,0.00036110012556657113,29.225686332692078,0.6419891921517312,-10.463111573887197,true
intel,failed-search/easy1/re2/32768,failed-search,re2,io.airlift.slice.re2.BenchmarkRe2Search.searchEasy1Re2,textSize=32768,Search_Easy1_CachedRE2/32768/threads:1,18.764550349836508,0.00020651040158120774,14,29.233811516472038,29.231820778919666,6.810172953057482e-05,29.232816130749846,0.6419001941485266,-10.468265780913338,true
intel,failed-search/easy1/re2/262144,failed-search,re2,io.airlift.slice.re2.BenchmarkRe2Search.searchEasy1Re2,textSize=262144,Search_Easy1_CachedRE2/262144/threads:1,18.76672609806318,0.00021918092876057105,14,29.228023005332904,29.230111110500797,7.144188874874342e-05,29.229067039270245,0.642056965856948,-10.462340941207064,true
intel,failed-search/easy1/re2/2097152,failed-search,re2,io.airlift.slice.re2.BenchmarkRe2Search.searchEasy1Re2,textSize=2097152,Search_Easy1_CachedRE2/2097152/threads:1,18.76731591859022,0.0020806046578015717,14,29.22015386980022,29.226550209456093,0.00021890164180424533,29.223351864626153,0.64220271533285,-10.456035946035932,true
intel,failed-search/easy1/re2/16777216,failed-search,re2,io.airlift.slice.re2.BenchmarkRe2Search.searchEasy1Re2,textSize=16777216,Search_Easy1_CachedRE2/16777216/threads:1,18.76636884350223,0.00021484769964286914,14,29.230917895594608,29.24396956837528,0.0004465023242612539,29.237443003697248,0.6418608098228397,-10.471074160195016,true
intel,failed-search/easy1/nfa/8,failed-search,nfa,io.airlift.slice.re2.BenchmarkRe2SearchNfa.searchEasy1Nfa,textSize=8,Search_Easy1_CachedNFA/8/threads:1,89.37167862656884,0.0027582786246094764,14,203.9969408059676,203.00927030793204,0.004865149736942653,203.5025063680295,0.4391674590235378,-114.13082774146065,true
intel,failed-search/easy1/nfa/64,failed-search,nfa,io.airlift.slice.re2.BenchmarkRe2SearchNfa.searchEasy1Nfa,textSize=64,Search_Easy1_CachedNFA/64/threads:1,110.84720224281014,0.0034782412917213684,14,234.93477200048306,233.8323359617983,0.0047146432256695205,234.38290580911706,0.47293211021577153,-123.53570356630692,true
intel,failed-search/easy1/nfa/512,failed-search,nfa,io.airlift.slice.re2.BenchmarkRe2SearchNfa.searchEasy1Nfa,textSize=512,Search_Easy1_CachedNFA/512/threads:1,190.4601028455712,0.005062277033158302,14,295.87792715195445,294.9401955338813,0.0031793957970893865,295.4086892566922,0.6447342606096227,-104.94858641112097,true
intel,failed-search/easy1/nfa/4096,failed-search,nfa,io.airlift.slice.re2.BenchmarkRe2SearchNfa.searchEasy1Nfa,textSize=4096,Search_Easy1_CachedNFA/4096/threads:1,1244.3208771560612,0.003117565136061288,14,1418.1978799660913,1417.666122253352,0.0003750937575443681,1417.9319761820216,0.8775603470813654,-173.61109902596036,true
intel,failed-search/easy1/nfa/32768,failed-search,nfa,io.airlift.slice.re2.BenchmarkRe2SearchNfa.searchEasy1Nfa,textSize=32768,Search_Easy1_CachedNFA/32768/threads:1,8142.380106547322,0.005022525415824844,14,8035.488735337242,8051.046274470014,0.0019361036578093218,8043.263743418008,1.012322903524135,99.11636312931387,true
intel,failed-search/easy1/nfa/262144,failed-search,nfa,io.airlift.slice.re2.BenchmarkRe2SearchNfa.searchEasy1Nfa,textSize=262144,Search_Easy1_CachedNFA/262144/threads:1,69616.44234899493,0.05080085425713805,14,80963.96213224837,81315.13980068841,0.004337456557108923,81139.36097604799,0.8579860811270799,-11522.918627053063,false
intel,failed-search/medium/dfa/8,failed-search,dfa,io.airlift.slice.re2.BenchmarkRe2Search.searchMediumDfa,textSize=8,Search_Medium_CachedDFA/8/threads:1,20.056450507628554,0.0004354193978196185,14,24.38925821085,24.400732364073185,0.0004704592949892304,24.394994612855015,0.8221543323096184,-4.338544105226461,true
intel,failed-search/medium/dfa/64,failed-search,dfa,io.airlift.slice.re2.BenchmarkRe2Search.searchMediumDfa,textSize=64,Search_Medium_CachedDFA/64/threads:1,55.569743178764696,0.00016247321060571765,14,94.97477132436451,94.78971259297562,0.0019523081812003094,94.88219684124148,0.5856709164496364,-39.312453662476784,true
intel,failed-search/medium/dfa/512,failed-search,dfa,io.airlift.slice.re2.BenchmarkRe2Search.searchMediumDfa,textSize=512,Search_Medium_CachedDFA/512/threads:1,311.56289113461287,0.00040040521862576343,14,670.7985469021116,670.7974780393201,1.5934210048358375e-06,670.7980124705031,0.46446603201334496,-359.2351213358902,true
intel,failed-search/medium/dfa/4096,failed-search,dfa,io.airlift.slice.re2.BenchmarkRe2Search.searchMediumDfa,textSize=4096,Search_Medium_CachedDFA/4096/threads:1,1641.5970724100746,0.000895825469690609,14,5273.587634702207,5273.802276904463,4.070136254940483e-05,5273.694954711328,0.31128024781629265,-3632.097882301254,true
intel,failed-search/medium/dfa/32768,failed-search,dfa,io.airlift.slice.re2.BenchmarkRe2Search.searchMediumDfa,textSize=32768,Search_Medium_CachedDFA/32768/threads:1,13344.664938753373,0.0018184346097375628,14,42116.338770583636,42096.452438783905,0.0004723992319459594,42106.39443067507,0.31692727717934466,-28761.7294919217,true
intel,failed-search/medium/dfa/262144,failed-search,dfa,io.airlift.slice.re2.BenchmarkRe2Search.searchMediumDfa,textSize=262144,Search_Medium_CachedDFA/262144/threads:1,151057.1360616128,0.0017579619157835858,14,336912.7282608759,336839.6634260078,0.00021691280095990776,336876.19386256946,0.4484054938095074,-185819.05780095665,true
intel,failed-search/medium/dfa/2097152,failed-search,dfa,io.airlift.slice.re2.BenchmarkRe2Search.searchMediumDfa,textSize=2097152,Search_Medium_CachedDFA/2097152/threads:1,1707569.2894434382,0.009153120894321812,14,2757109.250000648,2770342.4500032268,0.004799664722235958,2763717.9296327173,0.61785223127686,-1056148.640189279,true
intel,failed-search/medium/dfa/16777216,failed-search,dfa,io.airlift.slice.re2.BenchmarkRe2Search.searchMediumDfa,textSize=16777216,Search_Medium_CachedDFA/16777216/threads:1,13726221.743243244,0.005699553729351345,14,22165840.99999881,22152524.666656367,0.0006011203482593425,22159181.833038345,0.6194372087681533,-8432960.089795101,true
intel,failed-search/medium/re2/8,failed-search,re2,io.airlift.slice.re2.BenchmarkRe2Search.searchMediumRe2,textSize=8,Search_Medium_CachedRE2/8/threads:1,2.5697030650339947,0.00021313546122633004,14,29.22313746327648,29.223763091107987,2.1408646908406183e-05,29.223450275518022,0.0879329114395081,-26.653747210484028,true
intel,failed-search/medium/re2/64,failed-search,re2,io.airlift.slice.re2.BenchmarkRe2Search.searchMediumRe2,textSize=64,Search_Medium_CachedRE2/64/threads:1,19.021709417653398,0.00019613632414115594,14,29.235290894672886,29.233531415164457,6.0187032604502504e-05,29.23441114168184,0.6506616235732083,-10.212701724028442,true
intel,failed-search/medium/re2/512,failed-search,re2,io.airlift.slice.re2.BenchmarkRe2Search.searchMediumRe2,textSize=512,Search_Medium_CachedRE2/512/threads:1,19.01992519481817,0.0002780981486676476,14,29.232725269972406,29.22049159367282,0.00041866770996543216,29.226607791725943,0.6507742988976886,-10.206682596907772,true
intel,failed-search/medium/re2/4096,failed-search,re2,io.airlift.slice.re2.BenchmarkRe2Search.searchMediumRe2,textSize=4096,Search_Medium_CachedRE2/4096/threads:1,18.762056298044513,0.000482639144651997,14,29.22382764875323,29.233783893800126,0.0003406892884314576,29.228805347350633,0.641902947283651,-10.46674904930612,true
intel,failed-search/medium/re2/32768,failed-search,re2,io.airlift.slice.re2.BenchmarkRe2Search.searchMediumRe2,textSize=32768,Search_Medium_CachedRE2/32768/threads:1,18.76568709461295,0.0004162209881735297,14,29.240215973618994,29.224404394584298,0.0005410402491428359,29.232309115053244,0.6419502140851924,-10.466622020440294,true
intel,failed-search/medium/re2/262144,failed-search,re2,io.airlift.slice.re2.BenchmarkRe2Search.searchMediumRe2,textSize=262144,Search_Medium_CachedRE2/262144/threads:1,28.61816264978009,0.0006256155573214218,14,29.226836621581413,29.22059343607949,0.00021365704004539733,29.223714862110693,0.9792787393667148,-0.6055522123306041,true
intel,failed-search/medium/re2/2097152,failed-search,re2,io.airlift.slice.re2.BenchmarkRe2Search.searchMediumRe2,textSize=2097152,Search_Medium_CachedRE2/2097152/threads:1,28.600317344298716,0.0002020422414171186,14,29.229099013515516,29.2210335166203,0.0002760168250253454,29.2250659868297,0.9786228492071659,-0.6247486425309852,true
intel,failed-search/medium/re2/16777216,failed-search,re2,io.airlift.slice.re2.BenchmarkRe2Search.searchMediumRe2,textSize=16777216,Search_Medium_CachedRE2/16777216/threads:1,23.69083310207737,0.21560960251785108,14,29.227981692768065,29.21887795905356,0.0003115702706743769,29.22342947140944,0.810679428478959,-5.532596369332069,false
intel,failed-search/medium/nfa/8,failed-search,nfa,io.airlift.slice.re2.BenchmarkRe2SearchNfa.searchMediumNfa,textSize=8,Search_Medium_CachedNFA/8/threads:1,124.676732023938,0.01781972078987372,14,215.61694651607263,213.99237259039052,0.00759173752791536,214.80312371022382,0.5804232725783395,-90.12639168628581,true
intel,failed-search/medium/nfa/64,failed-search,nfa,io.airlift.slice.re2.BenchmarkRe2SearchNfa.searchMediumNfa,textSize=64,Search_Medium_CachedNFA/64/threads:1,621.7386249643911,0.0033536048898441147,14,820.4015026132702,820.2838334117312,0.00014344937294398578,820.3426659027053,0.757901119625699,-198.60404093831426,true
intel,failed-search/medium/nfa/512,failed-search,nfa,io.airlift.slice.re2.BenchmarkRe2SearchNfa.searchMediumNfa,textSize=512,Search_Medium_CachedNFA/512/threads:1,4426.371865954265,0.003098035734167279,14,6459.264638251938,6471.740294444813,0.0019314359902509767,6465.499457262182,0.6846140650406324,-2039.127591307917,true
intel,failed-search/medium/nfa/4096,failed-search,nfa,io.airlift.slice.re2.BenchmarkRe2SearchNfa.searchMediumNfa,textSize=4096,Search_Medium_CachedNFA/4096/threads:1,39080.568140170864,0.002775856035919332,14,53432.94204034972,53474.110154478614,0.0007704631741558545,53453.52213412632,0.7311130600918937,-14372.953993955452,true
intel,failed-search/medium/nfa/32768,failed-search,nfa,io.airlift.slice.re2.BenchmarkRe2SearchNfa.searchMediumNfa,textSize=32768,Search_Medium_CachedNFA/32768/threads:1,353311.1005290636,0.004837205910449572,14,447037.0822581748,443367.6262135982,0.008276328328060623,445198.5736615291,0.7936033972958666,-91887.4731324655,true
intel,failed-search/medium/nfa/262144,failed-search,nfa,io.airlift.slice.re2.BenchmarkRe2SearchNfa.searchMediumNfa,textSize=262144,Search_Medium_CachedNFA/262144/threads:1,4055791.955645161,0.0073382177322113724,14,3561046.2857144354,3545819.5131564266,0.004294288669096465,3553424.7434185883,1.1413755034933617,502367.2122265729,true
intel,failed-search/hard/dfa/8,failed-search,dfa,io.airlift.slice.re2.BenchmarkRe2Search.searchHardDfa,textSize=8,Search_Hard_CachedDFA/8/threads:1,26.850080196633556,0.00018899138700588495,14,24.43398216997894,24.427783198212133,0.0002537672664157528,24.430882487483466,1.0990221172071661,2.4191977091500902,true
intel,failed-search/hard/dfa/64,failed-search,dfa,io.airlift.slice.re2.BenchmarkRe2Search.searchHardDfa,textSize=64,Search_Hard_CachedDFA/64/threads:1,118.65168036852116,0.000416255920729568,14,94.86635293190501,94.80318125572933,0.0006663455312251682,94.834761833799,1.251141227901875,23.81691853472215,true
intel,failed-search/hard/dfa/512,failed-search,dfa,io.airlift.slice.re2.BenchmarkRe2Search.searchHardDfa,textSize=512,Search_Hard_CachedDFA/512/threads:1,501.4333505057175,0.0009794258426646981,14,670.84690871761,670.544407029812,0.0004511284929478744,670.6956408191663,0.7476317423105401,-169.26229031344883,true
intel,failed-search/hard/dfa/4096,failed-search,dfa,io.airlift.slice.re2.BenchmarkRe2Search.searchHardDfa,textSize=4096,Search_Hard_CachedDFA/4096/threads:1,3828.533177199466,0.0003300200398636714,14,5274.448915178938,5271.936086683477,0.00047664244295525526,5273.192351251788,0.726037080041395,-1444.6591740523218,true
intel,failed-search/hard/dfa/32768,failed-search,dfa,io.airlift.slice.re2.BenchmarkRe2Search.searchHardDfa,textSize=32768,Search_Hard_CachedDFA/32768/threads:1,30488.467711954378,0.0006283212169877275,14,42097.64123865572,42095.562264258435,4.938702051856572e-05,42096.6017386231,0.7242500927095403,-11608.134026668726,true
intel,failed-search/hard/dfa/262144,failed-search,dfa,io.airlift.slice.re2.BenchmarkRe2Search.searchHardDfa,textSize=262144,Search_Hard_CachedDFA/262144/threads:1,239860.3422937325,0.0016438881436922216,14,336955.6759370499,336946.16928669007,2.8214151773741515e-05,336950.9225783427,0.7118554252896097,-97090.58028461022,true
intel,failed-search/hard/dfa/2097152,failed-search,dfa,io.airlift.slice.re2.BenchmarkRe2Search.searchHardDfa,textSize=2097152,Search_Hard_CachedDFA/2097152/threads:1,1914643.534351145,0.0009353925803649504,14,2763142.4000003333,2751158.3300019996,0.004356008837312168,2757143.8538354565,0.694430046400259,-842500.3194843116,true
intel,failed-search/hard/dfa/16777216,failed-search,dfa,io.airlift.slice.re2.BenchmarkRe2Search.searchHardDfa,textSize=16777216,Search_Hard_CachedDFA/16777216/threads:1,15451257.575757576,0.003749406864904547,14,22177954.833333995,22183779.5833532,0.0002626369321687468,22180867.017144393,0.6966029580275082,-6729609.441386817,true
intel,failed-search/hard/re2/8,failed-search,re2,io.airlift.slice.re2.BenchmarkRe2Search.searchHardRe2,textSize=8,Search_Hard_CachedRE2/8/threads:1,2.8195693777661015,0.0016157376908169183,14,32.76927553188875,29.211247890242777,0.12180334284296142,30.939156917176486,0.09113271526157074,-28.119587539410386,false
intel,failed-search/hard/re2/64,failed-search,re2,io.airlift.slice.re2.BenchmarkRe2Search.searchHardRe2,textSize=64,Search_Hard_CachedRE2/64/threads:1,19.02104525903595,0.0001824954856870915,14,32.776833362752754,29.2110797816975,0.12206853042417877,30.94263554306218,0.6147196231091816,-11.92159028402623,false
intel,failed-search/hard/re2/512,failed-search,re2,io.airlift.slice.re2.BenchmarkRe2Search.searchHardRe2,textSize=512,Search_Hard_CachedRE2/512/threads:1,19.022420017710218,0.00023034228289631485,14,32.78351630253279,29.225261607194756,0.12175270637995081,30.95330096040251,0.6145522263375058,-11.93088094269229,false
intel,failed-search/hard/re2/4096,failed-search,re2,io.airlift.slice.re2.BenchmarkRe2Search.searchHardRe2,textSize=4096,Search_Hard_CachedRE2/4096/threads:1,18.762157144465732,0.00020428337310333464,14,32.776320646727854,29.217485968257314,0.12180495893236522,30.945786281606637,0.6062911755975471,-12.183629137140905,false
intel,failed-search/hard/re2/32768,failed-search,re2,io.airlift.slice.re2.BenchmarkRe2Search.searchHardRe2,textSize=32768,Search_Hard_CachedRE2/32768/threads:1,18.76303479904331,0.00024794202225410065,14,32.78590890021282,29.21915174233923,0.12206915482441179,30.951194599979956,0.6062135901874192,-12.188159800936646,false
intel,failed-search/hard/re2/262144,failed-search,re2,io.airlift.slice.re2.BenchmarkRe2Search.searchHardRe2,textSize=262144,Search_Hard_CachedRE2/262144/threads:1,18.764081528125967,0.00021727725319544845,14,32.78817160412872,29.216928407768318,0.12223198641958768,30.951084995189603,0.6062495557439188,-12.187003467063636,false
intel,failed-search/hard/re2/2097152,failed-search,re2,io.airlift.slice.re2.BenchmarkRe2Search.searchHardRe2,textSize=2097152,Search_Hard_CachedRE2/2097152/threads:1,18.760220396443806,0.00021684413057417498,14,32.78276069615393,29.219219338456845,0.12195881472462654,30.949744349526764,0.6061510616881932,-12.189523953082958,false
intel,failed-search/hard/re2/16777216,failed-search,re2,io.airlift.slice.re2.BenchmarkRe2Search.searchHardRe2,textSize=16777216,Search_Hard_CachedRE2/16777216/threads:1,18.761767236834793,0.0002383577391127074,14,32.78806392333328,29.23574568295937,0.12150599060808129,30.96099963339664,0.6059806679044392,-12.199232396561847,false
intel,failed-search/hard/nfa/8,failed-search,nfa,io.airlift.slice.re2.BenchmarkRe2SearchNfa.searchHardNfa,textSize=8,Search_Hard_CachedNFA/8/threads:1,201.5037362951245,0.004928518294890491,14,303.1758316278356,301.6738373948629,0.004978868058109702,302.42390205231465,0.6662956695144667,-100.92016575719015,true
intel,failed-search/hard/nfa/64,failed-search,nfa,io.airlift.slice.re2.BenchmarkRe2SearchNfa.searchHardNfa,textSize=64,Search_Hard_CachedNFA/64/threads:1,1179.2302785035176,0.02097915101584803,14,1475.3100437370379,1471.5369646756412,0.0025640396075461806,1473.4222964636745,0.8003342160178789,-294.1920179601568,true
intel,failed-search/hard/nfa/512,failed-search,nfa,io.airlift.slice.re2.BenchmarkRe2SearchNfa.searchHardNfa,textSize=512,Search_Hard_CachedNFA/512/threads:1,9309.088126341607,0.020720027318314998,14,11196.960727009066,11199.289068119535,0.00020794402760143972,11198.124837050013,0.8313077646305249,-1889.0367107084057,true
intel,failed-search/hard/nfa/4096,failed-search,nfa,io.airlift.slice.re2.BenchmarkRe2SearchNfa.searchHardNfa,textSize=4096,Search_Hard_CachedNFA/4096/threads:1,83897.63343511216,0.0015521033756764183,14,90786.06692533728,90271.37560641156,0.005701600484851383,90528.35548736063,0.92675530206473,-6630.722052248471,true
intel,failed-search/hard/nfa/32768,failed-search,nfa,io.airlift.slice.re2.BenchmarkRe2SearchNfa.searchHardNfa,textSize=32768,Search_Hard_CachedNFA/32768/threads:1,719982.5634993096,0.0065805741736462324,14,738084.262032032,735091.9179881832,0.004070707309690359,736586.5704817182,0.9774581730813395,-16604.00698240858,true
intel,failed-search/hard/nfa/262144,failed-search,nfa,io.airlift.slice.re2.BenchmarkRe2SearchNfa.searchHardNfa,textSize=262144,Search_Hard_CachedNFA/262144/threads:1,5947218.0,0.0029419547688560688,14,5893286.191491263,5890061.914892322,0.0005474096275267333,5891673.832627152,1.009427569982787,55544.16737284791,true
intel,failed-search/parens/dfa/8,failed-search,dfa,io.airlift.slice.re2.BenchmarkRe2Search.searchParensDfa,textSize=8,Search_Parens_CachedDFA/8/threads:1,26.85121341771182,0.017489258681399333,14,24.44460897985347,24.41215382257426,0.001329467179139153,24.428376011287835,1.0991812720298901,2.4228374064239837,true
intel,failed-search/parens/dfa/64,failed-search,dfa,io.airlift.slice.re2.BenchmarkRe2Search.searchParensDfa,textSize=64,Search_Parens_CachedDFA/64/threads:1,118.67933828474222,0.0005837920952134213,14,94.83574542600151,94.79994199420833,0.0003776735622409059,94.81784202017282,1.2516561836483557,23.861496264569396,true
intel,failed-search/parens/dfa/512,failed-search,dfa,io.airlift.slice.re2.BenchmarkRe2Search.searchParensDfa,textSize=512,Search_Parens_CachedDFA/512/threads:1,503.3831042837254,0.0006716490826937135,14,670.6062241411171,670.514113229567,0.000137373561171497,670.5601671037501,0.7506904361139023,-167.17706282002473,true
intel,failed-search/parens/dfa/4096,failed-search,dfa,io.airlift.slice.re2.BenchmarkRe2Search.searchParensDfa,textSize=4096,Search_Parens_CachedDFA/4096/threads:1,3827.2051590727233,0.0008578862070525025,14,5273.422259148,5273.332446461971,1.7031485676490656e-05,5273.377352613782,0.7257597746491147,-1446.1721935410587,true
intel,failed-search/parens/dfa/32768,failed-search,dfa,io.airlift.slice.re2.BenchmarkRe2Search.searchParensDfa,textSize=32768,Search_Parens_CachedDFA/32768/threads:1,30481.52425941729,0.00035119793701668747,14,42103.06697913587,42111.220277693,0.00019365094141888603,42107.143431071796,0.7239038741565237,-11625.619171654507,true
intel,failed-search/parens/dfa/262144,failed-search,dfa,io.airlift.slice.re2.BenchmarkRe2Search.searchParensDfa,textSize=262144,Search_Parens_CachedDFA/262144/threads:1,239831.17310102948,0.001396912156142477,14,336838.350241521,336879.661427562,0.00012264395075965481,336859.00520125945,0.7119630747521212,-97027.83210022998,true
intel,failed-search/parens/dfa/2097152,failed-search,dfa,io.airlift.slice.re2.BenchmarkRe2Search.searchParensDfa,textSize=2097152,Search_Parens_CachedDFA/2097152/threads:1,1914600.3740458016,0.0004897771005582797,14,2742592.049019897,2769766.178215211,0.009908192217294932,2756145.6235143426,0.6946658978071367,-841545.249468541,true
intel,failed-search/parens/dfa/16777216,failed-search,dfa,io.airlift.slice.re2.BenchmarkRe2Search.searchParensDfa,textSize=16777216,Search_Parens_CachedDFA/16777216/threads:1,15400787.59090909,0.0024000823135986505,14,22187697.000002045,22232761.500011597,0.002031058023261607,22210217.82053405,0.6934100203497587,-6809430.229624961,true
intel,failed-search/parens/re2/8,failed-search,re2,io.airlift.slice.re2.BenchmarkRe2Search.searchParensRe2,textSize=8,Search_Parens_CachedRE2/8/threads:1,2.8199927591734566,0.0161468975910301,14,29.22426826010056,29.236925898757978,0.00043312080715809026,29.230596394291798,0.09647400693213874,-26.410603635118342,true
intel,failed-search/parens/re2/64,failed-search,re2,io.airlift.slice.re2.BenchmarkRe2Search.searchParensRe2,textSize=64,Search_Parens_CachedRE2/64/threads:1,19.019987625449474,0.00032157476645343727,14,29.224437061573173,29.228624816831182,0.0001432963532945306,29.226530864196295,0.6507781479036139,-10.206543238746821,true
intel,failed-search/parens/re2/512,failed-search,re2,io.airlift.slice.re2.BenchmarkRe2Search.searchParensRe2,textSize=512,Search_Parens_CachedRE2/512/threads:1,19.021323890062313,0.00026989471025760014,14,29.224716513284637,29.23238104095941,0.00026226183139498624,29.228548525890833,0.6507789421432646,-10.20722463582852,true
intel,failed-search/parens/re2/4096,failed-search,re2,io.airlift.slice.re2.BenchmarkRe2Search.searchParensRe2,textSize=4096,Search_Parens_CachedRE2/4096/threads:1,18.762845744423498,0.00021010824713198542,14,29.22562368161989,29.231056219541934,0.00018588270283724428,29.228339824365786,0.6419401805634585,-10.465494079942289,true
intel,failed-search/parens/re2/32768,failed-search,re2,io.airlift.slice.re2.BenchmarkRe2Search.searchParensRe2,textSize=32768,Search_Parens_CachedRE2/32768/threads:1,18.762797419836655,0.0001956592036987412,14,29.228935128565837,29.233006793834864,0.00013930255245761048,29.230970890306118,0.6418807466316137,-10.468173470469463,true
intel,failed-search/parens/re2/262144,failed-search,re2,io.airlift.slice.re2.BenchmarkRe2Search.searchParensRe2,textSize=262144,Search_Parens_CachedRE2/262144/threads:1,18.762779776693037,0.00012192231191115839,14,29.229663784676227,29.229871708746696,7.1134609005851835e-06,29.22976774652658,0.6419065638632263,-10.466987969833543,true
intel,failed-search/parens/re2/2097152,failed-search,re2,io.airlift.slice.re2.BenchmarkRe2Search.searchParensRe2,textSize=2097152,Search_Parens_CachedRE2/2097152/threads:1,18.76857715230058,0.0009819331336412397,14,29.219169687451153,29.219823795611365,2.238626789224597e-05,29.219496739700897,0.6423306095754715,-10.450919587400318,true
intel,failed-search/parens/re2/16777216,failed-search,re2,io.airlift.slice.re2.BenchmarkRe2Search.searchParensRe2,textSize=16777216,Search_Parens_CachedRE2/16777216/threads:1,18.768446072635953,0.00047724410894783024,14,29.238450389446843,29.222069304925306,0.0005605723657214211,29.230258699659775,0.6420896327152387,-10.461812627023821,true
intel,failed-search/parens/nfa/8,failed-search,nfa,io.airlift.slice.re2.BenchmarkRe2SearchNfa.searchParensNfa,textSize=8,Search_Parens_CachedNFA/8/threads:1,451.0536626142217,0.011498160993569033,14,467.71111718414915,486.8907584867131,0.04100745224538344,477.20458987572437,0.9451997574702435,-26.15092726150266,true
intel,failed-search/parens/nfa/64,failed-search,nfa,io.airlift.slice.re2.BenchmarkRe2SearchNfa.searchParensNfa,textSize=64,Search_Parens_CachedNFA/64/threads:1,2214.6761115753316,0.00348748877225478,14,2207.8160838582617,2218.966248155575,0.005050313918280758,2213.384144746795,1.0005837065525218,1.2919668285367152,true
intel,failed-search/parens/nfa/512,failed-search,nfa,io.airlift.slice.re2.BenchmarkRe2SearchNfa.searchParensNfa,textSize=512,Search_Parens_CachedNFA/512/threads:1,16709.346531139265,0.0028037577256917927,14,16202.009530411811,16222.530577921745,0.0012665742154647566,16212.266807293949,1.0306607169591904,497.07972384531604,true
intel,failed-search/parens/nfa/4096,failed-search,nfa,io.airlift.slice.re2.BenchmarkRe2SearchNfa.searchParensNfa,textSize=4096,Search_Parens_CachedNFA/4096/threads:1,134485.14817764462,0.0023698522536062827,14,128494.52527575943,128554.86776855538,0.0004696113913527212,128524.69298079865,1.0463759535899957,5960.455196845971,true
intel,failed-search/parens/nfa/32768,failed-search,nfa,io.airlift.slice.re2.BenchmarkRe2SearchNfa.searchParensNfa,textSize=32768,Search_Parens_CachedNFA/32768/threads:1,1169287.420979937,0.0624449981279087,14,1031696.0221402331,1031764.8749980221,6.673754314394933e-05,1031730.4479947629,1.1333264645358925,137556.97298517416,false
intel,failed-search/parens/nfa/262144,failed-search,nfa,io.airlift.slice.re2.BenchmarkRe2SearchNfa.searchParensNfa,textSize=262144,Search_Parens_CachedNFA/262144/threads:1,9895971.539215688,0.000818973867333238,14,8309427.121213792,8211791.264704302,0.011889714845669024,8260464.941435223,1.1979920754310835,1635506.5977804642,true
intel,failed-search/easy2/dfa/8,failed-search,dfa,io.airlift.slice.re2.BenchmarkRe2SearchExtra.searchEasy2Dfa,textSize=8,Search_Easy2_CachedDFA/8/threads:1,22.470370414791088,0.0020603696539831604,14,22.716068976878876,22.71761007795743,6.784189113545371e-05,22.716839514349697,0.9891503789775457,-0.24646909955860963,true
intel,failed-search/easy2/dfa/64,failed-search,dfa,io.airlift.slice.re2.BenchmarkRe2SearchExtra.searchEasy2Dfa,textSize=64,Search_Easy2_CachedDFA/64/threads:1,51.28597556028862,0.009847492198953214,14,32.90351060548376,32.890836555993346,0.0003853367933903951,32.89717297038395,1.5589782017579261,18.38880258990467,true
intel,failed-search/easy2/dfa/512,failed-search,dfa,io.airlift.slice.re2.BenchmarkRe2SearchExtra.searchEasy2Dfa,textSize=512,Search_Easy2_CachedDFA/512/threads:1,338.1533993045697,0.0005734442513946345,14,157.3950483568983,157.7815334570734,0.0024555099045984892,157.58817242515897,2.1458044350705565,180.56522687941072,true
intel,failed-search/easy2/dfa/4096,failed-search,dfa,io.airlift.slice.re2.BenchmarkRe2SearchExtra.searchEasy2Dfa,textSize=4096,Search_Easy2_CachedDFA/4096/threads:1,2286.5638639404206,0.0015058512038773546,14,1119.0567931936548,1119.150569611635,8.379951629859024e-05,1119.1036804203839,2.0432100295492623,1167.4601835200367,true
intel,failed-search/easy2/dfa/32768,failed-search,dfa,io.airlift.slice.re2.BenchmarkRe2SearchExtra.searchEasy2Dfa,textSize=32768,Search_Easy2_CachedDFA/32768/threads:1,24520.957798211468,0.00027546627414213497,14,8817.31923816779,8812.442012108379,0.0005534477336373954,8814.880287820208,2.781768668156825,15706.07751039126,true
intel,failed-search/easy2/dfa/262144,failed-search,dfa,io.airlift.slice.re2.BenchmarkRe2SearchExtra.searchEasy2Dfa,textSize=262144,Search_Easy2_CachedDFA/262144/threads:1,153695.5179778734,0.0002985788011238253,14,70559.62623200586,70572.04914306589,0.00017606259731564583,70565.83741415868,2.178044271986988,83129.6805637147,true
intel,failed-search/easy2/dfa/2097152,failed-search,dfa,io.airlift.slice.re2.BenchmarkRe2SearchExtra.searchEasy2Dfa,textSize=2097152,Search_Easy2_CachedDFA/2097152/threads:1,1236581.3320987653,0.010824382253451783,14,565367.0912779563,565601.8868694905,0.00041529759187698673,565484.4768874983,2.1867644164258464,671096.855211267,true
intel,failed-search/easy2/dfa/16777216,failed-search,dfa,io.airlift.slice.re2.BenchmarkRe2SearchExtra.searchEasy2Dfa,textSize=16777216,Search_Easy2_CachedDFA/16777216/threads:1,9973296.647058824,0.0033111629829942766,14,4562201.652173253,4547617.78723394,0.0032069240691801836,4554903.8828905225,2.189573458294319,5418392.764168302,true
intel,failed-search/easy2/re2/8,failed-search,re2,io.airlift.slice.re2.BenchmarkRe2SearchExtra.searchEasy2Re2,textSize=8,Search_Easy2_CachedRE2/8/threads:1,2.819219260864555,0.0015811196721735392,14,29.227302119537164,29.23765891469707,0.000354353443829646,29.232480058452627,0.09644133016518976,-26.413260797588073,true
intel,failed-search/easy2/re2/64,failed-search,re2,io.airlift.slice.re2.BenchmarkRe2SearchExtra.searchEasy2Re2,textSize=64,Search_Easy2_CachedRE2/64/threads:1,19.021752385074663,0.0002005520619381554,14,29.23170584422698,29.23001924070665,5.7701074585034575e-05,29.23086253030231,0.6507420834864409,-10.209110145227648,true
intel,failed-search/easy2/re2/512,failed-search,re2,io.airlift.slice.re2.BenchmarkRe2SearchExtra.searchEasy2Re2,textSize=512,Search_Easy2_CachedRE2/512/threads:1,19.021128721517577,0.0002360309009271159,14,29.247553936763246,29.236626268937364,0.0003737663752774529,29.242089592396347,0.6504709132162543,-10.22096087087877,true
intel,failed-search/easy2/re2/4096,failed-search,re2,io.airlift.slice.re2.BenchmarkRe2SearchExtra.searchEasy2Re2,textSize=4096,Search_Easy2_CachedRE2/4096/threads:1,18.765860287402326,0.00029270891809835865,14,29.228348249563634,29.229860171328447,5.172792358648979e-05,29.22910420067022,0.6420265280306479,-10.463243913267895,true
intel,failed-search/easy2/re2/32768,failed-search,re2,io.airlift.slice.re2.BenchmarkRe2SearchExtra.searchEasy2Re2,textSize=32768,Search_Easy2_CachedRE2/32768/threads:1,18.763323774150948,0.00021642096840428847,14,29.23487128946878,29.224561561702803,0.000352776131276126,29.22971597103773,0.6419263120018884,-10.466392196886783,true
intel,failed-search/easy2/re2/262144,failed-search,re2,io.airlift.slice.re2.BenchmarkRe2SearchExtra.searchEasy2Re2,textSize=262144,Search_Easy2_CachedRE2/262144/threads:1,18.76260276839303,0.00020807479653913292,14,29.229100471515796,29.22702868726869,7.088590048873697e-05,29.228064561035357,0.6419379131044453,-10.465461792642326,true
intel,failed-search/easy2/re2/2097152,failed-search,re2,io.airlift.slice.re2.BenchmarkRe2SearchExtra.searchEasy2Re2,textSize=2097152,Search_Easy2_CachedRE2/2097152/threads:1,18.76405989706926,0.00019118597155915108,14,29.231148912410937,29.221675423691305,0.00032419389313834965,29.22641178420744,0.6420240717749849,-10.46235188713818,true
intel,failed-search/easy2/re2/16777216,failed-search,re2,io.airlift.slice.re2.BenchmarkRe2SearchExtra.searchEasy2Re2,textSize=16777216,Search_Easy2_CachedRE2/16777216/threads:1,18.762947953834917,0.00022392984446746144,14,29.236860853106855,29.220804047303574,0.0005494991095141518,29.228831347608068,0.641932882320674,-10.46588339377315,true
intel,failed-search/fanout/dfa/8,failed-search,dfa,io.airlift.slice.re2.BenchmarkRe2SearchExtra.searchFanoutDfa,textSize=8,Search_Fanout_CachedDFA/8/threads:1,19.80343054351301,0.0011606117785473902,14,23.15964553838662,23.15638547484405,0.00014078464646872631,23.158015449248513,0.8551436796003882,-3.3545849057355035,true
intel,failed-search/fanout/dfa/64,failed-search,dfa,io.airlift.slice.re2.BenchmarkRe2SearchExtra.searchFanoutDfa,textSize=64,Search_Fanout_CachedDFA/64/threads:1,36.211833092776644,0.007316876884985366,14,87.80784096925254,87.79325774410033,0.0001661087141192,87.80054905390149,0.4124328775045119,-51.58871596112485,true
intel,failed-search/fanout/dfa/512,failed-search,dfa,io.airlift.slice.re2.BenchmarkRe2SearchExtra.searchFanoutDfa,textSize=512,Search_Fanout_CachedDFA/512/threads:1,176.37280283560486,0.00292634372326318,14,662.9589657391591,663.0566024761049,0.0001472741783300698,663.007782310343,0.2660192045122144,-486.6349794747382,true
intel,failed-search/fanout/dfa/4096,failed-search,dfa,io.airlift.slice.re2.BenchmarkRe2SearchExtra.searchFanoutDfa,textSize=4096,Search_Fanout_CachedDFA/4096/threads:1,1213.2924735196198,0.00024746119808588687,14,5265.710877484273,5264.920594495527,0.00015010349625624287,5265.315721162983,0.23043109621005448,-4052.0232476433634,true
intel,failed-search/fanout/dfa/32768,failed-search,dfa,io.airlift.slice.re2.BenchmarkRe2SearchExtra.searchFanoutDfa,textSize=32768,Search_Fanout_CachedDFA/32768/threads:1,9504.200045650057,0.0002561689218454553,14,42108.01359926983,42086.64326687022,0.0005077699417389994,42097.32707701273,0.22576730413936025,-32593.12703136267,true
intel,failed-search/fanout/dfa/262144,failed-search,dfa,io.airlift.slice.re2.BenchmarkRe2SearchExtra.searchFanoutDfa,textSize=262144,Search_Fanout_CachedDFA/262144/threads:1,75856.88017594418,0.004618210371389377,14,337140.94787876203,337065.4413533703,0.00022401147115095013,337103.19250201195,0.22502569498949923,-261246.31232606777,true
intel,failed-search/fanout/dfa/2097152,failed-search,dfa,io.airlift.slice.re2.BenchmarkRe2SearchExtra.searchFanoutDfa,textSize=2097152,Search_Fanout_CachedDFA/2097152/threads:1,609852.4040194885,0.001139632720264576,14,2739978.9607842397,2741547.0599953556,0.0005723033766168163,2740762.898243327,0.22251191608379153,-2130910.4942238387,true
intel,failed-search/fanout/dfa/16777216,failed-search,dfa,io.airlift.slice.re2.BenchmarkRe2SearchExtra.searchFanoutDfa,textSize=16777216,Search_Fanout_CachedDFA/16777216/threads:1,4898706.1165048545,0.0006929809431940864,14,22178257.076925196,22084017.307721436,0.0042673290774323846,22131087.030281894,0.22134954825318662,-17232380.91377704,true
intel,failed-search/fanout/re2/8,failed-search,re2,io.airlift.slice.re2.BenchmarkRe2SearchExtra.searchFanoutRe2,textSize=8,Search_Fanout_CachedRE2/8/threads:1,21.354137265217105,0.0014036605543822347,14,31.184033336749565,30.882918390929415,0.009750210197381783,31.033110650382103,0.6881081792216075,-9.678973385164998,true
intel,failed-search/fanout/re2/64,failed-search,re2,io.airlift.slice.re2.BenchmarkRe2SearchExtra.searchFanoutRe2,textSize=64,Search_Fanout_CachedRE2/64/threads:1,37.82050485678905,0.001166141679314311,14,93.65987249524315,93.75213601645446,0.000985091253631525,93.7059929004427,0.40360817580761554,-55.885488043653645,true
intel,failed-search/fanout/re2/512,failed-search,re2,io.airlift.slice.re2.BenchmarkRe2SearchExtra.searchFanoutRe2,textSize=512,Search_Fanout_CachedRE2/512/threads:1,178.2376589151994,0.002914217069961544,14,669.2007832618438,669.1387423961102,9.271749160933588e-05,669.1697621099761,0.2663564150794766,-490.9321031947767,true
intel,failed-search/fanout/re2/4096,failed-search,re2,io.airlift.slice.re2.BenchmarkRe2SearchExtra.searchFanoutRe2,textSize=4096,Search_Fanout_CachedRE2/4096/threads:1,1215.2967343627906,0.0002960828574241431,14,5272.308780799656,5271.492322207673,0.00015488187065046047,5271.90053569806,0.2305234566042266,-4056.603801335269,true
intel,failed-search/fanout/re2/32768,failed-search,re2,io.airlift.slice.re2.BenchmarkRe2SearchExtra.searchFanoutRe2,textSize=32768,Search_Fanout_CachedRE2/32768/threads:1,9506.856865839052,0.00021359800712370238,14,42102.330768072075,42106.71549248825,0.00010414445794764714,42104.52307320254,0.2257918193090685,-32597.666207363487,true
intel,failed-search/fanout/re2/262144,failed-search,re2,io.airlift.slice.re2.BenchmarkRe2SearchExtra.searchFanoutRe2,textSize=262144,Search_Fanout_CachedRE2/262144/threads:1,75858.90277567116,0.0032923115297571253,14,337086.7212120312,337087.7920185041,3.1766498219250544e-06,337087.25661484245,0.22504233336339946,-261228.3538391713,true
intel,failed-search/fanout/re2/2097152,failed-search,re2,io.airlift.slice.re2.BenchmarkRe2SearchExtra.searchFanoutRe2,textSize=2097152,Search_Fanout_CachedRE2/2097152/threads:1,608749.6794403893,0.00045102863822265714,14,2734319.217822331,2737147.362744972,0.001034314100638732,2735732.9248238555,0.2225179489988353,-2126983.245383466,true
intel,failed-search/fanout/re2/16777216,failed-search,re2,io.airlift.slice.re2.BenchmarkRe2SearchExtra.searchFanoutRe2,textSize=16777216,Search_Fanout_CachedRE2/16777216/threads:1,4898745.538834952,0.0008355975702174424,14,22202802.999998994,22256144.74999323,0.002402478191345453,22229457.875161093,0.22037179522532335,-17330712.33632614,true
intel,failed-search/big-fixed/dfa/8,failed-search,dfa,io.airlift.slice.re2.BenchmarkRe2SearchExtra.searchBigFixedDfa,textSize=8,Search_BigFixed_CachedDFA/8/threads:1,41.477421580346544,0.014064603819057981,14,24.993247146280005,24.928701522198267,0.0025892092303428714,24.960953470974378,1.6616921957159287,16.516468109372166,true
intel,failed-search/big-fixed/dfa/64,failed-search,dfa,io.airlift.slice.re2.BenchmarkRe2SearchExtra.searchBigFixedDfa,textSize=64,Search_BigFixed_CachedDFA/64/threads:1,135.64223935845564,0.0020093367390605693,14,95.53091619968464,95.51315156988738,0.0001859914525410392,95.52203347181575,1.4200099644913606,40.120205886639894,true
intel,failed-search/big-fixed/dfa/512,failed-search,dfa,io.airlift.slice.re2.BenchmarkRe2SearchExtra.searchBigFixedDfa,textSize=512,Search_BigFixed_CachedDFA/512/threads:1,987.7013948330863,0.0003141576039389265,14,683.4860746382411,681.1723919134974,0.0033966184657664273,682.328252603465,1.4475457978831325,305.3731422296213,true
intel,failed-search/big-fixed/dfa/4096,failed-search,dfa,io.airlift.slice.re2.BenchmarkRe2SearchExtra.searchBigFixedDfa,textSize=4096,Search_BigFixed_CachedDFA/4096/threads:1,8734.413827104778,0.00046923713911472696,14,6189.961368237162,6186.1634845420685,0.0006139319959104623,6188.062135023758,1.411494202307528,2546.35169208102,true
intel,failed-search/big-fixed/dfa/32768,failed-search,dfa,io.airlift.slice.re2.BenchmarkRe2SearchExtra.searchBigFixedDfa,textSize=32768,Search_BigFixed_CachedDFA/32768/threads:1,69512.77644197359,0.018766720057588726,14,65360.28514711883,66293.9115759185,0.014284307767295834,65825.44313652522,1.0560168398380647,3687.3333054483664,true
intel,failed-search/big-fixed/dfa/262144,failed-search,dfa,io.airlift.slice.re2.BenchmarkRe2SearchExtra.searchBigFixedDfa,textSize=262144,Search_BigFixed_CachedDFA/262144/threads:1,908001.1155072465,0.015218005035246085,14,794011.2130681727,788025.1123603219,0.0075963324187994195,791012.5001499043,1.1478973029315866,116988.61535734218,true
intel,failed-search/big-fixed/dfa/1048576,failed-search,dfa,io.airlift.slice.re2.BenchmarkRe2SearchExtra.searchBigFixedDfa,textSize=1048576,Search_BigFixed_CachedDFA/1048576/threads:1,2264371.45495716,0.04397759110914903,14,3967984.639343814,3742329.8955259062,0.06029792939625295,3853505.8765757624,0.5876133389912689,-1589134.4216186022,false
intel,failed-search/big-fixed/re2/8,failed-search,re2,io.airlift.slice.re2.BenchmarkRe2SearchExtra.searchBigFixedRe2,textSize=8,Search_BigFixed_CachedRE2/8/threads:1,18.751616366769824,0.008275458713457758,14,21.050232961606355,21.3153889950643,0.012596346745499904,21.18239608763286,0.8852452899659343,-2.430779720863036,true
intel,failed-search/big-fixed/re2/64,failed-search,re2,io.airlift.slice.re2.BenchmarkRe2SearchExtra.searchBigFixedRe2,textSize=64,Search_BigFixed_CachedRE2/64/threads:1,78.32811478690488,0.0002301083371146781,14,64.26089855223925,64.32219723784085,0.0009539033375290908,64.29154058939648,1.2183269224664284,14.0365741975084,true
intel,failed-search/big-fixed/re2/512,failed-search,re2,io.airlift.slice.re2.BenchmarkRe2SearchExtra.searchBigFixedRe2,textSize=512,Search_BigFixed_CachedRE2/512/threads:1,288.58339089038736,0.002057113880735946,14,353.50743662944035,353.2438676083968,0.0007461389855909854,353.37562754569495,0.8166476926965505,-64.79223665530759,true
intel,failed-search/big-fixed/re2/4096,failed-search,re2,io.airlift.slice.re2.BenchmarkRe2SearchExtra.searchBigFixedRe2,textSize=4096,Search_BigFixed_CachedRE2/4096/threads:1,1940.4993358931356,0.0004186085092985496,14,2673.301185132735,2671.815973458876,0.0005558809770630128,2672.5584761243645,0.7260830224030004,-732.0591402312289,true
intel,failed-search/big-fixed/re2/32768,failed-search,re2,io.airlift.slice.re2.BenchmarkRe2SearchExtra.searchBigFixedRe2,textSize=32768,Search_BigFixed_CachedRE2/32768/threads:1,15606.818214220824,0.0003949893385377619,14,21257.271562307076,21256.377335375986,4.206864212943137e-05,21256.824444139267,0.7342027147673881,-5650.006229918443,true
intel,failed-search/big-fixed/re2/262144,failed-search,re2,io.airlift.slice.re2.BenchmarkRe2SearchExtra.searchBigFixedRe2,textSize=262144,Search_BigFixed_CachedRE2/262144/threads:1,124103.49383884008,0.008964339552762641,14,170734.02684563462,170748.29103133787,8.3546238361377e-05,170741.15878952757,0.72685165497689,-46637.6649506875,true
intel,failed-search/big-fixed/re2/1048576,failed-search,re2,io.airlift.slice.re2.BenchmarkRe2SearchExtra.searchBigFixedRe2,textSize=1048576,Search_BigFixed_CachedRE2/1048576/threads:1,507249.4093786286,0.00424874307645437,14,694862.3308456114,691569.2896033607,0.004761693863154886,693213.854820455,0.7317358212784252,-185964.44544182636,true
intel,successful-search/success/dfa/8,successful-search,dfa,io.airlift.slice.re2.BenchmarkRe2SearchExtra.searchSuccessDfa,textSize=8,Search_Success_CachedDFA/8/threads:1,27.946394136491435,0.001555190987585761,14,24.98484541861699,24.94417466768772,0.0016304709003644529,24.964501760843525,1.1194452989374282,2.9818923756479094,true
intel,successful-search/success/dfa/64,successful-search,dfa,io.airlift.slice.re2.BenchmarkRe2SearchExtra.searchSuccessDfa,textSize=64,Search_Success_CachedDFA/64/threads:1,119.17776683406441,0.0002911903055971019,14,95.52890954935563,95.53060855131206,1.7785212502053053e-05,95.52975904655673,1.247545979635338,23.64800778750768,true
intel,successful-search/success/dfa/512,successful-search,dfa,io.airlift.slice.re2.BenchmarkRe2SearchExtra.searchSuccessDfa,textSize=512,Search_Success_CachedDFA/512/threads:1,541.8749086570233,0.0013313827390394265,14,671.3602399883107,671.1335304963088,0.0003378008722559577,671.2468756710932,0.8072661911688936,-129.37196701406992,true
intel,successful-search/success/dfa/4096,successful-search,dfa,io.airlift.slice.re2.BenchmarkRe2SearchExtra.searchSuccessDfa,textSize=4096,Search_Success_CachedDFA/4096/threads:1,3766.5183207557866,0.0005485368653945918,14,5273.773031036459,5273.900853297511,2.423734588128866e-05,5273.83694177973,0.714189377171893,-1507.3186210239437,true
intel,successful-search/success/dfa/32768,successful-search,dfa,io.airlift.slice.re2.BenchmarkRe2SearchExtra.searchSuccessDfa,textSize=32768,Search_Success_CachedDFA/32768/threads:1,30426.7061937211,0.0004882907590579557,14,42104.972977042875,42119.068257361876,0.00033476521470958843,42112.02002747489,0.7225183255011274,-11685.313833753793,true
intel,successful-search/success/dfa/262144,successful-search,dfa,io.airlift.slice.re2.BenchmarkRe2SearchExtra.searchSuccessDfa,textSize=262144,Search_Success_CachedDFA/262144/threads:1,242681.69990295972,0.00036621987783122626,14,336763.09661836195,336773.8669891065,3.198203975651695e-05,336768.48176067765,0.7206188020748923,-94086.78185771793,true
intel,successful-search/success/dfa/2097152,successful-search,dfa,io.airlift.slice.re2.BenchmarkRe2SearchExtra.searchSuccessDfa,textSize=2097152,Search_Success_CachedDFA/2097152/threads:1,1911005.276717557,0.0005800745667821795,14,2786470.1400005743,2774377.257425147,0.004358773682657125,2780417.1242660442,0.6873088429931216,-869411.8475484871,true
intel,successful-search/success/dfa/16777216,successful-search,dfa,io.airlift.slice.re2.BenchmarkRe2SearchExtra.searchSuccessDfa,textSize=16777216,Search_Success_CachedDFA/16777216/threads:1,15335941.43939394,0.001774850724110708,14,22125215.769235115,22140983.846139327,0.000712674491795761,22133098.403499268,0.6928962750632921,-6797156.964105329,true
intel,successful-search/success/re2/8,successful-search,re2,io.airlift.slice.re2.BenchmarkRe2SearchExtra.searchSuccessRe2,textSize=8,Search_Success_CachedRE2/8/threads:1,23.130632873251237,0.0004288527705764055,14,23.828099245515773,23.52941443156019,0.012694103154345968,23.67828588103639,0.9768710872680288,-0.5476530077851542,true
intel,successful-search/success/re2/64,successful-search,re2,io.airlift.slice.re2.BenchmarkRe2SearchExtra.searchSuccessRe2,textSize=64,Search_Success_CachedRE2/64/threads:1,125.89790820769278,0.009865474367524784,14,103.6916839742418,103.74937524472539,0.0005563731658357373,103.720525598365,1.2138186485402593,22.17738260932778,true
intel,successful-search/success/re2/512,successful-search,re2,io.airlift.slice.re2.BenchmarkRe2SearchExtra.searchSuccessRe2,textSize=512,Search_Success_CachedRE2/512/threads:1,542.0253534785684,0.001274147854068894,14,679.5919863888396,679.8122447388432,0.00032410380701223895,679.7021066419659,0.7974454517382878,-137.6767531633975,true
intel,successful-search/success/re2/4096,successful-search,re2,io.airlift.slice.re2.BenchmarkRe2SearchExtra.searchSuccessRe2,textSize=4096,Search_Success_CachedRE2/4096/threads:1,3753.17821893127,0.0007348008449727756,14,5282.617600907794,5282.850710129524,4.412759721413079e-05,5282.734154232869,0.7104613083594185,-1529.5559353015988,true
intel,successful-search/success/re2/32768,successful-search,re2,io.airlift.slice.re2.BenchmarkRe2SearchExtra.searchSuccessRe2,textSize=32768,Search_Success_CachedRE2/32768/threads:1,30350.93731375176,0.0014144205163570361,14,42102.448437271516,42116.06924130661,0.0003235157227350135,42109.258288560115,0.7207663717505385,-11758.320974808354,true
intel,successful-search/success/re2/262144,successful-search,re2,io.airlift.slice.re2.BenchmarkRe2SearchExtra.searchSuccessRe2,textSize=262144,Search_Success_CachedRE2/262144/threads:1,242692.1428918001,0.005903882525607375,14,336919.2727272589,336825.05562300945,0.0002797211866415053,336872.16088127985,0.7204280171353471,-94180.01798947976,true
intel,successful-search/success/re2/2097152,successful-search,re2,io.airlift.slice.re2.BenchmarkRe2SearchExtra.searchSuccessRe2,textSize=2097152,Search_Success_CachedRE2/2097152/threads:1,1912663.1603053436,0.0007757360201775666,14,2783098.1782181603,2772388.898994555,0.003862834405190746,2777738.3775481805,0.6885685044225041,-865075.217242837,true
intel,successful-search/success/re2/16777216,successful-search,re2,io.airlift.slice.re2.BenchmarkRe2SearchExtra.searchSuccessRe2,textSize=16777216,Search_Success_CachedRE2/16777216/threads:1,15340377.757575758,0.01722980376966452,14,22079257.916667912,22121517.384640846,0.0019139895069132753,22100377.549796253,0.6941228819738956,-6759999.792220496,true
intel,successful-search/success/one-pass/8,successful-search,one-pass,io.airlift.slice.re2.BenchmarkRe2SearchExtra.searchSuccessOnePass,textSize=8,Search_Success_CachedOnePass/8/threads:1,19.53291999328095,0.0021369608534979674,14,15.773801400705727,16.533781659215784,0.04817990535091019,16.149321604795063,1.2095195371848455,3.3835983884858862,true
intel,successful-search/success/one-pass/64,successful-search,one-pass,io.airlift.slice.re2.BenchmarkRe2SearchExtra.searchSuccessOnePass,textSize=64,Search_Success_CachedOnePass/64/threads:1,176.1294640508814,0.0024497091082436116,14,161.86508913849693,161.8209263197365,0.00027291166701876984,161.8430062227537,1.0882735569584294,14.286457828127709,true
intel,successful-search/success/one-pass/512,successful-search,one-pass,io.airlift.slice.re2.BenchmarkRe2SearchExtra.searchSuccessOnePass,textSize=512,Search_Success_CachedOnePass/512/threads:1,1490.8596522325797,0.0002775378282818916,14,1450.7761549233778,1451.1787974474678,0.0002775359401404245,1450.9774622188895,1.0274864297014654,39.882190013690206,true
intel,successful-search/success/one-pass/4096,successful-search,one-pass,io.airlift.slice.re2.BenchmarkRe2SearchExtra.searchSuccessOnePass,textSize=4096,Search_Success_CachedOnePass/4096/threads:1,12036.435151770616,0.00017101936920294077,14,11798.377509702357,11797.133886803025,0.0001054173760563282,11797.755681866121,1.0202309215702237,238.6794699044949,true
intel,successful-search/success/one-pass/32768,successful-search,one-pass,io.airlift.slice.re2.BenchmarkRe2SearchExtra.searchSuccessOnePass,textSize=32768,Search_Success_CachedOnePass/32768/threads:1,96207.70102463111,0.002536313932014029,14,93866.89734989274,93862.65246582033,4.5224420585768286e-05,93864.77488386052,1.0249606537028348,2342.9261407705926,true
intel,successful-search/success/one-pass/262144,successful-search,one-pass,io.airlift.slice.re2.BenchmarkRe2SearchExtra.searchSuccessOnePass,textSize=262144,Search_Success_CachedOnePass/262144/threads:1,768760.7480798771,0.0005540789266304248,14,746521.1711230483,746420.8026649432,0.00013446631946321656,746470.985207087,1.029860186550461,22289.762872790103,true
intel,successful-search/success/one-pass/2097152,successful-search,one-pass,io.airlift.slice.re2.BenchmarkRe2SearchExtra.searchSuccessOnePass,textSize=2097152,Search_Success_CachedOnePass/2097152/threads:1,6129646.43292683,0.0050919161556629055,14,5992940.276595173,5993409.38298794,7.827650053487049e-05,5993174.825201736,1.0227711708243885,136471.60772509407,true
intel,successful-search/success-one-byte/dfa/8,successful-search,dfa,io.airlift.slice.re2.BenchmarkRe2SearchExtra.searchSuccess1Dfa,textSize=8,Search_Success1_CachedDFA/8/threads:1,28.01470687980263,0.0003721686615772434,14,24.956510557840225,24.979952696259417,0.0009393195561078699,24.9682288758844,1.122014181264602,3.0464780039182315,true
intel,successful-search/success-one-byte/dfa/64,successful-search,dfa,io.airlift.slice.re2.BenchmarkRe2SearchExtra.searchSuccess1Dfa,textSize=64,Search_Success1_CachedDFA/64/threads:1,119.87183052584305,0.006056560521728805,14,95.60713982735773,95.6838031898283,0.0008018581311919136,95.6454638275297,1.253293420605905,24.226366698313356,true
intel,successful-search/success-one-byte/dfa/512,successful-search,dfa,io.airlift.slice.re2.BenchmarkRe2SearchExtra.searchSuccess1Dfa,textSize=512,Search_Success1_CachedDFA/512/threads:1,543.4614396366669,0.002470908226931623,14,671.2265767964478,671.1729691130407,7.987163648433442e-05,671.1997724195489,0.809686567201283,-127.73833278288203,true
intel,successful-search/success-one-byte/dfa/4096,successful-search,dfa,io.airlift.slice.re2.BenchmarkRe2SearchExtra.searchSuccess1Dfa,textSize=4096,Search_Success1_CachedDFA/4096/threads:1,3764.7103401155164,0.0003637107018685689,14,5273.277305045197,5273.730578571681,8.59567021158091e-05,5273.503936938411,0.7138916335580019,-1508.7935968228949,true
intel,successful-search/success-one-byte/dfa/32768,successful-search,dfa,io.airlift.slice.re2.BenchmarkRe2SearchExtra.searchSuccess1Dfa,textSize=32768,Search_Success1_CachedDFA/32768/threads:1,30430.834226019175,0.0005181402375463607,14,42122.31093324827,42115.948411577316,0.00015107155153619127,42119.12955227237,0.7224943760590467,-11688.295326253192,true
intel,successful-search/success-one-byte/dfa/262144,successful-search,dfa,io.airlift.slice.re2.BenchmarkRe2SearchExtra.searchSuccess1Dfa,textSize=262144,Search_Success1_CachedDFA/262144/threads:1,242674.99611838913,0.000262948904327666,14,336856.25544793403,336826.0169492018,8.977483095308279e-05,336841.13585925114,0.7204434681035832,-94166.13974086201,true
intel,successful-search/success-one-byte/dfa/2097152,successful-search,dfa,io.airlift.slice.re2.BenchmarkRe2SearchExtra.searchSuccess1Dfa,textSize=2097152,Search_Success1_CachedDFA/2097152/threads:1,1909539.8759541984,0.0004106058523348726,14,2778347.3711343906,2763607.5200007325,0.005333554430932428,2770967.64471209,0.6891238443719194,-861427.7687578916,true
intel,successful-search/success-one-byte/dfa/16777216,successful-search,dfa,io.airlift.slice.re2.BenchmarkRe2SearchExtra.searchSuccess1Dfa,textSize=16777216,Search_Success1_CachedDFA/16777216/threads:1,15362826.848484848,0.0017452055273942276,14,22110134.7499939,22163803.66667181,0.00242734462203682,22136952.943946976,0.6939901298695034,-6774126.0954621285,true
intel,successful-search/success-one-byte/re2/8,successful-search,re2,io.airlift.slice.re2.BenchmarkRe2SearchExtra.searchSuccess1Re2,textSize=8,Search_Success1_CachedRE2/8/threads:1,30.017311257630176,0.0008364500718595439,14,32.32897414722642,32.46602299174266,0.004239195586353037,32.39742610090047,0.9265338290808189,-2.3801148432702917,true
intel,successful-search/success-one-byte/re2/64,successful-search,re2,io.airlift.slice.re2.BenchmarkRe2SearchExtra.searchSuccess1Re2,textSize=64,Search_Success1_CachedRE2/64/threads:1,124.45533433696129,0.00020916608905658253,14,103.71391476181364,103.58297501951165,0.0012641048616080534,103.64842421353401,1.2007450695107662,20.806910123427272,true
intel,successful-search/success-one-byte/re2/512,successful-search,re2,io.airlift.slice.re2.BenchmarkRe2SearchExtra.searchSuccess1Re2,textSize=512,Search_Success1_CachedRE2/512/threads:1,540.5409630501866,0.0013504288434985012,14,679.0316111396871,679.162205896261,0.00019232500288850703,679.0969053786963,0.7959702934425178,-138.55594232850967,true
intel,successful-search/success-one-byte/re2/4096,successful-search,re2,io.airlift.slice.re2.BenchmarkRe2SearchExtra.searchSuccess1Re2,textSize=4096,Search_Success1_CachedRE2/4096/threads:1,3749.3911422639667,0.0002225858267578309,14,5281.103591184578,5281.762834926346,0.00012483067797950477,5281.433202769374,0.7099192583365317,-1532.0420605054069,true
intel,successful-search/success-one-byte/re2/32768,successful-search,re2,io.airlift.slice.re2.BenchmarkRe2SearchExtra.searchSuccess1Re2,textSize=32768,Search_Success1_CachedRE2/32768/threads:1,30325.29164315843,0.0005215047559911058,14,42119.10424826478,42108.71736835961,0.0002466681617088466,42113.91048808762,0.7200777912024169,-11788.618844929188,true
intel,successful-search/success-one-byte/re2/262144,successful-search,re2,io.airlift.slice.re2.BenchmarkRe2SearchExtra.searchSuccess1Re2,textSize=262144,Search_Success1_CachedRE2/262144/threads:1,242662.5431829209,0.0005227335395336808,14,336959.5558281734,336897.77173982153,0.00018339120509112372,336928.662367795,0.7202193528968094,-94266.11918487411,true
intel,successful-search/success-one-byte/re2/2097152,successful-search,re2,io.airlift.slice.re2.BenchmarkRe2SearchExtra.searchSuccess1Re2,textSize=2097152,Search_Success1_CachedRE2/2097152/threads:1,1912282.0553435115,0.0006884959090387199,14,2780655.2121222867,2770046.386139806,0.0038298369426458196,2775345.730074031,0.689024806755338,-863063.6747305193,true
intel,successful-search/success-one-byte/re2/16777216,successful-search,re2,io.airlift.slice.re2.BenchmarkRe2SearchExtra.searchSuccess1Re2,textSize=16777216,Search_Success1_CachedRE2/16777216/threads:1,15389214.40909091,0.0044499473695601074,14,22107602.833339494,22113570.416649964,0.0002699335317111151,22110586.423665546,0.6960111375707081,-6721372.014574636,true
intel,successful-search/success-one-byte/bit-state/8,successful-search,bit-state,io.airlift.slice.re2.BenchmarkRe2SearchExtra.searchSuccess1BitState,textSize=8,Search_Success1_CachedBitState/8/threads:1,114.11619821676531,0.04301960028591407,14,110.6838131982931,110.75557832305586,0.0006483795840516776,110.7196899461791,1.0306766418171625,3.39650827058621,true
intel,successful-search/success-one-byte/bit-state/64,successful-search,bit-state,io.airlift.slice.re2.BenchmarkRe2SearchExtra.searchSuccess1BitState,textSize=64,Search_Success1_CachedBitState/64/threads:1,490.710565268065,0.0035025804575497246,14,453.6993520996678,453.00301615937633,0.001537155196438008,453.35105043520565,1.082407473848346,37.35951483285936,true
intel,successful-search/success-one-byte/bit-state/512,successful-search,bit-state,io.airlift.slice.re2.BenchmarkRe2SearchExtra.searchSuccess1BitState,textSize=512,Search_Success1_CachedBitState/512/threads:1,3524.3773492636537,0.004708178279391163,14,3369.7924163040043,3140.9444338509525,0.072859608717265,3253.3568407451426,1.0833048822447762,271.0205085185112,false
intel,successful-search/success-one-byte/bit-state/4096,successful-search,bit-state,io.airlift.slice.re2.BenchmarkRe2SearchExtra.searchSuccess1BitState,textSize=4096,Search_Success1_CachedBitState/4096/threads:1,31232.782593372882,0.021038940125001963,14,24539.609518704256,24870.0047131072,0.01346375108989056,24704.254783093238,1.2642673445364379,6528.527810279644,true
intel,successful-search/success-one-byte/bit-state/32768,successful-search,bit-state,io.airlift.slice.re2.BenchmarkRe2SearchExtra.searchSuccess1BitState,textSize=32768,Search_Success1_CachedBitState/32768/threads:1,263117.0422070653,0.024532971134611843,14,197378.17599411053,194736.12246392935,0.013567352049286897,196052.6986605798,1.3420730446694435,67064.34354648547,true
intel,successful-search/success-one-byte/bit-state/262144,successful-search,bit-state,io.airlift.slice.re2.BenchmarkRe2SearchExtra.searchSuccess1BitState,textSize=262144,Search_Success1_CachedBitState/262144/threads:1,2013194.338491061,0.003150147106056921,14,1508957.8270270657,1533316.4999971744,0.016142712893507376,1521088.4043935388,1.3235222441221133,492105.9340975222,true
intel,successful-search/success-one-byte/bit-state/2097152,successful-search,bit-state,io.airlift.slice.re2.BenchmarkRe2SearchExtra.searchSuccess1BitState,textSize=2097152,Search_Success1_CachedBitState/2097152/threads:1,15743062.546875,0.0006552522358130322,14,12115667.347826352,12158970.956514405,0.0035741827044980527,12137299.83979182,1.297081126336006,3605762.7070831805,true
intel,successful-search/alternate-match/dfa/8,successful-search,dfa,io.airlift.slice.re2.BenchmarkRe2SearchExtra.searchAltMatchDfa,textSize=8,Search_AltMatch_CachedDFA/8/threads:1,17.74752152716063,0.0003464222478592136,14,21.066425536578034,21.063301350697394,0.00014832365680116427,21.064863385718173,0.8425177606038177,-3.317341858557544,true
intel,successful-search/alternate-match/dfa/64,successful-search,dfa,io.airlift.slice.re2.BenchmarkRe2SearchExtra.searchAltMatchDfa,textSize=64,Search_AltMatch_CachedDFA/64/threads:1,17.747963919652136,0.0004189814463041427,14,21.062514792411783,21.063776900264493,5.9921992466213756e-05,21.063145836884917,0.8426074650526623,-3.315181917232781,true
intel,successful-search/alternate-match/dfa/512,successful-search,dfa,io.airlift.slice.re2.BenchmarkRe2SearchExtra.searchAltMatchDfa,textSize=512,Search_AltMatch_CachedDFA/512/threads:1,19.443042080594104,0.0032416828183934082,14,21.06898394604415,21.064832299631604,0.0001970889847823602,21.06690802056748,0.9229186391098301,-1.6238659399733777,true
intel,successful-search/alternate-match/dfa/4096,successful-search,dfa,io.airlift.slice.re2.BenchmarkRe2SearchExtra.searchAltMatchDfa,textSize=4096,Search_AltMatch_CachedDFA/4096/threads:1,19.62110042948897,0.003498107900373429,14,21.062112551389717,21.06645832841682,0.0002063314881876823,21.064285327831,0.9314866431079322,-1.4431848983420323,true
intel,successful-search/alternate-match/dfa/32768,successful-search,dfa,io.airlift.slice.re2.BenchmarkRe2SearchExtra.searchAltMatchDfa,textSize=32768,Search_AltMatch_CachedDFA/32768/threads:1,19.574995326673886,0.005430306561004076,14,21.070906162803148,21.070208869199316,3.309381545101583e-05,21.070557513116764,0.9290212332771989,-1.4955621864428785,true
intel,successful-search/alternate-match/dfa/262144,successful-search,dfa,io.airlift.slice.re2.BenchmarkRe2SearchExtra.searchAltMatchDfa,textSize=262144,Search_AltMatch_CachedDFA/262144/threads:1,19.444906380021337,0.003401903468074115,14,21.06981759908576,21.065459662058082,0.00020687595227398075,21.06763851788953,0.9229751290591846,-1.6227321378681943,true
intel,successful-search/alternate-match/dfa/2097152,successful-search,dfa,io.airlift.slice.re2.BenchmarkRe2SearchExtra.searchAltMatchDfa,textSize=2097152,Search_AltMatch_CachedDFA/2097152/threads:1,19.441784228575926,0.0036020601620228997,14,21.07322194565249,21.065534824477606,0.00036491459813086096,21.06937803448617,0.9227507426538072,-1.6275938059102444,true
intel,successful-search/alternate-match/dfa/16777216,successful-search,dfa,io.airlift.slice.re2.BenchmarkRe2SearchExtra.searchAltMatchDfa,textSize=16777216,Search_AltMatch_CachedDFA/16777216/threads:1,19.45169088547624,0.005363576416002709,14,21.070855375505232,21.069735720859576,5.314042190607602e-05,21.070295540745235,0.9231807331729649,-1.6186046552689959,true
intel,successful-search/alternate-match/re2/8,successful-search,re2,io.airlift.slice.re2.BenchmarkRe2SearchExtra.searchAltMatchRe2,textSize=8,Search_AltMatch_CachedRE2/8/threads:1,5.142749998887858,0.0005196504481918547,14,22.998267914320977,22.992942636841317,0.0002316048695362328,22.995605121428973,0.22364055965178628,-17.852855122541115,true
intel,successful-search/alternate-match/re2/64,successful-search,re2,io.airlift.slice.re2.BenchmarkRe2SearchExtra.searchAltMatchRe2,textSize=64,Search_AltMatch_CachedRE2/64/threads:1,19.79619625224244,0.005821314039345502,14,29.033810493873823,29.028617624175716,0.00017888794310969055,29.031213942917432,0.6818935057681939,-9.235017690674994,true
intel,successful-search/alternate-match/re2/512,successful-search,re2,io.airlift.slice.re2.BenchmarkRe2SearchExtra.searchAltMatchRe2,textSize=512,Search_AltMatch_CachedRE2/512/threads:1,21.339157662400574,0.0002859972601692315,14,29.029208343234195,29.02623816600966,0.00010232732218172459,29.027723216632584,0.735130258172417,-7.68856555423201,true
intel,successful-search/alternate-match/re2/4096,successful-search,re2,io.airlift.slice.re2.BenchmarkRe2SearchExtra.searchAltMatchRe2,textSize=4096,Search_AltMatch_CachedRE2/4096/threads:1,23.846014616846325,0.0015693884703663413,14,29.02885739686952,29.030798179851512,6.685702283971359e-05,29.029827772141687,0.8214314877792703,-5.183813155295361,true
intel,successful-search/alternate-match/re2/32768,successful-search,re2,io.airlift.slice.re2.BenchmarkRe2SearchExtra.searchAltMatchRe2,textSize=32768,Search_AltMatch_CachedRE2/32768/threads:1,23.866950943969442,0.017934457204316506,14,29.036045496602505,29.030649621389376,0.0001858682214659458,29.033347433642373,0.8220530201871806,-5.16639648967293,true
intel,successful-search/alternate-match/re2/262144,successful-search,re2,io.airlift.slice.re2.BenchmarkRe2SearchExtra.searchAltMatchRe2,textSize=262144,Search_AltMatch_CachedRE2/262144/threads:1,21.081621620018197,0.0006203947286483657,14,29.286208116988554,29.282864885633977,0.0001141702277982214,29.284536453601802,0.7198892034169555,-8.202914833583606,true
intel,successful-search/alternate-match/re2/2097152,successful-search,re2,io.airlift.slice.re2.BenchmarkRe2SearchExtra.searchAltMatchRe2,textSize=2097152,Search_AltMatch_CachedRE2/2097152/threads:1,21.083454796609903,0.00016589297723185306,14,29.282510201214166,29.282344278696662,5.666298979482956e-06,29.282427239837894,0.7200036603497976,-8.19897244322799,true
intel,successful-search/alternate-match/re2/16777216,successful-search,re2,io.airlift.slice.re2.BenchmarkRe2SearchExtra.searchAltMatchRe2,textSize=16777216,Search_AltMatch_CachedRE2/16777216/threads:1,21.08757552548245,0.0004627993932690901,14,29.28476982125509,29.28324043236529,5.2227447072752076e-05,29.28400511682594,0.7201055812330123,-8.196429591343492,true
intel,successful-search/alternate-match/one-pass/8,successful-search,one-pass,io.airlift.slice.re2.BenchmarkRe2SearchExtra.searchAltMatchOnePass,textSize=8,Search_AltMatch_CachedOnePass/8/threads:1,2.5700604401704723,0.000247969412370927,14,20.14993683182308,19.689479146765205,0.023385975912599194,19.91837747053752,0.12902960815819484,-17.34831703036705,true
intel,successful-search/alternate-match/one-pass/64,successful-search,one-pass,io.airlift.slice.re2.BenchmarkRe2SearchExtra.searchAltMatchOnePass,textSize=64,Search_AltMatch_CachedOnePass/64/threads:1,2.5702115448541103,0.00024823083763133035,14,184.2476700177675,183.78718781006643,0.002505518546684247,184.01728487596642,0.013967228929535155,-181.4470733311123,true
intel,successful-search/alternate-match/one-pass/512,successful-search,one-pass,io.airlift.slice.re2.BenchmarkRe2SearchExtra.searchAltMatchOnePass,textSize=512,Search_AltMatch_CachedOnePass/512/threads:1,2.5699843720350772,0.0001802842843375646,14,1496.4569320555777,1499.0439092184456,0.0017287347917954283,1497.7498620950146,0.0017158969178206088,-1495.1798777229794,true
intel,successful-search/alternate-match/one-pass/4096,successful-search,one-pass,io.airlift.slice.re2.BenchmarkRe2SearchExtra.searchAltMatchOnePass,textSize=4096,Search_AltMatch_CachedOnePass/4096/threads:1,2.569877776072616,0.00015632653182222385,14,12175.059985244281,12177.704200284605,0.00021718291684215976,12176.382020987445,0.00021105429935124617,-12173.812143211373,true
intel,successful-search/alternate-match/one-pass/32768,successful-search,one-pass,io.airlift.slice.re2.BenchmarkRe2SearchExtra.searchAltMatchOnePass,textSize=32768,Search_AltMatch_CachedOnePass/32768/threads:1,2.5701111770952263,0.0006603018699685604,14,95597.69391245449,95609.31108829143,0.00012152150707300741,95603.50232391659,2.6883023264015673e-05,-95600.9322127395,true
intel,successful-search/alternate-match/one-pass/262144,successful-search,one-pass,io.airlift.slice.re2.BenchmarkRe2SearchExtra.searchAltMatchOnePass,textSize=262144,Search_AltMatch_CachedOnePass/262144/threads:1,2.570477858165621,0.0035649758336080443,14,762774.607629427,761746.9318797913,0.001349103890841594,762260.596566245,3.3721772707980075e-06,-762258.0260883868,true
intel,successful-search/alternate-match/one-pass/2097152,successful-search,one-pass,io.airlift.slice.re2.BenchmarkRe2SearchExtra.searchAltMatchOnePass,textSize=2097152,Search_AltMatch_CachedOnePass/2097152/threads:1,2.5698257460667824,0.000218132250499495,14,6217312.311110213,6251922.355558135,0.0055667212319499785,6234593.31707504,4.121881918149581e-07,-6234590.747249294,true
intel,successful-search/alternate-match/one-pass/16777216,successful-search,one-pass,io.airlift.slice.re2.BenchmarkRe2SearchExtra.searchAltMatchOnePass,textSize=16777216,Search_AltMatch_CachedOnePass/16777216/threads:1,2.5699898243071075,0.0002667322367679459,14,49735485.99999352,49698316.50002258,0.0007479025968800853,49716897.77641119,5.169248161590789e-08,-49716895.20642137,true
intel,successful-search/alternate-match/bit-state/8,successful-search,bit-state,io.airlift.slice.re2.BenchmarkRe2SearchExtra.searchAltMatchBitState,textSize=8,Search_AltMatch_CachedBitState/8/threads:1,53.66239809713829,0.04718393725637449,14,53.345552072815224,52.86519672610841,0.009086419354410227,53.104831275433284,1.0104993615140803,0.5575668217050094,true
intel,successful-search/alternate-match/bit-state/64,successful-search,bit-state,io.airlift.slice.re2.BenchmarkRe2SearchExtra.searchAltMatchBitState,textSize=64,Search_AltMatch_CachedBitState/64/threads:1,55.488182595008624,0.019777816391314616,14,52.8374832316325,52.8168231629351,0.00039116454682746135,52.827152187295525,1.050372399372932,2.661030407713099,true
intel,successful-search/alternate-match/bit-state/512,successful-search,bit-state,io.airlift.slice.re2.BenchmarkRe2SearchExtra.searchAltMatchBitState,textSize=512,Search_AltMatch_CachedBitState/512/threads:1,79.27108236681798,0.008155975880756937,14,52.90893961991075,52.74446742641968,0.0031182833293465174,52.826639514063245,1.5005891553202968,26.444442852754733,true
intel,successful-search/alternate-match/bit-state/4096,successful-search,bit-state,io.airlift.slice.re2.BenchmarkRe2SearchExtra.searchAltMatchBitState,textSize=4096,Search_AltMatch_CachedBitState/4096/threads:1,219.41052209389215,0.007399958782206046,14,75.1774381925495,76.1703901284557,0.013208110834569492,75.67228552108335,2.899483220085395,143.7382365728088,true
intel,successful-search/alternate-match/bit-state/32768,successful-search,bit-state,io.airlift.slice.re2.BenchmarkRe2SearchExtra.searchAltMatchBitState,textSize=32768,Search_AltMatch_CachedBitState/32768/threads:1,1031.1091037228052,0.003531492016751842,14,108.12793798953001,108.24609100639755,0.0010927149732475126,108.18699836832879,9.53080424888336,922.9221053544765,true
intel,successful-search/alternate-match/bit-state/262144,successful-search,bit-state,io.airlift.slice.re2.BenchmarkRe2SearchExtra.searchAltMatchBitState,textSize=262144,Search_AltMatch_CachedBitState/262144/threads:1,7590.080274824042,0.005136604484044148,14,1620.1481207139057,1613.732260313979,0.003975789886408046,1616.9370083225556,4.6941100585595175,5973.143266501486,true
intel,successful-search/alternate-match/bit-state/2097152,successful-search,bit-state,io.airlift.slice.re2.BenchmarkRe2SearchExtra.searchAltMatchBitState,textSize=2097152,Search_AltMatch_CachedBitState/2097152/threads:1,61403.311969923736,0.0034532174713358503,14,12505.551485372482,12507.47453537559,0.00015377570556224015,12506.512973412082,4.909706814398436,48896.79899651166,true
intel,successful-search/alternate-match/bit-state/16777216,successful-search,bit-state,io.airlift.slice.re2.BenchmarkRe2SearchExtra.searchAltMatchBitState,textSize=16777216,Search_AltMatch_CachedBitState/16777216/threads:1,544121.0760290013,0.00869045944783166,14,211311.64236904652,211036.42792506848,0.0013041087109177069,211173.99031259303,2.5766481716027574,332947.0857164082,true
intel,capture/digits/nfa,capture,nfa,io.airlift.slice.re2.BenchmarkRe2Parse.parse3DigitsNfa,,Parse_CachedDigits_NFA/threads:1,444.7868060208291,0.007726027294031969,14,434.7640819146628,431.0548014000516,0.008605125154768299,432.90546887929327,1.0274455695195865,11.881337141535823,true
intel,capture/digits/one-pass,capture,one-pass,io.airlift.slice.re2.BenchmarkRe2Parse.parse3DigitsOnePass,,Parse_CachedDigits_OnePass/threads:1,34.30172185534181,0.0011057001175870179,14,40.26375016997287,39.986261565056296,0.006939598603513175,40.12476599167421,0.854876558344523,-5.823044136332399,true
intel,capture/digits/bit-state,capture,bit-state,io.airlift.slice.re2.BenchmarkRe2Parse.parse3DigitsBitState,,Parse_CachedDigits_BitState/threads:1,189.0748423290799,0.015248117962738362,14,161.61551082495106,158.42532169952523,0.020136863799313922,160.01246605835425,1.181625700713387,29.06237627072565,true
intel,capture/digits/backtrack,capture,backtrack,io.airlift.slice.re2.BenchmarkRe2Parse.parse3DigitsBacktrack,,Parse_CachedDigits_Backtrack/threads:1,298.47926926916296,0.004520733731326837,14,247.73954202151268,251.69152405460358,0.01595216492629072,249.7077149388541,1.1953145674423857,48.771554330308845,true
intel,capture/digits/re2,capture,re2,io.airlift.slice.re2.BenchmarkRe2Parse.parse3DigitsRe2,,Parse_CachedDigits_RE2/threads:1,43.64467641216583,0.0007625646340278013,14,59.010877107806664,59.17031125372345,0.0027017755663165995,59.090540408970234,0.7386068245458177,-15.445863996804405,true
intel,capture/digit-classes/nfa,capture,nfa,io.airlift.slice.re2.BenchmarkRe2Parse.parse3DigitDsNfa,,Parse_CachedDigitDs_NFA/threads:1,440.13604950331427,0.004965081524440321,14,433.8878980220662,432.9048010746769,0.0022709310336794185,433.396070796624,1.0155515454819457,6.7399787066902945,true
intel,capture/digit-classes/one-pass,capture,one-pass,io.airlift.slice.re2.BenchmarkRe2Parse.parse3DigitDsOnePass,,Parse_CachedDigitDs_OnePass/threads:1,34.27733381318073,0.017032885341070222,14,40.02153697931771,39.958597288591534,0.0015751226268431785,39.99005475148828,0.8571464586930844,-5.712720938307548,true
intel,capture/digit-classes/bit-state,capture,bit-state,io.airlift.slice.re2.BenchmarkRe2Parse.parse3DigitDsBitState,,Parse_CachedDigitDs_BitState/threads:1,189.32379642679547,0.012833064663241214,14,161.80182821182865,159.32511712283556,0.015545013452484107,160.5586971501031,1.1791562823270823,28.765099276692382,true
intel,capture/digit-classes/backtrack,capture,backtrack,io.airlift.slice.re2.BenchmarkRe2Parse.parse3DigitDsBacktrack,,Parse_CachedDigitDs_Backtrack/threads:1,298.1985705637387,0.0034243256273625336,14,247.69731928087805,248.94882120596913,0.005052545294896502,248.32228182515794,1.200853054232557,49.87628873858077,true
intel,capture/digit-classes/re2,capture,re2,io.airlift.slice.re2.BenchmarkRe2Parse.parse3DigitDsRe2,,Parse_CachedDigitDs_RE2/threads:1,43.66009035187564,0.00032721933082028714,14,59.03047449577805,59.10259974874659,0.0012218308184817083,59.06652611337968,0.7391680741147533,-15.406435761504042,true
intel,capture/split/nfa,capture,nfa,io.airlift.slice.re2.BenchmarkRe2Parse.parse1SplitNfa,,Parse_CachedSplit_NFA/threads:1,470.1404965398767,0.0038253555314269596,14,479.93060533789355,477.3582379484271,0.005388756671555321,478.6426935633916,0.9822368603180425,-8.502197023514896,true
intel,capture/split/one-pass,capture,one-pass,io.airlift.slice.re2.BenchmarkRe2Parse.parse1SplitOnePass,,Parse_CachedSplit_OnePass/threads:1,30.499325165937904,0.0020606843447869023,14,27.59118792277267,27.595460882815452,0.0001548668384537584,27.59332432008299,1.1053153586043225,2.9060008458549156,true
intel,capture/split/bit-state,capture,bit-state,io.airlift.slice.re2.BenchmarkRe2Parse.parse1SplitBitState,,Parse_CachedSplit_BitState/threads:1,156.7558664551437,0.008072242845680531,14,146.05688497106914,145.09501377423425,0.006629250529115698,145.57515494307063,1.0768037067619503,11.18071151207306,true
intel,capture/split/re2,capture,re2,io.airlift.slice.re2.BenchmarkRe2Parse.parse1SplitRe2,,Parse_CachedSplit_RE2/threads:1,40.05935289435118,0.000420099877220834,14,38.81877269490897,38.85146468294336,0.0008421695423326472,38.83511524885,1.0315239864142653,1.2242376455011765,true
intel,capture/split-hard/nfa,capture,nfa,io.airlift.slice.re2.BenchmarkRe2Parse.parseSplitHardNfa,,Parse_CachedSplitHard_NFA/threads:1,570.6119888947667,0.004084950675344621,14,569.5561305002595,576.0226735163076,0.011353653608061882,572.7802763786149,0.9962144515562632,-2.1682874838481894,true
intel,capture/split-hard/bit-state,capture,bit-state,io.airlift.slice.re2.BenchmarkRe2Parse.parseSplitHardBitState,,Parse_CachedSplitHard_BitState/threads:1,170.87466385094126,0.0031774934316091807,14,145.19286127991433,144.68602239908742,0.003503025879230347,144.93922029365714,1.1789401343869317,25.935443557284117,true
intel,capture/split-hard/backtrack,capture,backtrack,io.airlift.slice.re2.BenchmarkRe2Parse.parseSplitHardBacktrack,,Parse_CachedSplitHard_Backtrack/threads:1,637.7776329525452,0.002929277285407468,14,367.91801647574647,367.982466135324,0.00017517396999167627,367.950239894421,1.7333257701790004,269.82739305812424,true
intel,capture/split-hard/re2,capture,re2,io.airlift.slice.re2.BenchmarkRe2Parse.parseSplitHardRe2,,Parse_CachedSplitHard_RE2/threads:1,179.70676634988402,0.002605232523169519,14,156.24196744763555,204.15862200025006,0.3066823551660265,178.60051728009412,1.0061939858105506,1.1062490697898966,false
intel,capture/splitbig1/re2,capture,re2,io.airlift.slice.re2.BenchmarkRe2Parse.parseSplitBig1Re2,,Parse_CachedSplitBig1_RE2/threads:1,274488.4427730104,0.012748734994247805,14,257409.10000001377,257222.21091585816,0.0007265666658030078,257315.638490677,1.0667382844784057,17172.80428233341,true
intel,capture/splitbig2/re2,capture,re2,io.airlift.slice.re2.BenchmarkRe2Parse.parseSplitBig2Re2,,Parse_CachedSplitBig2_RE2/threads:1,4997677.445544555,0.006475235140288615,14,2499464.870370334,2566718.523805667,0.026907220914598615,2532868.488962873,1.973129464605934,2464808.956581682,true
intel,successful-search/phone/re2/8,successful-search,re2,io.airlift.slice.re2.BenchmarkRe2Parse.searchPhoneRe2,textSize=8,SearchPhone_CachedRE2/8/threads:1,44.826645781297216,0.0018996446624262543,14,129.7450758766407,131.44795082568436,0.01312477516035155,130.59373780433484,0.343252643924319,-85.76709202303762,true
intel,successful-search/phone/re2/64,successful-search,re2,io.airlift.slice.re2.BenchmarkRe2Parse.searchPhoneRe2,textSize=64,SearchPhone_CachedRE2/64/threads:1,78.37910949716495,0.0027462121027487765,14,199.8383556372947,199.89751266865102,0.00029602441016716736,199.86793196430614,0.392154502860231,-121.48882246714119,true
intel,successful-search/phone/re2/512,successful-search,re2,io.airlift.slice.re2.BenchmarkRe2Parse.searchPhoneRe2,textSize=512,SearchPhone_CachedRE2/512/threads:1,404.01772377309925,0.00039693924740983184,14,775.8816082673559,775.8250105724709,7.29516245464124e-05,775.8533089038204,0.5207398346266301,-371.8355851307212,true
intel,successful-search/phone/re2/4096,successful-search,re2,io.airlift.slice.re2.BenchmarkRe2Parse.searchPhoneRe2,textSize=4096,SearchPhone_CachedRE2/4096/threads:1,2115.943770582032,0.0005024128265775463,14,5398.709923073233,5397.980764399353,0.0001350798948171739,5398.345331425289,0.3919615438946684,-3282.4015608432574,true
intel,successful-search/phone/re2/32768,successful-search,re2,io.airlift.slice.re2.BenchmarkRe2Parse.searchPhoneRe2,textSize=32768,SearchPhone_CachedRE2/32768/threads:1,16741.51899034593,0.0016332487780708301,14,42254.434005146395,42361.897634104535,0.002543250938944085,42308.131699627644,0.39570452104112347,-25566.612709281715,true
intel,successful-search/phone/re2/262144,successful-search,re2,io.airlift.slice.re2.BenchmarkRe2Parse.searchPhoneRe2,textSize=262144,SearchPhone_CachedRE2/262144/threads:1,240433.59504487188,0.006444382780713276,14,337472.54358348215,337541.2227600921,0.0002035104126714643,337506.8814248489,0.712381312137507,-97073.28637997704,true
intel,successful-search/phone/re2/2097152,successful-search,re2,io.airlift.slice.re2.BenchmarkRe2Parse.searchPhoneRe2,textSize=2097152,SearchPhone_CachedRE2/2097152/threads:1,1913161.4103053436,0.0006206312227711435,14,2727231.7352941064,2761009.5346449944,0.012385379252432828,2744068.662467002,0.6971988115579268,-830907.2521616584,true
intel,successful-search/phone/re2/16777216,successful-search,re2,io.airlift.slice.re2.BenchmarkRe2Parse.searchPhoneRe2,textSize=16777216,SearchPhone_CachedRE2/16777216/threads:1,15422315.90909091,0.004162970486310613,14,22185843.923081778,22015350.769204535,0.007744285142880043,22100432.938688558,0.6978286783736678,-6678117.0295976475,true
intel,compile/parse/compile,compile,compile,io.airlift.slice.re2.BenchmarkRe2Practical.compilePhaseParse,,BM_Regexp_Parse/threads:1,463.90631831743127,0.01398452059596486,14,682.6712912040646,681.8995257843177,0.001131787588294923,682.2852993716187,0.6799301095079824,-218.37898105418748,true
intel,compile/simplify/compile,compile,compile,io.airlift.slice.re2.BenchmarkRe2Practical.compilePhaseSimplify,,BM_Regexp_Simplify/threads:1,917.640484634782,0.04936676680664196,14,903.2551833616701,906.2864537231957,0.003355940178769866,904.769549076417,1.0142256506880714,12.870935558364977,true
intel,compile/compile-to-program/compile,compile,compile,io.airlift.slice.re2.BenchmarkRe2Practical.compilePhaseCompileToProg,,BM_CompileToProg/threads:1,5527.707927615213,0.005111853161487351,14,2949.882086587951,3031.626963274638,0.027711235326439432,2990.475225140794,1.8484379610116863,2537.2327024744186,true
intel,compile/simplify-compile/compile,compile,compile,io.airlift.slice.re2.BenchmarkRe2Practical.compilePhaseSimplifyCompile,,BM_Regexp_SimplifyCompile/threads:1,6778.248891619116,0.012427197294125218,14,3978.891526227416,4146.634506145263,0.04215821889391706,4061.8972043693566,1.6687396432208568,2716.3516872497594,true
intel,compile/re2/compile,compile,compile,io.airlift.slice.re2.BenchmarkRe2Practical.compilePhaseRe2Compile,,BM_RE2_Compile/threads:1,6549.588863620217,0.01429123650565163,14,4341.075903690815,4535.202253457276,0.044718487783504006,4437.077554071786,1.4761042113428549,2112.511309548431,true
intel,practical/empty/re2,practical,re2,io.airlift.slice.re2.BenchmarkRe2Practical.emptyPartialMatch,,EmptyPartialMatchRE2/threads:1,20.66104977921515,0.0005357640538832511,14,28.268538033310115,28.27213200844846,0.00012713692990096843,28.27033496376705,0.7308385205090633,-7.609285184551897,true
intel,practical/simple/re2,practical,re2,io.airlift.slice.re2.BenchmarkRe2Practical.simplePartialMatch,,SimplePartialMatchRE2/threads:1,32.138243931373665,0.0013492131872168884,14,36.80027244882155,36.71655538998924,0.002280090219333013,36.758390086262644,0.874310432419737,-4.620146154888978,true
intel,practical/http/re2,practical,re2,io.airlift.slice.re2.BenchmarkRe2Practical.httpPartialMatch,,HTTPPartialMatchRE2/threads:1,318.2980455423107,0.003202021571229888,14,288.64580986084366,289.02936262615566,0.0013288007385138033,288.8375225776425,1.1019968690416562,29.4605229646682,true
intel,practical/small-http/re2,practical,re2,io.airlift.slice.re2.BenchmarkRe2Practical.smallHttpPartialMatch,,SmallHTTPPartialMatchRE2/threads:1,74.8939077977039,0.0042582332209394405,14,44.50412268351652,44.47859568883481,0.0005739163812701072,44.49135735540593,1.6833360960295338,30.402550442297972,true
intel,practical/dot/re2,practical,re2,io.airlift.slice.re2.BenchmarkRe2Misc.dotMatch,,DotMatchRE2/threads:1,21.370600397989357,0.0005550951900954505,14,296.6941421810029,296.81716849116697,0.00041465702443493533,296.75564896069125,0.07201413173711865,-275.3850485627019,true
intel,practical/ascii/re2,practical,re2,io.airlift.slice.re2.BenchmarkRe2Misc.asciiMatch,,ASCIIMatchRE2/threads:1,21.39003888734993,0.0012405922655149846,14,296.78373795822023,296.74193155887497,0.00014088470451627898,296.7628340223642,0.0720778899346202,-275.37279513501426,true
intel,practical/possible-trivial/re2,practical,re2,io.airlift.slice.re2.BenchmarkRe2Misc.possibleMatchRangeTrivial,,PossibleMatchRange_Trivial,5783.802744451908,0.008117670491032736,14,484.5486891516336,485.1961717896547,0.0013362591882247552,484.87232239226444,11.928506696187084,5298.930422059644,true
intel,practical/possible-complex/re2,practical,re2,io.airlift.slice.re2.BenchmarkRe2Misc.possibleMatchRangeComplex,,PossibleMatchRange_Complex,35938.85036967363,0.021062915830977105,14,1205.7061225906048,1203.5997560442017,0.0017500556441834873,1204.6524789378273,29.83337601343902,34734.1978907358,true
intel,practical/possible-prefix/re2,practical,re2,io.airlift.slice.re2.BenchmarkRe2Misc.possibleMatchRangePrefix,,PossibleMatchRange_Prefix,101957.35683277028,0.013950573775603761,14,37.9675784652605,37.619946511301535,0.009240628607872513,37.79336279066397,2697.7582650559116,101919.56346997962,true
intel,practical/possible-no-program/re2,practical,re2,io.airlift.slice.re2.BenchmarkRe2Misc.possibleMatchRangeNoProg,,PossibleMatchRange_NoProg,99928.94228050593,0.011312840897442993,14,37.7830073031746,37.65089294531237,0.003508930267712998,37.716892278179316,2649.447932864784,99891.22538822774,true
intel,full-match/dot-star/re2/8,full-match,re2,io.airlift.slice.re2.BenchmarkRe2FullMatch.fullMatchDotStarLatin1,textSize=8,FullMatch_DotStar_CachedRE2/8,2.8342525904389655,0.0019818019999636874,14,29.03094947296453,30.307729550356594,0.04397996278354877,29.662470652605396,0.09555011865439535,-26.82821806216643,true
intel,full-match/dot-star/re2/64,full-match,re2,io.airlift.slice.re2.BenchmarkRe2FullMatch.fullMatchDotStarLatin1,textSize=64,FullMatch_DotStar_CachedRE2/64,2.834557374130061,0.0018372670747270846,14,29.027990638096316,30.311801827616158,0.04422666403354039,29.662951634587422,0.09555884421241906,-26.82839426045736,true
intel,full-match/dot-star/re2/512,full-match,re2,io.airlift.slice.re2.BenchmarkRe2FullMatch.fullMatchDotStarLatin1,textSize=512,FullMatch_DotStar_CachedRE2/512,2.832941116696511,0.0019909285095162923,14,29.032310876370918,30.309002603891734,0.043974857287709126,29.663789136739098,0.09550166041289264,-26.830848020042588,true
intel,full-match/dot-star/re2/4096,full-match,re2,io.airlift.slice.re2.BenchmarkRe2FullMatch.fullMatchDotStarLatin1,textSize=4096,FullMatch_DotStar_CachedRE2/4096,2.4925176371952373,0.002555553068727697,14,29.04911470099251,30.324160322927696,0.043892753189191704,29.679791296975335,0.0839802952876306,-27.187273659780097,true
intel,full-match/dot-star/re2/32768,full-match,re2,io.airlift.slice.re2.BenchmarkRe2FullMatch.fullMatchDotStarLatin1,textSize=32768,FullMatch_DotStar_CachedRE2/32768,2.4853146983252064,0.003023914117986746,14,29.042709890264934,30.3203305220297,0.0439910957549117,29.674645122195713,0.0837521287311459,-27.18933042387051,true
intel,full-match/dot-star/re2/262144,full-match,re2,io.airlift.slice.re2.BenchmarkRe2FullMatch.fullMatchDotStarLatin1,textSize=262144,FullMatch_DotStar_CachedRE2/262144,2.4908917440084988,0.0023222176065198666,14,29.319717064556453,30.584421009137507,0.04313493004712208,29.94539314437511,0.08318113347182364,-27.45450140036661,true
intel,full-match/dot-star/re2/2097152,full-match,re2,io.airlift.slice.re2.BenchmarkRe2FullMatch.fullMatchDotStarLatin1,textSize=2097152,FullMatch_DotStar_CachedRE2/2097152,2.487381277355894,0.002305673176021678,14,29.301317149962337,30.581310977846442,0.04368383241385279,29.934473301254247,0.08309420554433718,-27.447092023898353,true
intel,full-match/dot-star-dollar/re2/8,full-match,re2,io.airlift.slice.re2.BenchmarkRe2FullMatch.fullMatchDotStarDollarLatin1,textSize=8,FullMatch_DotStarDollar_CachedRE2/8,42.641751239117696,0.0003527856366138633,14,44.7520948635195,44.846016586074576,0.0020987111964592188,44.799031111297246,0.9518453899857773,-2.1572798721795508,true
intel,full-match/dot-star-dollar/re2/64,full-match,re2,io.airlift.slice.re2.BenchmarkRe2FullMatch.fullMatchDotStarDollarLatin1,textSize=64,FullMatch_DotStarDollar_CachedRE2/64,142.66440534179873,0.00013335510207373704,14,117.13163216113246,117.03823937517674,0.0007979681380573006,117.08492645631107,1.2184694448694244,25.57947888548766,true
intel,full-match/dot-star-dollar/re2/512,full-match,re2,io.airlift.slice.re2.BenchmarkRe2FullMatch.fullMatchDotStarDollarLatin1,textSize=512,FullMatch_DotStarDollar_CachedRE2/512,548.4961799710711,0.0005815507203329002,14,691.9554990402357,692.1388087298276,0.00026491543147804725,692.0471478156398,0.7925705375743988,-143.55096784456873,true
intel,full-match/dot-star-dollar/re2/4096,full-match,re2,io.airlift.slice.re2.BenchmarkRe2FullMatch.fullMatchDotStarDollarLatin1,textSize=4096,FullMatch_DotStarDollar_CachedRE2/4096,3831.589426502701,0.0003380210630101034,14,5295.447737438071,5294.757047574962,0.0001304478858809818,5295.102381244872,0.7236100741081231,-1463.5129547421711,true
intel,full-match/dot-star-dollar/re2/32768,full-match,re2,io.airlift.slice.re2.BenchmarkRe2FullMatch.fullMatchDotStarDollarLatin1,textSize=32768,FullMatch_DotStarDollar_CachedRE2/32768,29813.331197090738,0.00022573375175507617,14,42148.13763411472,42117.78732078185,0.0007206055983357632,42132.959744607135,0.7076011601797506,-12319.628547516397,true
intel,full-match/dot-star-dollar/re2/262144,full-match,re2,io.airlift.slice.re2.BenchmarkRe2FullMatch.fullMatchDotStarDollarLatin1,textSize=262144,FullMatch_DotStarDollar_CachedRE2/262144,238928.30557034843,0.00044888033461504495,14,337118.38377723424,336962.62318813393,0.0004622488619853228,337040.4944847442,0.7089008872231027,-98112.18891439578,true
intel,full-match/dot-star-dollar/re2/2097152,full-match,re2,io.airlift.slice.re2.BenchmarkRe2FullMatch.fullMatchDotStarDollarLatin1,textSize=2097152,FullMatch_DotStarDollar_CachedRE2/2097152,1912159.253816794,0.0004661258823008558,14,2766685.0099009965,2773366.5643465053,0.002415003667420731,2770023.7725582975,0.6903042756383243,-857864.5187415036,true
intel,full-match/dot-star-capture/re2/8,full-match,re2,io.airlift.slice.re2.BenchmarkRe2FullMatch.fullMatchDotStarCaptureLatin1,textSize=8,FullMatch_DotStarCapture_CachedRE2/8,42.628086903865714,0.00048757321827003376,14,44.88620723349552,44.54406392875062,0.007681007850836611,44.714808336030835,0.953332653994993,-2.0867214321651204,true
intel,full-match/dot-star-capture/re2/64,full-match,re2,io.airlift.slice.re2.BenchmarkRe2FullMatch.fullMatchDotStarCaptureLatin1,textSize=64,FullMatch_DotStarCapture_CachedRE2/64,142.71592677379667,0.001016239275304408,14,117.04600478590737,117.09165184337337,0.0003899924439923716,117.06882608982323,1.2190771150664415,25.647100683973434,true
intel,full-match/dot-star-capture/re2/512,full-match,re2,io.airlift.slice.re2.BenchmarkRe2FullMatch.fullMatchDotStarCaptureLatin1,textSize=512,FullMatch_DotStarCapture_CachedRE2/512,548.6129020511422,0.0009038296464252979,14,692.0840726900581,692.111680803958,3.989127186914913e-05,692.0978766093455,0.7926810940944509,-143.48497455820325,true
intel,full-match/dot-star-capture/re2/4096,full-match,re2,io.airlift.slice.re2.BenchmarkRe2FullMatch.fullMatchDotStarCaptureLatin1,textSize=4096,FullMatch_DotStarCapture_CachedRE2/4096,3830.622115626763,0.00018782598052320394,14,5295.5409543997375,5294.777769331622,0.00014413920684943677,5295.159348116059,0.7234196109678254,-1464.537232489296,true
intel,full-match/dot-star-capture/re2/32768,full-match,re2,io.airlift.slice.re2.BenchmarkRe2FullMatch.fullMatchDotStarCaptureLatin1,textSize=32768,FullMatch_DotStarCapture_CachedRE2/32768,29817.84100530678,0.0003080666065445864,14,42151.03885112035,42121.38654195714,0.000703972770071919,42136.210088154505,0.7076536058398211,-12318.369082847727,true
intel,full-match/dot-star-capture/re2/262144,full-match,re2,io.airlift.slice.re2.BenchmarkRe2FullMatch.fullMatchDotStarCaptureLatin1,textSize=262144,FullMatch_DotStarCapture_CachedRE2/262144,238843.61580706784,0.0002771610101567594,14,337045.17533257435,336995.01813604735,0.00014883661130785293,337020.0958012269,0.7086925046390612,-98176.47999415908,true
intel,full-match/dot-star-capture/re2/2097152,full-match,re2,io.airlift.slice.re2.BenchmarkRe2FullMatch.fullMatchDotStarCaptureLatin1,textSize=2097152,FullMatch_DotStarCapture_CachedRE2/2097152,1912738.893129771,0.0007431937975859684,14,2761462.7299999488,2776158.0500009586,0.005321571007047459,2768800.6406505653,0.6908185678114942,-856061.7475207942,true
graviton,failed-search/easy0/dfa/8,failed-search,dfa,io.airlift.slice.re2.BenchmarkRe2Search.searchEasy0Dfa,textSize=8,Search_Easy0_CachedDFA/8/threads:1,23.624636609532164,0.0007372212695307924,14,34.898900402390815,34.907195514133015,0.00023768977379102772,34.903047711833295,0.6768645765430572,-11.278411102301131,true
graviton,failed-search/easy0/dfa/64,failed-search,dfa,io.airlift.slice.re2.BenchmarkRe2Search.searchEasy0Dfa,textSize=64,Search_Easy0_CachedDFA/64/threads:1,36.8122267093203,0.0014508329659609525,14,55.13541561631431,55.13755514394815,3.880496065769492e-05,55.136485369753395,0.6676563887315646,-18.324258660433095,true
graviton,failed-search/easy0/dfa/512,failed-search,dfa,io.airlift.slice.re2.BenchmarkRe2Search.searchEasy0Dfa,textSize=512,Search_Easy0_CachedDFA/512/threads:1,86.41356610719325,0.002332399496046989,14,90.39406292223109,90.38899806118954,5.603404341441828e-05,90.39153045623573,0.9559918464820278,-3.9779643490424803,true
graviton,failed-search/easy0/dfa/4096,failed-search,dfa,io.airlift.slice.re2.BenchmarkRe2Search.searchEasy0Dfa,textSize=4096,Search_Easy0_CachedDFA/4096/threads:1,545.8508614748392,0.001501978096526225,14,480.5439710956249,480.54847530916066,9.37315585397547e-06,480.54622319711547,1.13589668407598,65.30463827772377,true
graviton,failed-search/easy0/dfa/32768,failed-search,dfa,io.airlift.slice.re2.BenchmarkRe2Search.searchEasy0Dfa,textSize=32768,Search_Easy0_CachedDFA/32768/threads:1,4109.2113162827645,0.001319809602496748,14,3008.763174295257,3008.6700986660258,3.093580425207629e-05,3008.716636120726,1.365768802202974,1100.4946801620385,true
graviton,failed-search/easy0/dfa/262144,failed-search,dfa,io.airlift.slice.re2.BenchmarkRe2Search.searchEasy0Dfa,textSize=262144,Search_Easy0_CachedDFA/262144/threads:1,29217.61789506145,0.0006268410805066134,14,22960.486366616817,23102.965197849735,0.006205392558237532,23031.61560667535,1.2685874232198102,6186.002288386098,true
graviton,failed-search/easy0/dfa/2097152,failed-search,dfa,io.airlift.slice.re2.BenchmarkRe2Search.searchEasy0Dfa,textSize=2097152,Search_Easy0_CachedDFA/2097152/threads:1,332489.6337974065,0.009929433905506742,14,262901.68495744286,263347.8230846486,0.0016969770554263936,263124.65946548735,1.2636201961185527,69364.97433191916,true
graviton,failed-search/easy0/dfa/16777216,failed-search,dfa,io.airlift.slice.re2.BenchmarkRe2Search.searchEasy0Dfa,textSize=16777216,Search_Easy0_CachedDFA/16777216/threads:1,2903071.9081462175,0.00923007171021308,14,2241428.7822588477,2243354.416001239,0.0008591099381040933,2242391.3924274384,1.2946321137112364,660680.5157187791,true
graviton,failed-search/easy0/re2/8,failed-search,re2,io.airlift.slice.re2.BenchmarkRe2Search.searchEasy0Re2,textSize=8,Search_Easy0_CachedRE2/8/threads:1,3.5883482533137334,0.011706389673872044,14,44.53131221569497,44.51585106480943,0.00034731787701926383,44.52358096912698,0.08059433170485374,-40.93523271581325,true
graviton,failed-search/easy0/re2/64,failed-search,re2,io.airlift.slice.re2.BenchmarkRe2Search.searchEasy0Re2,textSize=64,Search_Easy0_CachedRE2/64/threads:1,25.289674417439045,0.0020625294364898282,14,44.48443096531726,44.470069451868405,0.00032294785292382247,44.47724962893394,0.5685979827535753,-19.187575211494895,true
graviton,failed-search/easy0/re2/512,failed-search,re2,io.airlift.slice.re2.BenchmarkRe2Search.searchEasy0Re2,textSize=512,Search_Easy0_CachedRE2/512/threads:1,25.315855040649666,0.0014575412702841188,14,44.50555877774981,44.47483750005058,0.0006907563787994454,44.49019548720114,0.5690209890835944,-19.174340446551476,true
graviton,failed-search/easy0/re2/4096,failed-search,re2,io.airlift.slice.re2.BenchmarkRe2Search.searchEasy0Re2,textSize=4096,Search_Easy0_CachedRE2/4096/threads:1,24.935876908817676,0.0020627833774473758,14,44.529350493321076,44.51486072058705,0.0003255041687083716,44.522105017489814,0.5600785699378321,-19.586228108672138,true
graviton,failed-search/easy0/re2/32768,failed-search,re2,io.airlift.slice.re2.BenchmarkRe2Search.searchEasy0Re2,textSize=32768,Search_Easy0_CachedRE2/32768/threads:1,25.003251311290896,0.0013922266843833114,14,44.50548010396302,44.48770013643914,0.00039966029867483777,44.49658923213514,0.561913884699138,-19.493337920844247,true
graviton,failed-search/easy0/re2/262144,failed-search,re2,io.airlift.slice.re2.BenchmarkRe2Search.searchEasy0Re2,textSize=262144,Search_Easy0_CachedRE2/262144/threads:1,25.1409232741145,0.001994112758517925,14,44.49202068595478,44.47030364324451,0.0004883493237304095,44.48116083923536,0.5652038480960354,-19.34023756512086,true
graviton,failed-search/easy0/re2/2097152,failed-search,re2,io.airlift.slice.re2.BenchmarkRe2Search.searchEasy0Re2,textSize=2097152,Search_Easy0_CachedRE2/2097152/threads:1,25.16155600048075,0.0026191735818325347,14,44.477326189449045,44.45090268918416,0.0005944423772368644,44.464112476493916,0.5658845886957146,-19.302556476013166,true
graviton,failed-search/easy0/re2/16777216,failed-search,re2,io.airlift.slice.re2.BenchmarkRe2Search.searchEasy0Re2,textSize=16777216,Search_Easy0_CachedRE2/16777216/threads:1,25.19451925989369,0.0037610307266775665,14,44.5419863401046,44.4502415008336,0.0020639896696462465,44.49609027481494,0.5662187195389151,-19.30157101492125,true
graviton,failed-search/easy0/nfa/8,failed-search,nfa,io.airlift.slice.re2.BenchmarkRe2SearchNfa.searchEasy0Nfa,textSize=8,Search_Easy0_CachedNFA/8/threads:1,124.69434068910688,0.004851560977920723,14,156.4942425292641,156.74397170436083,0.001595772285680216,156.6190573426566,0.7961632690477526,-31.92471665354971,true
graviton,failed-search/easy0/nfa/64,failed-search,nfa,io.airlift.slice.re2.BenchmarkRe2SearchNfa.searchEasy0Nfa,textSize=64,Search_Easy0_CachedNFA/64/threads:1,132.02076243057041,0.02051191219476726,14,173.9839469022534,173.9352692985941,0.0002798604553037548,173.95960639779494,0.7589161941921011,-41.93884396722453,true
graviton,failed-search/easy0/nfa/512,failed-search,nfa,io.airlift.slice.re2.BenchmarkRe2SearchNfa.searchEasy0Nfa,textSize=512,Search_Easy0_CachedNFA/512/threads:1,160.35391007006746,0.008880808006882877,14,213.48539056795303,209.220008048108,0.02038706794650461,211.341938887625,0.7587415489517726,-50.988028817557534,true
graviton,failed-search/easy0/nfa/4096,failed-search,nfa,io.airlift.slice.re2.BenchmarkRe2SearchNfa.searchEasy0Nfa,textSize=4096,Search_Easy0_CachedNFA/4096/threads:1,598.6371457593966,0.00429237358529562,14,594.9536381512269,595.5812559974245,0.0010549021065706622,595.2673643585249,1.0056609543923227,3.369781400871716,true
graviton,failed-search/easy0/nfa/32768,failed-search,nfa,io.airlift.slice.re2.BenchmarkRe2SearchNfa.searchEasy0Nfa,textSize=32768,Search_Easy0_CachedNFA/32768/threads:1,3802.3355145045457,0.007915088333513043,14,3201.244493971352,3200.988587517583,7.994606877605799e-05,3201.11653818723,1.1878153978916937,601.2189763173155,true
graviton,failed-search/easy0/nfa/262144,failed-search,nfa,io.airlift.slice.re2.BenchmarkRe2SearchNfa.searchEasy0Nfa,textSize=262144,Search_Easy0_CachedNFA/262144/threads:1,29259.035696852858,0.0002539042623151144,14,23494.02605260894,23462.24361988274,0.001354620352644586,23478.12945824652,1.2462251623957987,5780.906238606338,true
graviton,failed-search/easy1/dfa/8,failed-search,dfa,io.airlift.slice.re2.BenchmarkRe2Search.searchEasy1Dfa,textSize=8,Search_Easy1_CachedDFA/8/threads:1,25.790800285365428,0.000678376794720434,14,53.607000195709226,53.603425123756935,6.66948416829139e-05,53.60521262992921,0.48112485745398836,-27.814412344563785,true
graviton,failed-search/easy1/dfa/64,failed-search,dfa,io.airlift.slice.re2.BenchmarkRe2Search.searchEasy1Dfa,textSize=64,Search_Easy1_CachedDFA/64/threads:1,39.135340575903044,0.010761043775120398,14,59.30644736111022,59.30577734299119,1.1297687157123083e-05,59.30611235110451,0.6598871351440758,-20.170771775201466,true
graviton,failed-search/easy1/dfa/512,failed-search,dfa,io.airlift.slice.re2.BenchmarkRe2Search.searchEasy1Dfa,textSize=512,Search_Easy1_CachedDFA/512/threads:1,83.15209376937167,0.0008886080971249641,14,88.7145134949788,88.71836369857843,4.339992914286653e-05,88.71643857589174,0.937279438897222,-5.564344806520069,true
graviton,failed-search/easy1/dfa/4096,failed-search,dfa,io.airlift.slice.re2.BenchmarkRe2Search.searchEasy1Dfa,textSize=4096,Search_Easy1_CachedDFA/4096/threads:1,605.3097559428106,0.0010103358680669198,14,539.0371770757699,538.8646726707958,0.0003201256525485884,538.9509179715019,1.123125939224799,66.35883797130873,true
graviton,failed-search/easy1/dfa/32768,failed-search,dfa,io.airlift.slice.re2.BenchmarkRe2Search.searchEasy1Dfa,textSize=32768,Search_Easy1_CachedDFA/32768/threads:1,4168.8395095453,0.0007092598945041535,14,3397.817390564846,3398.341138915949,0.00015414258357661638,3398.0792546496846,1.2268223302446413,770.7602548956152,true
graviton,failed-search/easy1/dfa/262144,failed-search,dfa,io.airlift.slice.re2.BenchmarkRe2Search.searchEasy1Dfa,textSize=262144,Search_Easy1_CachedDFA/262144/threads:1,33069.48580911096,0.0010189266306059044,14,27006.864316664014,27025.923508558742,0.0007057165789872302,27016.392231905913,1.2240526242455292,6053.093577205051,true
graviton,failed-search/easy1/dfa/2097152,failed-search,dfa,io.airlift.slice.re2.BenchmarkRe2Search.searchEasy1Dfa,textSize=2097152,Search_Easy1_CachedDFA/2097152/threads:1,396171.60442285705,0.006201201110808216,14,305596.4620461784,303299.4474850761,0.007573421515102968,304445.78842874465,1.3012878465736464,91725.8159941124,true
graviton,failed-search/easy1/dfa/16777216,failed-search,dfa,io.airlift.slice.re2.BenchmarkRe2Search.searchEasy1Dfa,textSize=16777216,Search_Easy1_CachedDFA/16777216/threads:1,3553094.9822695036,0.0015215446420500447,14,2562158.908256882,2562412.541294113,9.899192294965258e-05,2562285.7216372,1.3866896077457027,990809.2606323035,true
graviton,failed-search/easy1/re2/8,failed-search,re2,io.airlift.slice.re2.BenchmarkRe2Search.searchEasy1Re2,textSize=8,Search_Easy1_CachedRE2/8/threads:1,3.625954479440553,0.004132379936646218,14,44.52111418644643,44.704193717551696,0.004112195627866809,44.612560037641195,0.08127653908184616,-40.986605558200644,true
graviton,failed-search/easy1/re2/64,failed-search,re2,io.airlift.slice.re2.BenchmarkRe2Search.searchEasy1Re2,textSize=64,Search_Easy1_CachedRE2/64/threads:1,25.410981096162498,0.0019756698901848887,14,44.47016252406834,44.672451228655966,0.004548863622392645,44.571192114266445,0.5701211901852833,-19.160211018103947,true
graviton,failed-search/easy1/re2/512,failed-search,re2,io.airlift.slice.re2.BenchmarkRe2Search.searchEasy1Re2,textSize=512,Search_Easy1_CachedRE2/512/threads:1,25.453055928695477,0.0028598600886681506,14,44.4823137282318,44.66102047694846,0.004017478717687206,44.57157753859073,0.5710602436419902,-19.118521609895254,true
graviton,failed-search/easy1/re2/4096,failed-search,re2,io.airlift.slice.re2.BenchmarkRe2Search.searchEasy1Re2,textSize=4096,Search_Easy1_CachedRE2/4096/threads:1,25.210860806897916,0.0019434682023106934,14,44.51786538437681,44.670934829413774,0.0034383824048014842,44.59433443084572,0.565337752624012,-19.383473623947804,true
graviton,failed-search/easy1/re2/32768,failed-search,re2,io.airlift.slice.re2.BenchmarkRe2Search.searchEasy1Re2,textSize=32768,Search_Easy1_CachedRE2/32768/threads:1,25.238677807816153,0.0025914533019896426,14,44.47856207553852,44.707066592282004,0.005137407912499786,44.59266796952218,0.5659826818405678,-19.35399016170603,true
graviton,failed-search/easy1/re2/262144,failed-search,re2,io.airlift.slice.re2.BenchmarkRe2Search.searchEasy1Re2,textSize=262144,Search_Easy1_CachedRE2/262144/threads:1,25.158786604127116,0.0016454929275848077,14,44.47596147278715,44.651501415396964,0.003946849866690832,44.563645010852696,0.5645585453793138,-19.40485840672558,true
graviton,failed-search/easy1/re2/2097152,failed-search,re2,io.airlift.slice.re2.BenchmarkRe2Search.searchEasy1Re2,textSize=2097152,Search_Easy1_CachedRE2/2097152/threads:1,25.161948689114894,0.0024112448354753524,14,44.48652923517893,44.65294848008866,0.003740890731887717,44.569661183325174,0.5645532862728766,-19.40771249421028,true
graviton,failed-search/easy1/re2/16777216,failed-search,re2,io.airlift.slice.re2.BenchmarkRe2Search.searchEasy1Re2,textSize=16777216,Search_Easy1_CachedRE2/16777216/threads:1,25.174912663595514,0.0024653328759340013,14,44.53043711297,44.645133255089846,0.0025756796823905494,44.58774830394493,0.5646150259031616,-19.412835640349414,true
graviton,failed-search/easy1/nfa/8,failed-search,nfa,io.airlift.slice.re2.BenchmarkRe2SearchNfa.searchEasy1Nfa,textSize=8,Search_Easy1_CachedNFA/8/threads:1,143.4392320359214,0.012494655827344015,14,232.7818068278935,233.15304647259168,0.0015947966456531012,232.96735270272896,0.6157052924877108,-89.52812066680755,true
graviton,failed-search/easy1/nfa/64,failed-search,nfa,io.airlift.slice.re2.BenchmarkRe2SearchNfa.searchEasy1Nfa,textSize=64,Search_Easy1_CachedNFA/64/threads:1,183.44829177424498,0.00631913774015975,14,275.60704348616156,272.57482469524905,0.011124353814783395,274.0867409471249,0.6693074285181664,-90.63844917287992,true
graviton,failed-search/easy1/nfa/512,failed-search,nfa,io.airlift.slice.re2.BenchmarkRe2SearchNfa.searchEasy1Nfa,textSize=512,Search_Easy1_CachedNFA/512/threads:1,313.2048550691918,0.005158333445196472,14,352.24742849295546,348.2706613034924,0.011418610957865406,350.2534009309492,0.8942235942226829,-37.04854586175742,true
graviton,failed-search/easy1/nfa/4096,failed-search,nfa,io.airlift.slice.re2.BenchmarkRe2SearchNfa.searchEasy1Nfa,textSize=4096,Search_Easy1_CachedNFA/4096/threads:1,1955.3519845977066,0.0013552462383717226,14,1688.4038325913002,1688.3594396734475,2.6293523055335373e-05,1688.38163598647,1.1581220400180756,266.97034861123666,true
graviton,failed-search/easy1/nfa/32768,failed-search,nfa,io.airlift.slice.re2.BenchmarkRe2SearchNfa.searchEasy1Nfa,textSize=32768,Search_Easy1_CachedNFA/32768/threads:1,12216.141683139991,0.00199489058286576,14,9746.76198985055,9729.202295181683,0.001804844234512809,9737.978184522883,1.254484396212326,2478.1634986171084,true
graviton,failed-search/easy1/nfa/262144,failed-search,nfa,io.airlift.slice.re2.BenchmarkRe2SearchNfa.searchEasy1Nfa,textSize=262144,Search_Easy1_CachedNFA/262144/threads:1,93318.43739014477,0.009157256982725556,14,94196.38594023536,92062.30560316416,0.023180826540127916,93123.2327034642,1.0020961974902887,195.20468668057583,true
graviton,failed-search/medium/dfa/8,failed-search,dfa,io.airlift.slice.re2.BenchmarkRe2Search.searchMediumDfa,textSize=8,Search_Medium_CachedDFA/8/threads:1,25.710092982209808,0.0012114903438617624,14,51.93804438158861,52.523188540821295,0.011266195448824214,52.22979702713503,0.49224952892029433,-26.51970404492522,true
graviton,failed-search/medium/dfa/64,failed-search,dfa,io.airlift.slice.re2.BenchmarkRe2Search.searchMediumDfa,textSize=64,Search_Medium_CachedDFA/64/threads:1,60.74964693623982,0.007055998713865349,14,150.83429194215546,151.50799487887068,0.004466510420412749,151.1707681105384,0.40186107205474236,-90.42112117429858,true
graviton,failed-search/medium/dfa/512,failed-search,dfa,io.airlift.slice.re2.BenchmarkRe2Search.searchMediumDfa,textSize=512,Search_Medium_CachedDFA/512/threads:1,297.2325118808803,0.01318708259813602,14,961.506259079613,962.16818506806,0.0006884260837580426,961.8371651325452,0.30902581295028286,-664.604653251665,true
graviton,failed-search/medium/dfa/4096,failed-search,dfa,io.airlift.slice.re2.BenchmarkRe2Search.searchMediumDfa,textSize=4096,Search_Medium_CachedDFA/4096/threads:1,2134.7982192922127,0.033214767463145625,14,7384.11578196427,7387.100273769642,0.0004041772763992941,7385.6078771144485,0.2890484107485919,-5250.809657822236,true
graviton,failed-search/medium/dfa/32768,failed-search,dfa,io.airlift.slice.re2.BenchmarkRe2Search.searchMediumDfa,textSize=32768,Search_Medium_CachedDFA/32768/threads:1,17774.209617504894,0.0017629390391147178,14,59022.518417197265,58879.16722828204,0.0024346673987326937,58950.79924920877,0.3015092219931769,-41176.58963170388,true
graviton,failed-search/medium/dfa/262144,failed-search,dfa,io.airlift.slice.re2.BenchmarkRe2Search.searchMediumDfa,textSize=262144,Search_Medium_CachedDFA/262144/threads:1,175957.24374210997,0.00809872225747261,14,471489.52961077477,471845.62289557,0.0007552517339869634,471667.5426483524,0.3730535341781899,-295710.2989062424,true
graviton,failed-search/medium/dfa/2097152,failed-search,dfa,io.airlift.slice.re2.BenchmarkRe2Search.searchMediumDfa,textSize=2097152,Search_Medium_CachedDFA/2097152/threads:1,1660167.2798029557,0.04574803341826627,14,3770872.8918914855,3770640.5810977975,6.16104316207246e-05,3770756.7347056004,0.44027429945903745,-2110589.4549026447,true
graviton,failed-search/medium/dfa/16777216,failed-search,dfa,io.airlift.slice.re2.BenchmarkRe2Search.searchMediumDfa,textSize=16777216,Search_Medium_CachedDFA/16777216/threads:1,15563804.777462121,0.002439794716092435,14,30168832.99999051,30167390.2499715,4.782482034592035e-05,30168111.616356306,0.5159025190368184,-14604306.838894185,true
graviton,failed-search/medium/re2/8,failed-search,re2,io.airlift.slice.re2.BenchmarkRe2Search.searchMediumRe2,textSize=8,Search_Medium_CachedRE2/8/threads:1,3.5798204584775597,0.022086681079014427,14,44.50552830756362,44.54332418386372,0.000849240032359562,44.52442223519503,0.08040127819217009,-40.94460177671748,true
graviton,failed-search/medium/re2/64,failed-search,re2,io.airlift.slice.re2.BenchmarkRe2Search.searchMediumRe2,textSize=64,Search_Medium_CachedRE2/64/threads:1,25.240255778655683,0.001649631913661481,14,44.481598289646534,44.452795141912624,0.0006479490804112137,44.467194383663426,0.5676152077615352,-19.226938605007742,true
graviton,failed-search/medium/re2/512,failed-search,re2,io.airlift.slice.re2.BenchmarkRe2Search.searchMediumRe2,textSize=512,Search_Medium_CachedRE2/512/threads:1,25.44186911125943,0.005295547014669167,14,44.47663656672425,44.48487349389532,0.00018519671915190414,44.480754839645954,0.5719747608370833,-19.038885728386525,true
graviton,failed-search/medium/re2/4096,failed-search,re2,io.airlift.slice.re2.BenchmarkRe2Search.searchMediumRe2,textSize=4096,Search_Medium_CachedRE2/4096/threads:1,25.147827597569027,0.0032185222791751155,14,44.48888148766017,44.47032420302559,0.00041729591513343397,44.479601877559915,0.5653788823648661,-19.33177427999089,true
graviton,failed-search/medium/re2/32768,failed-search,re2,io.airlift.slice.re2.BenchmarkRe2Search.searchMediumRe2,textSize=32768,Search_Medium_CachedRE2/32768/threads:1,25.11550324229759,0.002688192854207388,14,44.483974549412686,44.45833678057314,0.0005766695449288036,44.47115381746052,0.5647594246236219,-19.35565057516293,true
graviton,failed-search/medium/re2/262144,failed-search,re2,io.airlift.slice.re2.BenchmarkRe2Search.searchMediumRe2,textSize=262144,Search_Medium_CachedRE2/262144/threads:1,25.237840195277194,0.006922413367086808,14,44.46672692297837,44.457282537092496,0.00021243731840764698,44.46200447926957,0.5676271344681356,-19.224164283992373,true
graviton,failed-search/medium/re2/2097152,failed-search,re2,io.airlift.slice.re2.BenchmarkRe2Search.searchMediumRe2,textSize=2097152,Search_Medium_CachedRE2/2097152/threads:1,24.98767094187705,0.0021926928344170628,14,44.45044821252158,44.44369584791701,0.0001519307626366589,44.44707190199255,0.562189360796945,-19.459400960115502,true
graviton,failed-search/medium/re2/16777216,failed-search,re2,io.airlift.slice.re2.BenchmarkRe2Search.searchMediumRe2,textSize=16777216,Search_Medium_CachedRE2/16777216/threads:1,25.016637418617446,0.002571734346635272,14,44.4559510503222,44.43108176840476,0.0005597271308195817,44.443514669848796,0.5628861174561682,-19.42687725123135,true
graviton,failed-search/medium/nfa/8,failed-search,nfa,io.airlift.slice.re2.BenchmarkRe2SearchNfa.searchMediumNfa,textSize=8,Search_Medium_CachedNFA/8/threads:1,165.140923102918,0.0030773998547539197,14,255.43676579527505,255.48909213521227,0.00020485046377059917,255.46292762549652,0.6464379181663934,-90.32200452257851,true
graviton,failed-search/medium/nfa/64,failed-search,nfa,io.airlift.slice.re2.BenchmarkRe2SearchNfa.searchMediumNfa,textSize=64,Search_Medium_CachedNFA/64/threads:1,871.6218880090686,0.003193930487021991,14,964.5203194056625,965.3789778110962,0.000890243977403036,964.9495530989536,0.9032823376204886,-93.32766508988504,true
graviton,failed-search/medium/nfa/512,failed-search,nfa,io.airlift.slice.re2.BenchmarkRe2SearchNfa.searchMediumNfa,textSize=512,Search_Medium_CachedNFA/512/threads:1,5874.963277672583,0.002925692680547676,14,6685.729626241924,6781.696731827064,0.01435402131855024,6733.542214627026,0.8724922322326304,-858.5789369544427,true
graviton,failed-search/medium/nfa/4096,failed-search,nfa,io.airlift.slice.re2.BenchmarkRe2SearchNfa.searchMediumNfa,textSize=4096,Search_Medium_CachedNFA/4096/threads:1,50306.874695731836,0.007432847774861597,14,61369.33443562452,61604.05695357562,0.0038247525431014877,61486.5836892508,0.818176448865325,-11179.708993518965,true
graviton,failed-search/medium/nfa/32768,failed-search,nfa,io.airlift.slice.re2.BenchmarkRe2SearchNfa.searchMediumNfa,textSize=32768,Search_Medium_CachedNFA/32768/threads:1,433423.05548140476,0.00278213460992003,14,511738.37111514044,511242.7659952606,0.0009694124843312063,511490.5085285685,0.8473726261866629,-78067.45304716373,true
graviton,failed-search/medium/nfa/262144,failed-search,nfa,io.airlift.slice.re2.BenchmarkRe2SearchNfa.searchMediumNfa,textSize=262144,Search_Medium_CachedNFA/262144/threads:1,3503814.468531469,0.003569480393687051,14,4110167.5735299466,4122249.1323317043,0.002939432172927587,4116203.9203277733,0.8512247051774976,-612389.4517963044,true
graviton,failed-search/hard/dfa/8,failed-search,dfa,io.airlift.slice.re2.BenchmarkRe2Search.searchHardDfa,textSize=8,Search_Hard_CachedDFA/8/threads:1,39.01463181923937,0.0022742529875034397,14,51.45525216928339,51.67242839015726,0.004220681304978853,51.56372594193305,0.75662941547658,-12.549094122693681,true
graviton,failed-search/hard/dfa/64,failed-search,dfa,io.airlift.slice.re2.BenchmarkRe2Search.searchHardDfa,textSize=64,Search_Hard_CachedDFA/64/threads:1,177.16959362098362,0.0006389475360180065,14,150.3255461418745,151.03743869376063,0.004735672479874221,150.68107200146093,1.1757919642306889,26.488521619522686,true
graviton,failed-search/hard/dfa/512,failed-search,dfa,io.airlift.slice.re2.BenchmarkRe2Search.searchHardDfa,textSize=512,Search_Hard_CachedDFA/512/threads:1,615.4245386806101,0.0018119027712085746,14,959.2035283609246,961.5208341167436,0.0024158645035207396,960.3614822957654,0.6408259285966198,-344.9369436151553,true
graviton,failed-search/hard/dfa/4096,failed-search,dfa,io.airlift.slice.re2.BenchmarkRe2Search.searchHardDfa,textSize=4096,Search_Hard_CachedDFA/4096/threads:1,4664.22563499588,0.0018087365568395652,14,7386.491569695968,7385.913041167708,7.832864062105575e-05,7386.20229976764,0.6314781867188514,-2721.9766647717606,true
graviton,failed-search/hard/dfa/32768,failed-search,dfa,io.airlift.slice.re2.BenchmarkRe2Search.searchHardDfa,textSize=32768,Search_Hard_CachedDFA/32768/threads:1,38246.027358845546,0.009183668037167,14,58941.96357894543,58887.563972752505,0.0009237876815230331,58914.757497038016,0.6491756731879681,-20668.73013819247,true
graviton,failed-search/hard/dfa/262144,failed-search,dfa,io.airlift.slice.re2.BenchmarkRe2Search.searchHardDfa,textSize=262144,Search_Hard_CachedDFA/262144/threads:1,303406.86345483,0.010300897142115966,14,471290.97643094213,471426.53962773737,0.0002876422498513502,471358.75315582776,0.6436856458556651,-167951.88970099774,true
graviton,failed-search/hard/dfa/2097152,failed-search,dfa,io.airlift.slice.re2.BenchmarkRe2Search.searchHardDfa,textSize=2097152,Search_Hard_CachedDFA/2097152/threads:1,2356310.5845070425,0.0004744000837850727,14,3770998.191780501,3771174.689186533,4.680389569441878e-05,3771086.4394509452,0.6248360047801269,-1414775.8549439027,true
graviton,failed-search/hard/dfa/16777216,failed-search,dfa,io.airlift.slice.re2.BenchmarkRe2Search.searchHardDfa,textSize=16777216,Search_Hard_CachedDFA/16777216/threads:1,18833846.5,0.0014652991170263983,14,30168596.37500602,30173418.49999866,0.00015983922263728003,30171007.34116445,0.6242365820614695,-11337160.841164451,true
graviton,failed-search/hard/re2/8,failed-search,re2,io.airlift.slice.re2.BenchmarkRe2Search.searchHardRe2,textSize=8,Search_Hard_CachedRE2/8/threads:1,3.7579491583813445,0.05046874395140903,14,44.591109341021195,44.3817268124922,0.004717764349585038,44.48629488999024,0.0844743120926196,-40.7283457316089,false
graviton,failed-search/hard/re2/64,failed-search,re2,io.airlift.slice.re2.BenchmarkRe2Search.searchHardRe2,textSize=64,Search_Hard_CachedRE2/64/threads:1,25.33204881019096,0.0033863797158546465,14,44.55805177696955,44.39215213731792,0.003737138923529796,44.47502460286808,0.5695791972323577,-19.14297579267712,true
graviton,failed-search/hard/re2/512,failed-search,re2,io.airlift.slice.re2.BenchmarkRe2Search.searchHardRe2,textSize=512,Search_Hard_CachedRE2/512/threads:1,25.27221182782763,0.0009966269691078684,14,44.56825829886725,44.33554517567563,0.005248906318158888,44.45174945050655,0.5685313208193573,-19.179537622678918,true
graviton,failed-search/hard/re2/4096,failed-search,re2,io.airlift.slice.re2.BenchmarkRe2Search.searchHardRe2,textSize=4096,Search_Hard_CachedRE2/4096/threads:1,25.02373702424373,0.0008694893289077109,14,44.55228483465497,44.33586524325706,0.004881366140267744,44.44394330736718,0.5630404316553007,-19.42020628312345,true
graviton,failed-search/hard/re2/32768,failed-search,re2,io.airlift.slice.re2.BenchmarkRe2Search.searchHardRe2,textSize=32768,Search_Hard_CachedRE2/32768/threads:1,25.074160215599793,0.0020388459303808293,14,44.589049265331845,44.334421284977864,0.005743347335409061,44.46155299610951,0.5639515159939159,-19.387392780509717,true
graviton,failed-search/hard/re2/262144,failed-search,re2,io.airlift.slice.re2.BenchmarkRe2Search.searchHardRe2,textSize=262144,Search_Hard_CachedRE2/262144/threads:1,25.28040398920192,0.0007767264859186053,14,44.55896321956193,44.31891881638178,0.005416296461894311,44.438778937656544,0.5688816073157178,-19.158374948454625,true
graviton,failed-search/hard/re2/2097152,failed-search,re2,io.airlift.slice.re2.BenchmarkRe2Search.searchHardRe2,textSize=2097152,Search_Hard_CachedRE2/2097152/threads:1,25.252834276965938,0.0018141319100168274,14,44.56048221360053,44.305716711021795,0.005750172246177834,44.43291686871694,0.5683361808449094,-19.180082591751,true
graviton,failed-search/hard/re2/16777216,failed-search,re2,io.airlift.slice.re2.BenchmarkRe2Search.searchHardRe2,textSize=16777216,Search_Hard_CachedRE2/16777216/threads:1,25.19423214257854,0.001079346140690993,14,44.574023927579894,44.319669063159736,0.0057390966538508675,44.446664546214315,0.5668419081567375,-19.252432403635776,true
graviton,failed-search/hard/nfa/8,failed-search,nfa,io.airlift.slice.re2.BenchmarkRe2SearchNfa.searchHardNfa,textSize=8,Search_Hard_CachedNFA/8/threads:1,276.6725366995157,0.007255257252058071,14,353.57784753375705,353.2859804397355,0.0008261496639585112,353.4318838584525,0.7828171405450265,-76.7593471589368,true
graviton,failed-search/hard/nfa/64,failed-search,nfa,io.airlift.slice.re2.BenchmarkRe2SearchNfa.searchHardNfa,textSize=64,Search_Hard_CachedNFA/64/threads:1,1533.6220838979211,0.0022052966433834665,14,1497.4710925010777,1542.4520070746955,0.03003791846057654,1519.7951480922106,1.0090978944254871,13.826935805710491,true
graviton,failed-search/hard/nfa/512,failed-search,nfa,io.airlift.slice.re2.BenchmarkRe2SearchNfa.searchHardNfa,textSize=512,Search_Hard_CachedNFA/512/threads:1,10562.164862252814,0.0073581932517023715,14,12577.821191753215,12589.025870956517,0.0008908283106018422,12583.422284229611,0.8393714065759382,-2021.2574219767976,true
graviton,failed-search/hard/nfa/4096,failed-search,nfa,io.airlift.slice.re2.BenchmarkRe2SearchNfa.searchHardNfa,textSize=4096,Search_Hard_CachedNFA/4096/threads:1,93611.12529232718,0.008553712522756874,14,101909.93143691924,101764.76273702047,0.0014265124390248436,101837.32121979697,0.9192221885951314,-8226.195927469787,true
graviton,failed-search/hard/nfa/32768,failed-search,nfa,io.airlift.slice.re2.BenchmarkRe2SearchNfa.searchHardNfa,textSize=32768,Search_Hard_CachedNFA/32768/threads:1,817442.1152239889,0.024009750712512337,14,822356.8621701483,821744.9736079171,0.0007446209978561565,822050.8609570931,0.9943936002600394,-4608.7457331041805,true
graviton,failed-search/hard/nfa/262144,failed-search,nfa,io.airlift.slice.re2.BenchmarkRe2SearchNfa.searchHardNfa,textSize=262144,Search_Hard_CachedNFA/262144/threads:1,6433168.243589744,0.0019349678098975413,14,6603358.880952436,6594566.357134247,0.001333298255263785,6598961.15463734,0.9748759074098977,-165792.91104759648,true
graviton,failed-search/parens/dfa/8,failed-search,dfa,io.airlift.slice.re2.BenchmarkRe2Search.searchParensDfa,textSize=8,Search_Parens_CachedDFA/8/threads:1,39.02497501355312,0.0018241866994248073,14,51.734525048424,51.71174140568261,0.0004405893540240354,51.723131972550846,0.7544975241302757,-12.698156958997728,true
graviton,failed-search/parens/dfa/64,failed-search,dfa,io.airlift.slice.re2.BenchmarkRe2Search.searchParensDfa,textSize=64,Search_Parens_CachedDFA/64/threads:1,176.98868159881218,0.0012579486200971798,14,150.89144536698794,151.00599582400986,0.0007591580605734035,150.9487097293852,1.1725087409896409,26.039971869426978,true
graviton,failed-search/parens/dfa/512,failed-search,dfa,io.airlift.slice.re2.BenchmarkRe2Search.searchParensDfa,textSize=512,Search_Parens_CachedDFA/512/threads:1,604.9583790226218,0.0010116313067603105,14,963.3228594035606,958.5664504550117,0.0049620023174096785,960.9417120619978,0.6295474235627636,-355.983333039376,true
graviton,failed-search/parens/dfa/4096,failed-search,dfa,io.airlift.slice.re2.BenchmarkRe2Search.searchParensDfa,textSize=4096,Search_Parens_CachedDFA/4096/threads:1,4673.952105947787,0.0020474853454310396,14,7406.440547048282,7434.303726534044,0.0037620202725945594,7420.359058648974,0.6298822023308902,-2746.406952701187,true
graviton,failed-search/parens/dfa/32768,failed-search,dfa,io.airlift.slice.re2.BenchmarkRe2Search.searchParensDfa,textSize=32768,Search_Parens_CachedDFA/32768/threads:1,37480.38347717449,0.008357312546131491,14,59035.324782687276,59016.083280728744,0.00032603827446499843,59025.70324765256,0.6349841071764796,-21545.31977047807,true
graviton,failed-search/parens/dfa/262144,failed-search,dfa,io.airlift.slice.re2.BenchmarkRe2Search.searchParensDfa,textSize=262144,Search_Parens_CachedDFA/262144/threads:1,302301.3413897281,0.0006598013713247991,14,472622.72128374956,471921.6340623372,0.0014856009362769098,472272.0475776813,0.6401000079091158,-169970.70618795318,true
graviton,failed-search/parens/dfa/2097152,failed-search,dfa,io.airlift.slice.re2.BenchmarkRe2Search.searchParensDfa,textSize=2097152,Search_Parens_CachedDFA/2097152/threads:1,2364609.4268867923,0.0013013863325493519,14,3781010.8513507955,3773181.1081185527,0.0020751040058469288,3777093.950897709,0.6260393460228308,-1412484.5240109167,true
graviton,failed-search/parens/dfa/16777216,failed-search,dfa,io.airlift.slice.re2.BenchmarkRe2Search.searchParensDfa,textSize=16777216,Search_Parens_CachedDFA/16777216/threads:1,18874380.7037037,0.0017704693568323048,14,30252641.777780004,30183768.125198185,0.0022818109487238243,30218185.329287976,0.6246033803164988,-11343804.625584275,true
graviton,failed-search/parens/re2/8,failed-search,re2,io.airlift.slice.re2.BenchmarkRe2Search.searchParensRe2,textSize=8,Search_Parens_CachedRE2/8/threads:1,3.5894352999960377,0.0027020767875566222,14,44.555892403994434,44.39639881397071,0.0035924893523916206,44.47607411496776,0.08070485921751054,-40.88663881497172,true
graviton,failed-search/parens/re2/64,failed-search,re2,io.airlift.slice.re2.BenchmarkRe2Search.searchParensRe2,textSize=64,Search_Parens_CachedRE2/64/threads:1,25.145012937379825,0.002179425576858817,14,44.53079127490053,44.36440615633137,0.0037504191532024946,44.44752085980167,0.5657236320714789,-19.302507922421846,true
graviton,failed-search/parens/re2/512,failed-search,re2,io.airlift.slice.re2.BenchmarkRe2Search.searchParensRe2,textSize=512,Search_Parens_CachedRE2/512/threads:1,25.251318787740757,0.0031457010387380187,14,44.5205401523847,44.36096173534141,0.003597271357535794,44.44067931677765,0.5682028082367241,-19.18936052903689,true
graviton,failed-search/parens/re2/4096,failed-search,re2,io.airlift.slice.re2.BenchmarkRe2Search.searchParensRe2,textSize=4096,Search_Parens_CachedRE2/4096/threads:1,25.020019852513695,0.0018519432361600715,14,44.50878918315686,44.38417780233709,0.002807563122487386,44.44643982223966,0.5629251735927436,-19.426419969725966,true
graviton,failed-search/parens/re2/32768,failed-search,re2,io.airlift.slice.re2.BenchmarkRe2Search.searchParensRe2,textSize=32768,Search_Parens_CachedRE2/32768/threads:1,25.06713923719064,0.002306394801729036,14,44.551818803244245,44.37583017876424,0.003965866638912458,44.463737420147694,0.5637659065931794,-19.396598182957053,true
graviton,failed-search/parens/re2/262144,failed-search,re2,io.airlift.slice.re2.BenchmarkRe2Search.searchParensRe2,textSize=262144,Search_Parens_CachedRE2/262144/threads:1,25.012801602758138,0.003080792385993907,14,44.51550511273132,44.3561030987087,0.003593688419108628,44.43573262894857,0.5628983730643621,-19.422931026190433,true
graviton,failed-search/parens/re2/2097152,failed-search,re2,io.airlift.slice.re2.BenchmarkRe2Search.searchParensRe2,textSize=2097152,Search_Parens_CachedRE2/2097152/threads:1,24.994251151089,0.0024848879801054142,14,44.49801937330483,44.344770161868624,0.003455857610194153,44.42132868079904,0.5626632947134846,-19.427077529710044,true
graviton,failed-search/parens/re2/16777216,failed-search,re2,io.airlift.slice.re2.BenchmarkRe2Search.searchParensRe2,textSize=16777216,Search_Parens_CachedRE2/16777216/threads:1,24.973812918708497,0.0027662372208835753,14,44.556837619772054,44.356977760731134,0.004505714075449353,44.456795379207634,0.5617546812739612,-19.482982460499137,true
graviton,failed-search/parens/nfa/8,failed-search,nfa,io.airlift.slice.re2.BenchmarkRe2SearchNfa.searchParensNfa,textSize=8,Search_Parens_CachedNFA/8/threads:1,607.9088735412149,0.0023677257405420224,14,548.8059758694282,530.976360034225,0.033578925875445656,539.8175612484089,1.1261376383075323,68.09131229280604,true
graviton,failed-search/parens/nfa/64,failed-search,nfa,io.airlift.slice.re2.BenchmarkRe2SearchNfa.searchParensNfa,textSize=64,Search_Parens_CachedNFA/64/threads:1,2630.1080225699734,0.0030304650359204953,14,2342.185455031764,2318.1219188647624,0.01038061715873253,2330.122623673563,1.1287423227638842,299.9853988964105,true
graviton,failed-search/parens/nfa/512,failed-search,nfa,io.airlift.slice.re2.BenchmarkRe2SearchNfa.searchParensNfa,textSize=512,Search_Parens_CachedNFA/512/threads:1,19316.146586398314,0.0006423878206187441,14,17016.132018210214,16986.000242784703,0.0017739182264706439,17001.059455003833,1.1361731095360115,2315.087131394481,true
graviton,failed-search/parens/nfa/4096,failed-search,nfa,io.airlift.slice.re2.BenchmarkRe2SearchNfa.searchParensNfa,textSize=4096,Search_Parens_CachedNFA/4096/threads:1,156108.2223008215,0.0023091634877800736,14,136721.17089846835,137018.61741667794,0.002175570295769903,136869.81335596787,1.1405599121759509,19238.40894485364,true
graviton,failed-search/parens/nfa/32768,failed-search,nfa,io.airlift.slice.re2.BenchmarkRe2SearchNfa.searchParensNfa,textSize=32768,Search_Parens_CachedNFA/32768/threads:1,1262486.8173803526,0.009758622063073536,14,1094223.8476561173,1094410.2460967996,0.0001703476314116203,1094317.04290773,1.1536755509406813,168169.77447262267,true
graviton,failed-search/parens/nfa/262144,failed-search,nfa,io.airlift.slice.re2.BenchmarkRe2SearchNfa.searchParensNfa,textSize=262144,Search_Parens_CachedNFA/262144/threads:1,10152583.129999999,0.002531266966348121,14,8769151.437498124,8768813.406277332,3.8549254628895964e-05,8768982.420258904,1.1577834968108243,1383600.709741095,true
graviton,failed-search/easy2/dfa/8,failed-search,dfa,io.airlift.slice.re2.BenchmarkRe2SearchExtra.searchEasy2Dfa,textSize=8,Search_Easy2_CachedDFA/8/threads:1,33.46217222273496,0.008638623148688417,14,34.86310112635381,35.121730717521324,0.007418433323821795,34.992176979112244,0.9562758053809973,-1.5300047563772878,true
graviton,failed-search/easy2/dfa/64,failed-search,dfa,io.airlift.slice.re2.BenchmarkRe2SearchExtra.searchEasy2Dfa,textSize=64,Search_Easy2_CachedDFA/64/threads:1,60.256949323601845,0.0006765273714778685,14,57.97347048775295,58.15444750834833,0.0031217213506929383,58.06388848808535,1.0377697893238154,2.1930608355164978,true
graviton,failed-search/easy2/dfa/512,failed-search,dfa,io.airlift.slice.re2.BenchmarkRe2SearchExtra.searchEasy2Dfa,textSize=512,Search_Easy2_CachedDFA/512/threads:1,390.67739048442144,0.000983643278156421,14,229.71888587772932,229.65553295244905,0.0002758606529779872,229.68720723081805,1.7009105347857731,160.9901832536034,true
graviton,failed-search/easy2/dfa/4096,failed-search,dfa,io.airlift.slice.re2.BenchmarkRe2SearchExtra.searchEasy2Dfa,textSize=4096,Search_Easy2_CachedDFA/4096/threads:1,3046.1344086677927,0.00275639574827322,14,1609.1607505095653,1609.3269804431145,0.00010330225460479074,1609.2438633299598,1.8928979492048637,1436.890545337833,true
graviton,failed-search/easy2/dfa/32768,failed-search,dfa,io.airlift.slice.re2.BenchmarkRe2SearchExtra.searchEasy2Dfa,textSize=32768,Search_Easy2_CachedDFA/32768/threads:1,24133.1826712073,0.0009575848366382746,14,12648.524121419976,12648.246860647541,2.192088559697885e-05,12648.385490274042,1.9080049931878245,11484.79718093326,true
graviton,failed-search/easy2/dfa/262144,failed-search,dfa,io.airlift.slice.re2.BenchmarkRe2SearchExtra.searchEasy2Dfa,textSize=262144,Search_Easy2_CachedDFA/262144/threads:1,193104.75173745176,0.0007478302142197936,14,100976.64731337811,100971.92066330432,4.6811529806894356e-05,100974.28396068414,1.912415163177983,92130.46777676762,true
graviton,failed-search/easy2/dfa/2097152,failed-search,dfa,io.airlift.slice.re2.BenchmarkRe2SearchExtra.searchEasy2Dfa,textSize=2097152,Search_Easy2_CachedDFA/2097152/threads:1,1545537.5231481483,0.009949919756889516,14,807459.7406337709,807351.2564821877,0.00013437044992779397,807405.4967359686,1.9142023795926149,738132.0264121797,true
graviton,failed-search/easy2/dfa/16777216,failed-search,dfa,io.airlift.slice.re2.BenchmarkRe2SearchExtra.searchEasy2Dfa,textSize=16777216,Search_Easy2_CachedDFA/16777216/threads:1,12356611.75609756,0.000289287999444116,14,6447557.930231977,6448215.883718275,0.00010204692899510534,6447886.898582788,1.9163815914347815,5908724.857514773,true
graviton,failed-search/easy2/re2/8,failed-search,re2,io.airlift.slice.re2.BenchmarkRe2SearchExtra.searchEasy2Re2,textSize=8,Search_Easy2_CachedRE2/8/threads:1,3.605813121117518,0.0033019744521431815,14,44.39191276620969,44.45017251752468,0.0013123956073217734,44.42103309065343,0.08117355383786003,-40.81521996953591,true
graviton,failed-search/easy2/re2/64,failed-search,re2,io.airlift.slice.re2.BenchmarkRe2SearchExtra.searchEasy2Re2,textSize=64,Search_Easy2_CachedRE2/64/threads:1,25.235894925210133,0.0008423133102965987,14,44.360806783170986,44.3827832990347,0.0004954038814291861,44.37179368053343,0.568737317830843,-19.135898755323296,true
graviton,failed-search/easy2/re2/512,failed-search,re2,io.airlift.slice.re2.BenchmarkRe2SearchExtra.searchEasy2Re2,textSize=512,Search_Easy2_CachedRE2/512/threads:1,25.163971355692855,0.0014187024184179047,14,44.34065927104363,44.38058486117177,0.0009004284280954582,44.36061757436268,0.5672592658005704,-19.196646218669823,true
graviton,failed-search/easy2/re2/4096,failed-search,re2,io.airlift.slice.re2.BenchmarkRe2SearchExtra.searchEasy2Re2,textSize=4096,Search_Easy2_CachedRE2/4096/threads:1,25.15281159080577,0.0027233539641059756,14,44.36337826064982,44.395462256998705,0.0007232090432875427,44.37941735944305,0.5667675036624552,-19.226605768637285,true
graviton,failed-search/easy2/re2/32768,failed-search,re2,io.airlift.slice.re2.BenchmarkRe2SearchExtra.searchEasy2Re2,textSize=32768,Search_Easy2_CachedRE2/32768/threads:1,24.999876533582345,0.00178774687741347,14,44.3588325555484,44.405387529753106,0.0010495085538241924,44.38210393837312,0.563287323383677,-19.382227404790775,true
graviton,failed-search/easy2/re2/262144,failed-search,re2,io.airlift.slice.re2.BenchmarkRe2SearchExtra.searchEasy2Re2,textSize=262144,Search_Easy2_CachedRE2/262144/threads:1,25.06109875908659,0.0010899498264304575,14,44.33572014770428,44.37741161992433,0.0009403585208756433,44.35656098550073,0.56499192458312,-19.295462226414138,true
graviton,failed-search/easy2/re2/2097152,failed-search,re2,io.airlift.slice.re2.BenchmarkRe2SearchExtra.searchEasy2Re2,textSize=2097152,Search_Easy2_CachedRE2/2097152/threads:1,25.005618872732292,0.002067974862175975,14,44.32398245815108,44.36668342981057,0.0009633830105363145,44.34532780428245,0.5638839560075929,-19.339708931550156,true
graviton,failed-search/easy2/re2/16777216,failed-search,re2,io.airlift.slice.re2.BenchmarkRe2SearchExtra.searchEasy2Re2,textSize=16777216,Search_Easy2_CachedRE2/16777216/threads:1,25.010424244309107,0.0006049880564786274,14,44.348463655633296,44.38790713806846,0.0008893990723430699,44.36818101367527,0.5637018167727077,-19.357756769366162,true
graviton,failed-search/fanout/dfa/8,failed-search,dfa,io.airlift.slice.re2.BenchmarkRe2SearchExtra.searchFanoutDfa,textSize=8,Search_Fanout_CachedDFA/8/threads:1,25.624011501419204,0.0011765456977646436,14,50.00650927409754,50.17546409778788,0.0033786566217661887,50.09091545118913,0.5115500739128717,-24.46690394976993,true
graviton,failed-search/fanout/dfa/64,failed-search,dfa,io.airlift.slice.re2.BenchmarkRe2SearchExtra.searchFanoutDfa,textSize=64,Search_Fanout_CachedDFA/64/threads:1,47.618693077537976,0.010286897080402388,14,149.49513932022117,150.58326682660163,0.007278681509836059,150.03821664341672,0.3173770932689059,-102.41952356587873,true
graviton,failed-search/fanout/dfa/512,failed-search,dfa,io.airlift.slice.re2.BenchmarkRe2SearchExtra.searchFanoutDfa,textSize=512,Search_Fanout_CachedDFA/512/threads:1,258.82610183439385,0.017629310428203447,14,953.4481015947742,953.9017771547469,0.000475826171570162,953.6749123973403,0.271398668948687,-694.8488105629465,true
graviton,failed-search/fanout/dfa/4096,failed-search,dfa,io.airlift.slice.re2.BenchmarkRe2SearchExtra.searchFanoutDfa,textSize=4096,Search_Fanout_CachedDFA/4096/threads:1,1920.5818708099268,0.02493902369647148,14,7380.842541290095,7376.7603025039325,0.0005533918168354986,7378.801139590429,0.26028372827466273,-5458.219268780502,true
graviton,failed-search/fanout/dfa/32768,failed-search,dfa,io.airlift.slice.re2.BenchmarkRe2SearchExtra.searchFanoutDfa,textSize=32768,Search_Fanout_CachedDFA/32768/threads:1,15287.449317033523,0.04100214268890206,14,59005.735275491155,59043.90957024416,0.0006469590553320947,59024.819336715176,0.25900035762624146,-43737.37001968165,true
graviton,failed-search/fanout/dfa/262144,failed-search,dfa,io.airlift.slice.re2.BenchmarkRe2SearchExtra.searchFanoutDfa,textSize=262144,Search_Fanout_CachedDFA/262144/threads:1,120038.20597763604,0.009214954872704387,14,473006.1894934938,473455.9018591729,0.0009507536596099434,473230.9922560154,0.25365668762602095,-353192.7862783794,true
graviton,failed-search/fanout/dfa/2097152,failed-search,dfa,io.airlift.slice.re2.BenchmarkRe2SearchExtra.searchFanoutDfa,textSize=2097152,Search_Fanout_CachedDFA/2097152/threads:1,964998.1310211946,0.013552371871873066,14,3784367.9729720666,3784518.6080950364,3.980456552998591e-05,3784443.2897840706,0.2549907759553862,-2819445.158762876,true
graviton,failed-search/fanout/dfa/16777216,failed-search,dfa,io.airlift.slice.re2.BenchmarkRe2SearchExtra.searchFanoutDfa,textSize=16777216,Search_Fanout_CachedDFA/16777216/threads:1,7820371.945192307,0.007576875226931377,14,30272763.555558413,30312277.111079313,0.0013052510203893977,30292513.890634254,0.25816186710110534,-22472141.945441946,true
graviton,failed-search/fanout/re2/8,failed-search,re2,io.airlift.slice.re2.BenchmarkRe2SearchExtra.searchFanoutRe2,textSize=8,Search_Fanout_CachedRE2/8/threads:1,27.651728916547995,0.0020923162160555882,14,56.514117094802224,56.898865168802786,0.0068079993774856065,56.70616482104115,0.4876317945996528,-29.054435904493154,true
graviton,failed-search/fanout/re2/64,failed-search,re2,io.airlift.slice.re2.BenchmarkRe2SearchExtra.searchFanoutRe2,textSize=64,Search_Fanout_CachedRE2/64/threads:1,47.86736807179909,0.006874002441523241,14,158.60397708487514,158.15983931365184,0.0028081577039447574,158.38175251666453,0.3022277965181791,-110.51438444486544,true
graviton,failed-search/fanout/re2/512,failed-search,re2,io.airlift.slice.re2.BenchmarkRe2SearchExtra.searchFanoutRe2,textSize=512,Search_Fanout_CachedRE2/512/threads:1,255.84481447345541,0.024946854869937193,14,961.7778426465835,962.4576554222738,0.0007068293170692965,962.1176889916967,0.265918418714016,-706.2728745182412,true
graviton,failed-search/fanout/re2/4096,failed-search,re2,io.airlift.slice.re2.BenchmarkRe2SearchExtra.searchFanoutRe2,textSize=4096,Search_Fanout_CachedRE2/4096/threads:1,1924.690901401955,0.015858611003800812,14,7391.953606888402,7397.327388971399,0.0007269772469878208,7394.640009780158,0.2602818932167566,-5469.949108378203,true
graviton,failed-search/fanout/re2/32768,failed-search,re2,io.airlift.slice.re2.BenchmarkRe2SearchExtra.searchFanoutRe2,textSize=32768,Search_Fanout_CachedRE2/32768/threads:1,15312.926863427929,0.038350022045048726,14,59004.387355115985,59044.469534247415,0.000679308453627302,59024.42504231684,0.2594337319245298,-43711.49817888891,true
graviton,failed-search/fanout/re2/262144,failed-search,re2,io.airlift.slice.re2.BenchmarkRe2SearchExtra.searchFanoutRe2,textSize=262144,Search_Fanout_CachedRE2/262144/threads:1,118408.87952368245,0.021205011306633076,14,472401.4054055012,472567.5382008288,0.00035167718263883776,472484.46450130973,0.25060904309025006,-354075.58497762727,true
graviton,failed-search/fanout/re2/2097152,failed-search,re2,io.airlift.slice.re2.BenchmarkRe2SearchExtra.searchFanoutRe2,textSize=2097152,Search_Fanout_CachedRE2/2097152/threads:1,968246.246615087,0.012854663821062068,14,3782648.3648657547,3783903.0405479753,0.0003316923914668807,3783275.6506946934,0.255928020057776,-2815029.4040796063,true
graviton,failed-search/fanout/re2/16777216,failed-search,re2,io.airlift.slice.re2.BenchmarkRe2SearchExtra.searchFanoutRe2,textSize=16777216,Search_Fanout_CachedRE2/16777216/threads:1,7829542.5859375,0.007351822265669726,14,30266791.88888516,30265086.249983143,5.635665095839382e-05,30265939.057418976,0.2586915466618662,-22436396.471481476,true
graviton,failed-search/big-fixed/dfa/8,failed-search,dfa,io.airlift.slice.re2.BenchmarkRe2SearchExtra.searchBigFixedDfa,textSize=8,Search_BigFixed_CachedDFA/8/threads:1,39.450067400148846,0.0017549143293599495,14,54.06286729950043,54.44248483181942,0.00702177948157952,54.25234403155055,0.727158763448204,-14.802276631401703,true
graviton,failed-search/big-fixed/dfa/64,failed-search,dfa,io.airlift.slice.re2.BenchmarkRe2SearchExtra.searchBigFixedDfa,textSize=64,Search_BigFixed_CachedDFA/64/threads:1,182.8176216545137,0.0006783214838167247,14,154.29046719668713,153.40438170613217,0.005776141989557925,153.8467865230147,1.1883096539501985,28.970835131498973,true
graviton,failed-search/big-fixed/dfa/512,failed-search,dfa,io.airlift.slice.re2.BenchmarkRe2SearchExtra.searchBigFixedDfa,textSize=512,Search_BigFixed_CachedDFA/512/threads:1,1409.4799712480012,0.001013143248388541,14,965.6917800170006,964.9673305961851,0.0007507502045358689,965.3294873470319,1.460102472495279,444.15048390096933,true
graviton,failed-search/big-fixed/dfa/4096,failed-search,dfa,io.airlift.slice.re2.BenchmarkRe2SearchExtra.searchBigFixedDfa,textSize=4096,Search_BigFixed_CachedDFA/4096/threads:1,11388.353306729834,0.002095839473879009,14,8923.566417156992,9872.373710429318,0.10632601909569381,9385.988626671706,1.2133355110156543,2002.3646800581282,false
graviton,failed-search/big-fixed/dfa/32768,failed-search,dfa,io.airlift.slice.re2.BenchmarkRe2SearchExtra.searchBigFixedDfa,textSize=32768,Search_BigFixed_CachedDFA/32768/threads:1,91465.65021149688,0.0015233408202092096,14,71947.77774916672,71727.46683821721,0.0030714999519839232,71837.53783772644,1.2732291913749647,19628.112373770433,true
graviton,failed-search/big-fixed/dfa/262144,failed-search,dfa,io.airlift.slice.re2.BenchmarkRe2SearchExtra.searchBigFixedDfa,textSize=262144,Search_BigFixed_CachedDFA/262144/threads:1,730836.5231394162,0.023477132707759352,14,566955.006097561,548820.3984216365,0.03304288202129168,557814.0123137862,1.3101795706205746,173022.51082563004,true
graviton,failed-search/big-fixed/dfa/1048576,failed-search,dfa,io.airlift.slice.re2.BenchmarkRe2SearchExtra.searchBigFixedDfa,textSize=1048576,Search_BigFixed_CachedDFA/1048576/threads:1,2761103.263736264,0.0049652584757347235,14,3167863.1046506674,3145283.6931707263,0.007178815548170488,3156553.2096346696,0.8747209631406233,-395449.94589840574,true
graviton,failed-search/big-fixed/re2/8,failed-search,re2,io.airlift.slice.re2.BenchmarkRe2SearchExtra.searchBigFixedRe2,textSize=8,Search_BigFixed_CachedRE2/8/threads:1,20.309269909841632,0.0013263766023138442,14,29.3115318046438,29.29368076160916,0.0006093820431754666,29.302604923777494,0.6930875245620824,-8.993335013935862,true
graviton,failed-search/big-fixed/re2/64,failed-search,re2,io.airlift.slice.re2.BenchmarkRe2SearchExtra.searchBigFixedRe2,textSize=64,Search_BigFixed_CachedRE2/64/threads:1,106.92731239345505,0.0006636943106203228,14,107.21647354590634,107.13878184253387,0.0007251501467195359,107.17762065450354,0.9976645473232199,-0.25030826104848813,true
graviton,failed-search/big-fixed/re2/512,failed-search,re2,io.airlift.slice.re2.BenchmarkRe2SearchExtra.searchBigFixedRe2,textSize=512,Search_BigFixed_CachedRE2/512/threads:1,330.8223896618042,0.009466710829151678,14,512.763560467599,512.4679753688596,0.0005767874539411217,512.615746613151,0.6453613488222818,-181.79335695134682,true
graviton,failed-search/big-fixed/re2/4096,failed-search,re2,io.airlift.slice.re2.BenchmarkRe2SearchExtra.searchBigFixedRe2,textSize=4096,Search_BigFixed_CachedRE2/4096/threads:1,2346.821389364146,0.000806530603904103,14,3765.052868589788,3764.5986552898307,0.00012065384428669641,3764.8257550898998,0.6233545831945432,-1418.0043657257538,true
graviton,failed-search/big-fixed/re2/32768,failed-search,re2,io.airlift.slice.re2.BenchmarkRe2SearchExtra.searchBigFixedRe2,textSize=32768,Search_BigFixed_CachedRE2/32768/threads:1,18695.51764984536,0.005429294211991228,14,30012.90759994954,29989.0257124729,0.0007963542298977526,30000.964279852073,0.623163891515341,-11305.446630006714,true
graviton,failed-search/big-fixed/re2/262144,failed-search,re2,io.airlift.slice.re2.BenchmarkRe2SearchExtra.searchBigFixedRe2,textSize=262144,Search_BigFixed_CachedRE2/262144/threads:1,149384.74537037036,0.0004387112235573071,14,240563.04388415706,240540.75171904714,9.26752117909492e-05,240551.89754337267,0.6210083848681159,-91167.15217300231,true
graviton,failed-search/big-fixed/re2/1048576,failed-search,re2,io.airlift.slice.re2.BenchmarkRe2SearchExtra.searchBigFixedRe2,textSize=1048576,Search_BigFixed_CachedRE2/1048576/threads:1,623370.676259462,0.04056168826008283,14,959876.7020546902,959713.208904348,0.00017035625729159965,959794.9519983054,0.6494831786326822,-336424.27573884337,true
graviton,successful-search/success/dfa/8,successful-search,dfa,io.airlift.slice.re2.BenchmarkRe2SearchExtra.searchSuccessDfa,textSize=8,Search_Success_CachedDFA/8/threads:1,39.55783734906651,0.0020784626812970566,14,53.71143202579576,52.92998410809181,0.014763804124862457,53.319276472474975,0.7419049913306206,-13.761439123408465,true
graviton,successful-search/success/dfa/64,successful-search,dfa,io.airlift.slice.re2.BenchmarkRe2SearchExtra.searchSuccessDfa,textSize=64,Search_Success_CachedDFA/64/threads:1,179.02508666041643,0.0005854684300992908,14,153.1855653915364,153.01675471112566,0.001103216969471221,153.10113678481235,1.169325652441372,25.92394987560408,true
graviton,successful-search/success/dfa/512,successful-search,dfa,io.airlift.slice.re2.BenchmarkRe2SearchExtra.searchSuccessDfa,textSize=512,Search_Success_CachedDFA/512/threads:1,595.3892042636521,0.0014900109510692246,14,963.8893187760789,960.4377273567607,0.003593769091950825,962.161975318477,0.6188035066201587,-366.77277105482483,true
graviton,successful-search/success/dfa/4096,successful-search,dfa,io.airlift.slice.re2.BenchmarkRe2SearchExtra.searchSuccessDfa,textSize=4096,Search_Success_CachedDFA/4096/threads:1,4533.858660591783,0.0014106460406674497,14,7424.411247151429,7392.038283838886,0.00437943664108446,7408.207082277558,0.6120048495185837,-2874.348421685775,true
graviton,successful-search/success/dfa/32768,successful-search,dfa,io.airlift.slice.re2.BenchmarkRe2SearchExtra.searchSuccessDfa,textSize=32768,Search_Success_CachedDFA/32768/threads:1,36191.9379210395,0.0014773895930660363,14,59056.367789468684,58936.34245420234,0.0020365250076319246,58996.32459858369,0.6134608921368019,-22804.386677544193,true
graviton,successful-search/success/dfa/262144,successful-search,dfa,io.airlift.slice.re2.BenchmarkRe2SearchExtra.searchSuccessDfa,textSize=262144,Search_Success_CachedDFA/262144/threads:1,293131.4967760844,0.0028720808669641094,14,473995.1986419402,472248.12903206283,0.0036994738623067087,473120.85742317175,0.619570015096375,-179989.36064708733,true
graviton,successful-search/success/dfa/2097152,successful-search,dfa,io.airlift.slice.re2.BenchmarkRe2SearchExtra.searchSuccessDfa,textSize=2097152,Search_Success_CachedDFA/2097152/threads:1,2313579.1267281105,0.0007523464144926621,14,3773214.5540518546,3773224.1126691466,2.533282206734719e-06,3773219.333357474,0.6131578692695421,-1459640.2066293634,true
graviton,successful-search/success/dfa/16777216,successful-search,dfa,io.airlift.slice.re2.BenchmarkRe2SearchExtra.searchSuccessDfa,textSize=16777216,Search_Success_CachedDFA/16777216/threads:1,18505042.10714286,0.001331123259348039,14,30179761.555549104,30176552.999869775,0.00010632611615192053,30178157.23506755,0.6131932431460617,-11673115.127924692,true
graviton,successful-search/success/re2/8,successful-search,re2,io.airlift.slice.re2.BenchmarkRe2SearchExtra.searchSuccessRe2,textSize=8,Search_Success_CachedRE2/8/threads:1,28.724085766249548,0.0019136662039182413,14,43.349993844230454,43.03769921939731,0.007256303903262335,43.1935642918099,0.6650084621911148,-14.469478525560351,true
graviton,successful-search/success/re2/64,successful-search,re2,io.airlift.slice.re2.BenchmarkRe2SearchExtra.searchSuccessRe2,textSize=64,Search_Success_CachedRE2/64/threads:1,182.87490896302654,0.0005911234550678261,14,160.00163251135558,160.01114172842435,5.9432000283453073e-05,160.00638704924808,1.1429225566273165,22.868521913778466,true
graviton,successful-search/success/re2/512,successful-search,re2,io.airlift.slice.re2.BenchmarkRe2SearchExtra.searchSuccessRe2,textSize=512,Search_Success_CachedRE2/512/threads:1,592.9316346030473,0.001477937517844714,14,967.9265768381536,969.3517626337077,0.0014724110585016775,968.6389076214496,0.6121286579939538,-375.70727301840225,true
graviton,successful-search/success/re2/4096,successful-search,re2,io.airlift.slice.re2.BenchmarkRe2SearchExtra.searchSuccessRe2,textSize=4096,Search_Success_CachedRE2/4096/threads:1,4529.117659907724,0.0010481176452615958,14,7418.109801007553,7400.694753821906,0.0023531638264980203,7409.397160875604,0.611266687635961,-2880.2795009678794,true
graviton,successful-search/success/re2/32768,successful-search,re2,io.airlift.slice.re2.BenchmarkRe2SearchExtra.searchSuccessRe2,textSize=32768,Search_Success_CachedRE2/32768/threads:1,36143.67913414282,0.0016206876913117,14,58998.69882054452,58937.47294168692,0.0010388276897819707,58968.0779348503,0.6129363615018186,-22824.39880070748,true
graviton,successful-search/success/re2/262144,successful-search,re2,io.airlift.slice.re2.BenchmarkRe2SearchExtra.searchSuccessRe2,textSize=262144,Search_Success_CachedRE2/262144/threads:1,293622.9916181125,0.002525322762909933,14,474828.42275051866,476756.555178646,0.004060692948746263,475791.51225242246,0.6171253249728763,-182168.52063430997,true
graviton,successful-search/success/re2/2097152,successful-search,re2,io.airlift.slice.re2.BenchmarkRe2SearchExtra.searchSuccessRe2,textSize=2097152,Search_Success_CachedRE2/2097152/threads:1,2315850.8425925924,0.0033456873568215996,14,3773122.3918903247,3773801.2026877827,0.0001799069118237552,3773461.7820250825,0.6137204976141981,-1457610.9394324902,true
graviton,successful-search/success/re2/16777216,successful-search,re2,io.airlift.slice.re2.BenchmarkRe2SearchExtra.searchSuccessRe2,textSize=16777216,Search_Success_CachedRE2/16777216/threads:1,18443327.410714284,0.0036145812989930924,14,30179298.749999363,30187788.33332666,0.0002813048572673446,30183543.243184865,0.6110391766174966,-11740215.832470581,true
graviton,successful-search/success/one-pass/8,successful-search,one-pass,io.airlift.slice.re2.BenchmarkRe2SearchExtra.searchSuccessOnePass,textSize=8,Search_Success_CachedOnePass/8/threads:1,24.001645837100746,0.0017164746084834396,14,20.934753511419274,20.623183023283257,0.015107778842104942,20.778384278218592,1.155125707356419,3.223261558882154,true
graviton,successful-search/success/one-pass/64,successful-search,one-pass,io.airlift.slice.re2.BenchmarkRe2SearchExtra.searchSuccessOnePass,textSize=64,Search_Success_CachedOnePass/64/threads:1,225.03380085519075,0.0007557332628141126,14,219.8195161781486,216.1169337146689,0.01713231073492872,217.96036292652738,1.0324528636018457,7.073437928663367,true
graviton,successful-search/success/one-pass/512,successful-search,one-pass,io.airlift.slice.re2.BenchmarkRe2SearchExtra.searchSuccessOnePass,textSize=512,Search_Success_CachedOnePass/512/threads:1,1854.2909018882242,0.0031203225653701184,14,1847.237351519288,1826.640664148726,0.01127571928886228,1836.9101400502764,1.009461955410335,17.38076183794783,true
graviton,successful-search/success/one-pass/4096,successful-search,one-pass,io.airlift.slice.re2.BenchmarkRe2SearchExtra.searchSuccessOnePass,textSize=4096,Search_Success_CachedOnePass/4096/threads:1,14832.546930299488,0.0011705856598891882,14,14831.356923408655,14668.417814983308,0.011108158390396444,14749.662372939374,1.0056194206527858,82.88455736011383,true
graviton,successful-search/success/one-pass/32768,successful-search,one-pass,io.airlift.slice.re2.BenchmarkRe2SearchExtra.searchSuccessOnePass,textSize=32768,Search_Success_CachedOnePass/32768/threads:1,119787.0845508982,0.004961495779010516,14,118764.90453974139,117568.96644279831,0.010172225997452712,118165.42250766508,1.0137236596697983,1621.6620432331256,true
graviton,successful-search/success/one-pass/262144,successful-search,one-pass,io.airlift.slice.re2.BenchmarkRe2SearchExtra.searchSuccessOnePass,textSize=262144,Search_Success_CachedOnePass/262144/threads:1,967954.7001934235,0.0028845786129577267,14,958342.908163667,942333.558923075,0.016989047125614325,950304.5213606836,1.0185731820021942,17650.17883273994,true
graviton,successful-search/success/one-pass/2097152,successful-search,one-pass,io.airlift.slice.re2.BenchmarkRe2SearchExtra.searchSuccessOnePass,textSize=2097152,Search_Success_CachedOnePass/2097152/threads:1,7741170.199999999,0.005733939037290752,14,7610307.459461527,7524264.648669193,0.01143537804821268,7567163.760797689,1.0229949350513285,174006.43920231052,true
graviton,successful-search/success-one-byte/dfa/8,successful-search,dfa,io.airlift.slice.re2.BenchmarkRe2SearchExtra.searchSuccess1Dfa,textSize=8,Search_Success1_CachedDFA/8/threads:1,39.50052567081687,0.0006837634743924282,14,52.98051247220062,52.887168085548105,0.0017649722991695841,52.93381970324598,0.7462247367044748,-13.43329403242911,true
graviton,successful-search/success-one-byte/dfa/64,successful-search,dfa,io.airlift.slice.re2.BenchmarkRe2SearchExtra.searchSuccess1Dfa,textSize=64,Search_Success1_CachedDFA/64/threads:1,179.05739145307209,0.0023361267569351023,14,153.62163327578665,153.60194133152706,0.00012820114178823536,153.61178698811085,1.1656487758125662,25.445604464961235,true
graviton,successful-search/success-one-byte/dfa/512,successful-search,dfa,io.airlift.slice.re2.BenchmarkRe2SearchExtra.searchSuccess1Dfa,textSize=512,Search_Success1_CachedDFA/512/threads:1,599.9719425384219,0.011346424674468798,14,964.2807399502166,959.3727396087515,0.005115843028296377,961.8236092122055,0.623785834317206,-361.8516666737836,true
graviton,successful-search/success-one-byte/dfa/4096,successful-search,dfa,io.airlift.slice.re2.BenchmarkRe2SearchExtra.searchSuccess1Dfa,textSize=4096,Search_Success1_CachedDFA/4096/threads:1,4532.63932976953,0.0007653686552286994,14,7395.244729189831,7393.2912057260155,0.00026422920583760645,7394.2679029442015,0.6129936579610206,-2861.628573174671,true
graviton,successful-search/success-one-byte/dfa/32768,successful-search,dfa,io.airlift.slice.re2.BenchmarkRe2SearchExtra.searchSuccess1Dfa,textSize=32768,Search_Success1_CachedDFA/32768/threads:1,36167.17612804641,0.002081094912890474,14,58927.20985054333,58921.80398354972,9.174646104050501e-05,58924.50685505322,0.6137883549371581,-22757.33072700681,true
graviton,successful-search/success-one-byte/dfa/262144,successful-search,dfa,io.airlift.slice.re2.BenchmarkRe2SearchExtra.searchSuccess1Dfa,textSize=262144,Search_Success1_CachedDFA/262144/threads:1,292615.26047926524,0.0022806152358622656,14,472647.09152525524,472402.7118646841,0.000517312145831015,472524.88589648495,0.6192589410907088,-179909.6254172197,true
graviton,successful-search/success-one-byte/dfa/2097152,successful-search,dfa,io.airlift.slice.re2.BenchmarkRe2SearchExtra.searchSuccess1Dfa,textSize=2097152,Search_Success1_CachedDFA/2097152/threads:1,2313622.4884792627,0.0006626929402664991,14,3774073.0675658276,3772037.5675652996,0.0005396287720013071,3773055.1803008015,0.6131960382023388,-1459432.6918215388,true
graviton,successful-search/success-one-byte/dfa/16777216,successful-search,dfa,io.airlift.slice.re2.BenchmarkRe2SearchExtra.searchSuccess1Dfa,textSize=16777216,Search_Success1_CachedDFA/16777216/threads:1,18512022.42857143,0.0011309589532720488,14,30189297.999982048,30176574.124880064,0.00042164743583311307,30182935.391948737,0.6133274377782848,-11670912.963377308,true
graviton,successful-search/success-one-byte/re2/8,successful-search,re2,io.airlift.slice.re2.BenchmarkRe2SearchExtra.searchSuccess1Re2,textSize=8,Search_Success1_CachedRE2/8/threads:1,42.435777276034656,0.0046708793110794376,14,59.976241880297344,59.80999683108787,0.0027795528844278693,59.893061674964855,0.7085257639078535,-17.4572843989302,true
graviton,successful-search/success-one-byte/re2/64,successful-search,re2,io.airlift.slice.re2.BenchmarkRe2SearchExtra.searchSuccess1Re2,textSize=64,Search_Success1_CachedRE2/64/threads:1,183.49634682858294,0.0006133303180842473,14,160.0341954072559,159.77910575804736,0.0015965144378441052,159.90659971645937,1.1475220357005407,23.589747112123575,true
graviton,successful-search/success-one-byte/re2/512,successful-search,re2,io.airlift.slice.re2.BenchmarkRe2SearchExtra.searchSuccess1Re2,textSize=512,Search_Success1_CachedRE2/512/threads:1,592.4395443448682,0.000409678894257647,14,968.5265192664799,971.4351685248821,0.0030031694543636014,969.9797536363583,0.6107751652793482,-377.5402092914901,true
graviton,successful-search/success-one-byte/re2/4096,successful-search,re2,io.airlift.slice.re2.BenchmarkRe2SearchExtra.searchSuccess1Re2,textSize=4096,Search_Success1_CachedRE2/4096/threads:1,4522.648538148746,0.0024915420012141965,14,7399.188080311134,7399.748009857307,7.567445780469374e-05,7399.468039787876,0.6112126593195475,-2876.819501639129,true
graviton,successful-search/success-one-byte/re2/32768,successful-search,re2,io.airlift.slice.re2.BenchmarkRe2SearchExtra.searchSuccess1Re2,textSize=32768,Search_Success1_CachedRE2/32768/threads:1,36037.91882562718,0.0007753938231689875,14,58918.592335261244,58908.00189464291,0.00017977932161531595,58913.29687698069,0.6117111201717239,-22875.37805135351,true
graviton,successful-search/success-one-byte/re2/262144,successful-search,re2,io.airlift.slice.re2.BenchmarkRe2SearchExtra.searchSuccess1Re2,textSize=262144,Search_Success1_CachedRE2/262144/threads:1,292321.2886229223,0.002589646016892739,14,471586.9593221244,472294.3587152621,0.0015000401922786444,471940.5264771432,0.6194028107842099,-179619.2378542209,true
graviton,successful-search/success-one-byte/re2/2097152,successful-search,re2,io.airlift.slice.re2.BenchmarkRe2SearchExtra.searchSuccess1Re2,textSize=2097152,Search_Success1_CachedRE2/2097152/threads:1,2305387.9516129033,0.00048573937013589704,14,3773375.837838373,3773234.256752059,3.7522474535189366e-05,3773305.0466311695,0.6109731185585349,-1467917.0950182662,true
graviton,successful-search/success-one-byte/re2/16777216,successful-search,re2,io.airlift.slice.re2.BenchmarkRe2SearchExtra.searchSuccess1Re2,textSize=16777216,Search_Success1_CachedRE2/16777216/threads:1,18450472.089285716,0.0025513753951915473,14,30184326.37497881,30184745.874976218,1.389794134199864e-05,30184536.124248747,0.6112557772409671,-11734064.03496303,true
graviton,successful-search/success-one-byte/bit-state/8,successful-search,bit-state,io.airlift.slice.re2.BenchmarkRe2SearchExtra.searchSuccess1BitState,textSize=8,Search_Success1_CachedBitState/8/threads:1,155.6875608646199,0.005509043460707547,14,136.2909752658408,135.8348717330262,0.0033577793904870624,136.06273238328168,1.1442336791095455,19.624828481338227,true
graviton,successful-search/success-one-byte/bit-state/64,successful-search,bit-state,io.airlift.slice.re2.BenchmarkRe2SearchExtra.searchSuccess1BitState,textSize=64,Search_Success1_CachedBitState/64/threads:1,499.2018918287006,0.0033541152699491108,14,637.0725588069122,637.1746514363573,0.0001602527499164392,637.1236030767205,0.7835244047120762,-137.92171124801996,true
graviton,successful-search/success-one-byte/bit-state/512,successful-search,bit-state,io.airlift.slice.re2.BenchmarkRe2SearchExtra.searchSuccess1BitState,textSize=512,Search_Success1_CachedBitState/512/threads:1,3149.9932948847363,0.004934907193194055,14,4567.1489283914225,4210.874089010342,0.08460828603517186,4385.394974596335,0.7182918102319132,-1235.4016797115983,false
graviton,successful-search/success-one-byte/bit-state/4096,successful-search,bit-state,io.airlift.slice.re2.BenchmarkRe2SearchExtra.searchSuccess1BitState,textSize=4096,Search_Success1_CachedBitState/4096/threads:1,28310.8359708085,0.007034243860673069,14,25011.597678558574,25220.12713111245,0.008337310364329158,25115.645984236286,1.1272191043215716,3195.1899865722153,true
graviton,successful-search/success-one-byte/bit-state/32768,successful-search,bit-state,io.airlift.slice.re2.BenchmarkRe2SearchExtra.searchSuccess1BitState,textSize=32768,Search_Success1_CachedBitState/32768/threads:1,212902.29951378962,0.013516258200377043,14,200272.36583632897,201496.2735778134,0.006111216274763864,200883.38760741983,1.0598302928356524,12018.911906369787,true
graviton,successful-search/success-one-byte/bit-state/262144,successful-search,bit-state,io.airlift.slice.re2.BenchmarkRe2SearchExtra.searchSuccess1BitState,textSize=262144,Search_Success1_CachedBitState/262144/threads:1,1692933.4476351351,0.005775677151607366,14,1593271.4488632819,1612755.8850524204,0.012229200619291657,1602984.0628154275,1.0561137112378545,89949.3848197076,true
graviton,successful-search/success-one-byte/bit-state/2097152,successful-search,bit-state,io.airlift.slice.re2.BenchmarkRe2SearchExtra.searchSuccess1BitState,textSize=2097152,Search_Success1_CachedBitState/2097152/threads:1,13757383.85135135,0.005822830859047326,14,12762315.772730205,12898379.590958279,0.010661373738989196,12830167.313653717,1.0722684681368808,927216.5376976337,true
graviton,successful-search/alternate-match/dfa/8,successful-search,dfa,io.airlift.slice.re2.BenchmarkRe2SearchExtra.searchAltMatchDfa,textSize=8,Search_AltMatch_CachedDFA/8/threads:1,22.98121157301382,0.0015548578064872856,14,34.5466505880437,34.02955180808751,0.015195580090869468,34.28712638851104,0.6702577320890438,-11.305914815497221,true
graviton,successful-search/alternate-match/dfa/64,successful-search,dfa,io.airlift.slice.re2.BenchmarkRe2SearchExtra.searchAltMatchDfa,textSize=64,Search_AltMatch_CachedDFA/64/threads:1,23.03849806081667,0.0014786312706445268,14,34.5436554553786,34.16008001165484,0.011228763035475544,34.351332350445595,0.6706726197919314,-11.312834289628924,true
graviton,successful-search/alternate-match/dfa/512,successful-search,dfa,io.airlift.slice.re2.BenchmarkRe2SearchExtra.searchAltMatchDfa,textSize=512,Search_AltMatch_CachedDFA/512/threads:1,29.42521475977044,0.005604300335637218,14,34.589715412841976,34.14299632650818,0.013083769276188756,34.36563001423991,0.8562396425608279,-4.940415254469471,true
graviton,successful-search/alternate-match/dfa/4096,successful-search,dfa,io.airlift.slice.re2.BenchmarkRe2SearchExtra.searchAltMatchDfa,textSize=4096,Search_AltMatch_CachedDFA/4096/threads:1,29.526063957212244,0.008321214813592074,14,34.598517270588246,34.03294026141495,0.016618517378427112,34.314563546742995,0.8604528487442977,-4.788499589530751,true
graviton,successful-search/alternate-match/dfa/32768,successful-search,dfa,io.airlift.slice.re2.BenchmarkRe2SearchExtra.searchAltMatchDfa,textSize=32768,Search_AltMatch_CachedDFA/32768/threads:1,29.544343369867725,0.005104759775083582,14,34.550921971282555,34.15024576260349,0.011732747443880174,34.34999966002672,0.8600973409687872,-4.805656290158993,true
graviton,successful-search/alternate-match/dfa/262144,successful-search,dfa,io.airlift.slice.re2.BenchmarkRe2SearchExtra.searchAltMatchDfa,textSize=262144,Search_AltMatch_CachedDFA/262144/threads:1,29.388134684379196,0.007172772749572202,14,34.46615736381686,34.04480459057358,0.012376419201417608,34.25483312525553,0.8579266632804526,-4.866698440876334,true
graviton,successful-search/alternate-match/dfa/2097152,successful-search,dfa,io.airlift.slice.re2.BenchmarkRe2SearchExtra.searchAltMatchDfa,textSize=2097152,Search_AltMatch_CachedDFA/2097152/threads:1,29.385804894054274,0.008465022719808191,14,34.47721086521859,34.0049981386167,0.013886568223794,34.24029046746615,0.8582230025757396,-4.854485573411878,true
graviton,successful-search/alternate-match/dfa/16777216,successful-search,dfa,io.airlift.slice.re2.BenchmarkRe2SearchExtra.searchAltMatchDfa,textSize=16777216,Search_AltMatch_CachedDFA/16777216/threads:1,29.451100154357245,0.003414015631728303,14,34.467921296093124,34.08140011865065,0.011341117914664422,34.274115844909986,0.8592811055323255,-4.82301569055274,true
graviton,successful-search/alternate-match/re2/8,successful-search,re2,io.airlift.slice.re2.BenchmarkRe2SearchExtra.searchAltMatchRe2,textSize=8,Search_AltMatch_CachedRE2/8/threads:1,7.161806142851827,0.0021751406888687462,14,43.291767861504674,43.37269393961262,0.0018693179351518944,43.33221200864087,0.16527672627060191,-36.17040586578905,true
graviton,successful-search/alternate-match/re2/64,successful-search,re2,io.airlift.slice.re2.BenchmarkRe2SearchExtra.searchAltMatchRe2,textSize=64,Search_AltMatch_CachedRE2/64/threads:1,25.383199456972285,0.0010203326014686194,14,44.23325568400209,44.20551287408099,0.0006275871066155467,44.21938210334548,0.5740288138275881,-18.836182646373196,true
graviton,successful-search/alternate-match/re2/512,successful-search,re2,io.airlift.slice.re2.BenchmarkRe2SearchExtra.searchAltMatchRe2,textSize=512,Search_AltMatch_CachedRE2/512/threads:1,31.804792096447215,0.0006499797482814907,14,44.264416446888426,44.2397993173173,0.0005564475868110508,44.2521061703113,0.7187181548837787,-12.447314073864085,true
graviton,successful-search/alternate-match/re2/4096,successful-search,re2,io.airlift.slice.re2.BenchmarkRe2SearchExtra.searchAltMatchRe2,textSize=4096,Search_AltMatch_CachedRE2/4096/threads:1,31.526060959964546,0.0006932428919211919,14,44.25299887342148,44.20184401828197,0.0011573013813260227,44.2274140499327,0.7128171890034461,-12.701353089968151,true
graviton,successful-search/alternate-match/re2/32768,successful-search,re2,io.airlift.slice.re2.BenchmarkRe2SearchExtra.searchAltMatchRe2,textSize=32768,Search_AltMatch_CachedRE2/32768/threads:1,31.627498332227155,0.0037641206736586633,14,44.10872754615793,44.09261947585217,0.00036532350532233364,44.10067277555729,0.7171658920758377,-12.473174443330137,true
graviton,successful-search/alternate-match/re2/262144,successful-search,re2,io.airlift.slice.re2.BenchmarkRe2SearchExtra.searchAltMatchRe2,textSize=262144,Search_AltMatch_CachedRE2/262144/threads:1,31.60823880420684,0.0017018598131472152,14,44.165140380009184,44.09321743550232,0.0016311566424489694,44.1291642550052,0.7162664269269905,-12.520925450798359,true
graviton,successful-search/alternate-match/re2/2097152,successful-search,re2,io.airlift.slice.re2.BenchmarkRe2SearchExtra.searchAltMatchRe2,textSize=2097152,Search_AltMatch_CachedRE2/2097152/threads:1,31.61576868837369,0.001923232586000677,14,44.159971818575194,44.08321903684638,0.0017410884097339002,44.121578738064365,0.7165602318100708,-12.505810049690673,true
graviton,successful-search/alternate-match/re2/16777216,successful-search,re2,io.airlift.slice.re2.BenchmarkRe2SearchExtra.searchAltMatchRe2,textSize=16777216,Search_AltMatch_CachedRE2/16777216/threads:1,31.76660705328826,0.005653403064702799,14,44.15810400799718,44.11180758165246,0.0010495245804431953,44.13494972435527,0.7197608075161869,-12.368342671067012,true
graviton,successful-search/alternate-match/one-pass/8,successful-search,one-pass,io.airlift.slice.re2.BenchmarkRe2SearchExtra.searchAltMatchOnePass,textSize=8,Search_AltMatch_CachedOnePass/8/threads:1,3.1462630826016316,0.01143256190095195,14,25.09986116007324,25.682388024109365,0.02320836997149454,25.389453985154404,0.1239200765972084,-22.243190902552772,true
graviton,successful-search/alternate-match/one-pass/64,successful-search,one-pass,io.airlift.slice.re2.BenchmarkRe2SearchExtra.searchAltMatchOnePass,textSize=64,Search_AltMatch_CachedOnePass/64/threads:1,3.1085684597659533,0.005417009726384793,14,226.32791735623792,225.6886455474567,0.002832538638488103,226.0080554265844,0.01375423744918565,-222.89948696681844,true
graviton,successful-search/alternate-match/one-pass/512,successful-search,one-pass,io.airlift.slice.re2.BenchmarkRe2SearchExtra.searchAltMatchOnePass,textSize=512,Search_AltMatch_CachedOnePass/512/threads:1,3.11996319476624,0.01349900768588485,14,1838.9588066411027,1838.9611295377576,1.2631586126729885e-06,1838.9599680890633,0.001696591143312553,-1835.840004894297,true
graviton,successful-search/alternate-match/one-pass/4096,successful-search,one-pass,io.airlift.slice.re2.BenchmarkRe2SearchExtra.searchAltMatchOnePass,textSize=4096,Search_AltMatch_CachedOnePass/4096/threads:1,3.1211182638749393,0.010828300737052066,14,14682.864313150585,14688.404710593619,0.0003773376450854698,14685.63425059633,0.00021252866649243987,-14682.513132332455,true
graviton,successful-search/alternate-match/one-pass/32768,successful-search,one-pass,io.airlift.slice.re2.BenchmarkRe2SearchExtra.searchAltMatchOnePass,textSize=32768,Search_AltMatch_CachedOnePass/32768/threads:1,3.1043166996505724,0.005366013847414083,14,117514.93324939036,117575.79974809599,0.0005179469282976525,117545.36255906138,2.6409520818745953e-05,-117542.25824236173,true
graviton,successful-search/alternate-match/one-pass/262144,successful-search,one-pass,io.airlift.slice.re2.BenchmarkRe2SearchExtra.searchAltMatchOnePass,textSize=262144,Search_AltMatch_CachedOnePass/262144/threads:1,3.126991673094702,0.004105445828439245,14,940689.2516773229,940814.7441056579,0.00013340476476291087,940751.9957989691,3.323927758919062e-06,-940748.8688072959,true
graviton,successful-search/alternate-match/one-pass/2097152,successful-search,one-pass,io.airlift.slice.re2.BenchmarkRe2SearchExtra.searchAltMatchOnePass,textSize=2097152,Search_AltMatch_CachedOnePass/2097152/threads:1,3.1149986900129596,0.007987728047716074,14,7550228.2432451565,7544412.02701167,0.0007709303538383366,7547319.574857153,4.1272913636652477e-07,-7547316.459858463,true
graviton,successful-search/alternate-match/one-pass/16777216,successful-search,one-pass,io.airlift.slice.re2.BenchmarkRe2SearchExtra.searchAltMatchOnePass,textSize=16777216,Search_AltMatch_CachedOnePass/16777216/threads:1,3.1250895207311427,0.006538963109523949,14,60382957.49999634,60445201.499987885,0.0010308206581558608,60414071.48382307,5.1727841610012e-08,-60414068.35873355,true
graviton,successful-search/alternate-match/bit-state/8,successful-search,bit-state,io.airlift.slice.re2.BenchmarkRe2SearchExtra.searchAltMatchBitState,textSize=8,Search_AltMatch_CachedBitState/8/threads:1,99.50118317750344,0.016875875949315076,14,61.61423406225261,60.514632115789006,0.01817084410857235,61.06195793923851,1.6295118357736744,38.439225238264925,true
graviton,successful-search/alternate-match/bit-state/64,successful-search,bit-state,io.airlift.slice.re2.BenchmarkRe2SearchExtra.searchAltMatchBitState,textSize=64,Search_AltMatch_CachedBitState/64/threads:1,103.29586067448707,0.004136776332746584,14,62.2958038387002,59.18203002504142,0.052613501299993676,60.71896024485306,1.7012126073625102,42.576900429634016,false
graviton,successful-search/alternate-match/bit-state/512,successful-search,bit-state,io.airlift.slice.re2.BenchmarkRe2SearchExtra.searchAltMatchBitState,textSize=512,Search_AltMatch_CachedBitState/512/threads:1,125.11119321652512,0.005191517251611328,14,58.96090429162008,58.69058848196896,0.004605777802588742,58.82559111733797,2.126815741927164,66.28560209918714,true
graviton,successful-search/alternate-match/bit-state/4096,successful-search,bit-state,io.airlift.slice.re2.BenchmarkRe2SearchExtra.searchAltMatchBitState,textSize=4096,Search_AltMatch_CachedBitState/4096/threads:1,262.0747726672397,0.006185923807667946,14,99.25405854981709,99.69781015366367,0.004470866081751742,99.47568691032137,2.634561075245487,162.59908575691833,true
graviton,successful-search/alternate-match/bit-state/32768,successful-search,bit-state,io.airlift.slice.re2.BenchmarkRe2SearchExtra.searchAltMatchBitState,textSize=32768,Search_AltMatch_CachedBitState/32768/threads:1,488.65269230953805,0.006777830118734083,14,164.41960352846786,163.40473565894436,0.00621076167365011,163.91138414313303,2.9812004508657544,324.741308166405,true
graviton,successful-search/alternate-match/bit-state/262144,successful-search,bit-state,io.airlift.slice.re2.BenchmarkRe2SearchExtra.searchAltMatchBitState,textSize=262144,Search_AltMatch_CachedBitState/262144/threads:1,1861.2239077656986,0.010276859619171906,14,712.9730240737176,740.7671141263265,0.03898336839422293,726.7372080009443,2.5610686879311126,1134.4866997647543,true
graviton,successful-search/alternate-match/bit-state/2097152,successful-search,bit-state,io.airlift.slice.re2.BenchmarkRe2SearchExtra.searchAltMatchBitState,textSize=2097152,Search_AltMatch_CachedBitState/2097152/threads:1,12183.84119704345,0.0034921939204690723,14,4818.786134382265,4839.041188643094,0.004203351984498329,4828.903041430633,2.5231074412779697,7354.938155612817,true
graviton,successful-search/alternate-match/bit-state/16777216,successful-search,bit-state,io.airlift.slice.re2.BenchmarkRe2SearchExtra.searchAltMatchBitState,textSize=16777216,Search_AltMatch_CachedBitState/16777216/threads:1,94514.54074974859,0.01425154677983353,14,67196.92353418798,67269.27473079744,0.001076704003757578,67233.08940012856,1.4057741744880736,27281.451349620023,true
graviton,capture/digits/nfa,capture,nfa,io.airlift.slice.re2.BenchmarkRe2Parse.parse3DigitsNfa,,Parse_CachedDigits_NFA/threads:1,655.140253096444,0.0025454985723264364,14,486.91417899383225,485.61929012456073,0.002666469177819069,486.2663035360029,1.347286966693833,168.87394956044108,true
graviton,capture/digits/one-pass,capture,one-pass,io.airlift.slice.re2.BenchmarkRe2Parse.parse3DigitsOnePass,,Parse_CachedDigits_OnePass/threads:1,51.873974986633854,0.0026326155897621437,14,43.415190525157435,43.55974422248401,0.003329564965119949,43.487407311154676,1.1928504869345935,8.386567675479178,true
graviton,capture/digits/bit-state,capture,bit-state,io.airlift.slice.re2.BenchmarkRe2Parse.parse3DigitsBitState,,Parse_CachedDigits_BitState/threads:1,297.4341512882396,0.0699183314191952,14,205.73285436642556,206.1960830247348,0.0022516027385893513,205.96433846628682,1.444105098499491,91.46981282195279,false
graviton,capture/digits/backtrack,capture,backtrack,io.airlift.slice.re2.BenchmarkRe2Parse.parse3DigitsBacktrack,,Parse_CachedDigits_Backtrack/threads:1,441.6930806371138,0.003174139979600201,14,213.16092079737297,211.65007225662004,0.007138426765671349,212.4041531822098,2.0794936163899282,229.28892745490398,true
graviton,capture/digits/re2,capture,re2,io.airlift.slice.re2.BenchmarkRe2Parse.parse3DigitsRe2,,Parse_CachedDigits_RE2/threads:1,62.42701363993878,0.005526774775164128,14,67.18043402980372,67.28502360855981,0.001556845832667456,67.23270848127895,0.928521474890777,-4.80569484134017,true
graviton,capture/digit-classes/nfa,capture,nfa,io.airlift.slice.re2.BenchmarkRe2Parse.parse3DigitDsNfa,,Parse_CachedDigitDs_NFA/threads:1,655.7975389390557,0.003423237097872858,14,486.8932740187521,485.6843034023561,0.002489210806128249,486.28841300517337,1.3485773491627056,169.50912593388233,true
graviton,capture/digit-classes/one-pass,capture,one-pass,io.airlift.slice.re2.BenchmarkRe2Parse.parse3DigitDsOnePass,,Parse_CachedDigitDs_OnePass/threads:1,51.87020735319288,0.001623361915469667,14,43.65369811565377,43.817654855551254,0.0037558499502861812,43.73559965520245,1.1859951106677646,8.134607697990432,true
graviton,capture/digit-classes/bit-state,capture,bit-state,io.airlift.slice.re2.BenchmarkRe2Parse.parse3DigitDsBitState,,Parse_CachedDigitDs_BitState/threads:1,277.3808335754634,0.004566667837340649,14,206.2443912294246,205.87540691828434,0.0017922699785443968,206.0598164829126,1.3461180268422934,71.32101709255079,true
graviton,capture/digit-classes/backtrack,capture,backtrack,io.airlift.slice.re2.BenchmarkRe2Parse.parse3DigitDsBacktrack,,Parse_CachedDigitDs_Backtrack/threads:1,444.0870207759044,0.002880094780144747,14,213.9307724824129,211.76674569165556,0.010218916967767354,212.8460088700339,2.0864239979574566,231.24101190587052,true
graviton,capture/digit-classes/re2,capture,re2,io.airlift.slice.re2.BenchmarkRe2Parse.parse3DigitDsRe2,,Parse_CachedDigitDs_RE2/threads:1,62.24049206938291,0.003689671120827642,14,66.6036420722914,67.43165442044601,0.01243193799005606,67.01636945822887,0.9287356592507933,-4.775877388845956,true
graviton,capture/split/nfa,capture,nfa,io.airlift.slice.re2.BenchmarkRe2Parse.parse1SplitNfa,,Parse_CachedSplit_NFA/threads:1,646.958011847239,0.0026105235757815453,14,526.3275235817637,523.8510527046999,0.004727433235606738,525.0878281733111,1.2320948556318532,121.87018367392795,true
graviton,capture/split/one-pass,capture,one-pass,io.airlift.slice.re2.BenchmarkRe2Parse.parse1SplitOnePass,,Parse_CachedSplit_OnePass/threads:1,47.54036657813599,0.0030352687014406883,14,36.018893995224076,36.388723916289834,0.010267664551687669,36.20333671586528,1.31314875618364,11.337029862270711,true
graviton,capture/split/bit-state,capture,bit-state,io.airlift.slice.re2.BenchmarkRe2Parse.parse1SplitBitState,,Parse_CachedSplit_BitState/threads:1,254.84523840274585,0.02865641354968286,14,177.7967124813085,177.77402506278779,0.00012761942310022536,177.78536841015185,1.433443261848278,77.059869992594,true
graviton,capture/split/re2,capture,re2,io.airlift.slice.re2.BenchmarkRe2Parse.parse1SplitRe2,,Parse_CachedSplit_RE2/threads:1,57.53917210914246,0.006350297927809292,14,61.30404203802296,61.189335863026805,0.001874610557188092,61.2466620970131,0.9394662523486085,-3.7074899878706375,true
graviton,capture/split-hard/nfa,capture,nfa,io.airlift.slice.re2.BenchmarkRe2Parse.parseSplitHardNfa,,Parse_CachedSplitHard_NFA/threads:1,808.6890718005217,0.002406330040323092,14,643.7906065053713,644.7173648223991,0.0014395337671333597,644.2538190213211,1.2552336484849906,164.4352527792006,true
graviton,capture/split-hard/bit-state,capture,bit-state,io.airlift.slice.re2.BenchmarkRe2Parse.parseSplitHardBitState,,Parse_CachedSplitHard_BitState/threads:1,291.95471874619454,0.002212160668795095,14,181.5728746621134,181.78578111897602,0.001172567528375628,181.6792967029271,1.6069784727512695,110.27542204326744,true
graviton,capture/split-hard/backtrack,capture,backtrack,io.airlift.slice.re2.BenchmarkRe2Parse.parseSplitHardBacktrack,,Parse_CachedSplitHard_Backtrack/threads:1,929.220852181403,0.005083049695481705,14,372.5066368760756,365.804911482811,0.01832049046607599,369.1405658136375,2.517254775652386,560.0802863677654,true
graviton,capture/split-hard/re2,capture,re2,io.airlift.slice.re2.BenchmarkRe2Parse.parseSplitHardRe2,,Parse_CachedSplitHard_RE2/threads:1,286.88537593083754,0.0031254889085934293,14,209.41063595719305,204.58539573641238,0.02358545781536384,206.983955486207,1.3860271210729422,79.90142044463053,true
graviton,capture/splitbig1/re2,capture,re2,io.airlift.slice.re2.BenchmarkRe2Parse.parseSplitBig1Re2,,Parse_CachedSplitBig1_RE2/threads:1,363250.33419683523,0.0006160277760621211,14,361915.1744184516,360044.5347039245,0.005195578697133681,360978.642825003,1.006293146192955,2271.6913718322176,true
graviton,capture/splitbig2/re2,capture,re2,io.airlift.slice.re2.BenchmarkRe2Parse.parseSplitBig2Re2,,Parse_CachedSplitBig2_RE2/threads:1,6273195.6125,0.004973837537995305,14,3170031.1704567373,3154104.670453638,0.005049451957727458,3162057.893243134,1.9838965080003508,3111137.719256866,true
graviton,successful-search/phone/re2/8,successful-search,re2,io.airlift.slice.re2.BenchmarkRe2Parse.searchPhoneRe2,textSize=8,SearchPhone_CachedRE2/8/threads:1,61.80478229035997,0.0012338890069774977,14,198.55107807867796,197.8672261024352,0.003456115445256819,198.2088571660612,0.3118164504554877,-136.4040748757012,true
graviton,successful-search/phone/re2/64,successful-search,re2,io.airlift.slice.re2.BenchmarkRe2Parse.searchPhoneRe2,textSize=64,SearchPhone_CachedRE2/64/threads:1,111.93341694851021,0.0027269625972612594,14,299.34585957624415,299.34139823005665,1.4903873015481302e-05,299.343628894839,0.3739295115842703,-187.4102119463288,true
graviton,successful-search/phone/re2/512,successful-search,re2,io.airlift.slice.re2.BenchmarkRe2Parse.searchPhoneRe2,textSize=512,SearchPhone_CachedRE2/512/threads:1,431.0315428925299,0.0044822074343068095,14,1107.3497116549386,1103.9588495964829,0.00307154751256817,1105.6529807220631,0.38984342321497506,-674.6214378295333,true
graviton,successful-search/phone/re2/4096,successful-search,re2,io.airlift.slice.re2.BenchmarkRe2Parse.searchPhoneRe2,textSize=4096,SearchPhone_CachedRE2/4096/threads:1,3078.279313298227,0.014423703632697864,14,7550.218874741246,7553.677781049619,0.0004581200049636517,7551.948129866519,0.40761393753807945,-4473.668816568292,true
graviton,successful-search/phone/re2/32768,successful-search,re2,io.airlift.slice.re2.BenchmarkRe2Parse.searchPhoneRe2,textSize=32768,SearchPhone_CachedRE2/32768/threads:1,24769.843988066787,0.0010778429538732788,14,59093.63513511823,59111.87626696648,0.00030868183699546734,59102.7549973127,0.4190979589562792,-34332.911009245916,true
graviton,successful-search/phone/re2/262144,successful-search,re2,io.airlift.slice.re2.BenchmarkRe2Parse.searchPhoneRe2,textSize=262144,SearchPhone_CachedRE2/262144/threads:1,288558.93583957123,0.002226497256746421,14,471797.6391232436,473553.0220712676,0.0037206268163741743,472674.51572186686,0.6104812640446355,-184115.57988229563,true
graviton,successful-search/phone/re2/2097152,successful-search,re2,io.airlift.slice.re2.BenchmarkRe2Parse.searchPhoneRe2,textSize=2097152,SearchPhone_CachedRE2/2097152/threads:1,2312358.32718894,0.0006478733525747848,14,3773161.1486489438,3776668.810796519,0.000929634863019579,3774914.572306456,0.6125591143579441,-1462556.2451175163,true
graviton,successful-search/phone/re2/16777216,successful-search,re2,io.airlift.slice.re2.BenchmarkRe2Parse.searchPhoneRe2,textSize=16777216,SearchPhone_CachedRE2/16777216/threads:1,18563654.166666664,0.0046798477727518755,14,30201733.333342414,30272384.11110981,0.002339295463197793,30237038.08722426,0.6139375858546863,-11673383.920557596,true
graviton,compile/parse/compile,compile,compile,io.airlift.slice.re2.BenchmarkRe2Practical.compilePhaseParse,,BM_Regexp_Parse/threads:1,955.0417116948212,0.012249388749587174,14,811.6063092176404,815.6794497922349,0.005018616203859808,813.6403307054975,1.1737885594568749,141.40138098932368,true
graviton,compile/simplify/compile,compile,compile,io.airlift.slice.re2.BenchmarkRe2Practical.compilePhaseSimplify,,BM_Regexp_Simplify/threads:1,2015.9890043403598,0.007211312467672206,14,1152.022447359085,1154.3409777101192,0.0020125739358198324,1153.1811298440894,1.7481980516043671,862.8078744962704,true
graviton,compile/compile-to-program/compile,compile,compile,io.airlift.slice.re2.BenchmarkRe2Practical.compilePhaseCompileToProg,,BM_CompileToProg/threads:1,8257.379666531398,0.003517715329654112,14,3527.5563059101287,3532.495848507761,0.0014002732116157666,3530.0252132250985,2.3391843309207694,4727.3544533063,true
graviton,compile/simplify-compile/compile,compile,compile,io.airlift.slice.re2.BenchmarkRe2Practical.compilePhaseSimplifyCompile,,BM_Regexp_SimplifyCompile/threads:1,10230.735294355396,0.008755595866701295,14,4796.261614657356,4829.158900866224,0.0068589432462010935,4812.682149000241,2.125786614950391,5418.053145355155,true
graviton,compile/re2/compile,compile,compile,io.airlift.slice.re2.BenchmarkRe2Practical.compilePhaseRe2Compile,,BM_RE2_Compile/threads:1,9285.323285395882,0.002012905145717954,14,4972.1882217287175,4974.777650750286,0.000520782582254707,4973.482767717189,1.8669660113566278,4311.840517678693,true
graviton,practical/empty/re2,practical,re2,io.airlift.slice.re2.BenchmarkRe2Practical.emptyPartialMatch,,EmptyPartialMatchRE2/threads:1,24.354054094432623,0.012244568919849458,14,43.06382820662617,42.933972922669724,0.0030245345379597915,42.9988515447772,0.5663884782846196,-18.64479745034458,true
graviton,practical/simple/re2,practical,re2,io.airlift.slice.re2.BenchmarkRe2Practical.simplePartialMatch,,SimplePartialMatchRE2/threads:1,44.270889479364016,0.0005277873512102362,14,67.13173681674056,66.997407706652,0.0020049896658198728,67.0645386293444,0.6601236716775546,-22.793649149980382,true
graviton,practical/http/re2,practical,re2,io.airlift.slice.re2.BenchmarkRe2Practical.httpPartialMatch,,HTTPPartialMatchRE2/threads:1,550.9779647451167,0.0011153091437521687,14,361.1300053015435,361.4013217601654,0.000751298575689713,361.2656380604629,1.5251324972481959,189.71232668465376,true
graviton,practical/small-http/re2,practical,re2,io.airlift.slice.re2.BenchmarkRe2Practical.smallHttpPartialMatch,,SmallHTTPPartialMatchRE2/threads:1,76.4535569753969,0.00720418826197107,14,66.44553330412644,67.53313324232502,0.016368292707059008,66.98712603168549,1.1413171680067855,9.466430943711416,true
graviton,practical/dot/re2,practical,re2,io.airlift.slice.re2.BenchmarkRe2Misc.dotMatch,,DotMatchRE2/threads:1,28.856133520733863,0.0012207247736962766,14,378.07274145680594,375.4341950158553,0.007027986464683082,376.7511583874342,0.07659202335101913,-347.89502486670034,true
graviton,practical/ascii/re2,practical,re2,io.airlift.slice.re2.BenchmarkRe2Misc.asciiMatch,,ASCIIMatchRE2/threads:1,28.872784717094618,0.0004822828066302053,14,374.9079402523529,375.1017552725876,0.0005169669655548947,375.0048352412112,0.07699309983169422,-346.1320505241166,true
graviton,practical/possible-trivial/re2,practical,re2,io.airlift.slice.re2.BenchmarkRe2Misc.possibleMatchRangeTrivial,,PossibleMatchRange_Trivial,6730.766152081413,0.008525747908350064,14,971.1063697452294,974.96466141851,0.003973088627039753,973.033603212148,6.91730083099085,5757.732548869265,true
graviton,practical/possible-complex/re2,practical,re2,io.airlift.slice.re2.BenchmarkRe2Misc.possibleMatchRangeComplex,,PossibleMatchRange_Complex,45719.43090675441,0.0036046911743607174,14,2522.08005953802,2526.3388073527663,0.0016885854985611449,2524.208535296059,18.112382660726592,43195.22237145835,true
graviton,practical/possible-prefix/re2,practical,re2,io.airlift.slice.re2.BenchmarkRe2Misc.possibleMatchRangePrefix,,PossibleMatchRange_Prefix,128537.94635170951,0.011773477384271825,14,38.760767798533415,38.75783078567339,7.577856656284046e-05,38.75929926428413,3316.3124409257443,128499.18705244522,true
graviton,practical/possible-no-program/re2,practical,re2,io.airlift.slice.re2.BenchmarkRe2Misc.possibleMatchRangeNoProg,,PossibleMatchRange_NoProg,122151.46619911598,0.019919806294592883,14,38.820060620474926,38.84215801986191,0.0005692262977902543,38.83110774831315,3145.7116029460253,122112.63509136767,true
graviton,full-match/dot-star/re2/8,full-match,re2,io.airlift.slice.re2.BenchmarkRe2FullMatch.fullMatchDotStarLatin1,textSize=8,FullMatch_DotStar_CachedRE2/8,3.5983867902821984,0.000809398668841748,14,42.58075806885791,42.12351495047917,0.010854818713877064,42.351519442828405,0.08496476248366412,-38.753132652546206,true
graviton,full-match/dot-star/re2/64,full-match,re2,io.airlift.slice.re2.BenchmarkRe2FullMatch.fullMatchDotStarLatin1,textSize=64,FullMatch_DotStar_CachedRE2/64,3.6022061004033876,0.002201433682775832,14,42.49425727318301,42.110489633246196,0.009113350219367416,42.30193825789629,0.0851546347224641,-38.6997321574929,true
graviton,full-match/dot-star/re2/512,full-match,re2,io.airlift.slice.re2.BenchmarkRe2FullMatch.fullMatchDotStarLatin1,textSize=512,FullMatch_DotStar_CachedRE2/512,3.595973914510669,0.0019074587381111966,14,42.47156135469845,42.11426753904834,0.008483913802343274,42.292537139463235,0.08502620456778555,-38.69656322495257,true
graviton,full-match/dot-star/re2/4096,full-match,re2,io.airlift.slice.re2.BenchmarkRe2FullMatch.fullMatchDotStarLatin1,textSize=4096,FullMatch_DotStar_CachedRE2/4096,3.247020300525006,0.0016625017714924065,14,42.49479732164768,42.08023856073283,0.009851625729652971,42.28700993076863,0.07678528952132005,-39.039989630243625,true
graviton,full-match/dot-star/re2/32768,full-match,re2,io.airlift.slice.re2.BenchmarkRe2FullMatch.fullMatchDotStarLatin1,textSize=32768,FullMatch_DotStar_CachedRE2/32768,3.2382298899646615,0.0029983701056289394,14,42.49881070179775,42.08052442354769,0.009940139387046005,42.28915040183156,0.07657353858365555,-39.0509205118669,true
graviton,full-match/dot-star/re2/262144,full-match,re2,io.airlift.slice.re2.BenchmarkRe2FullMatch.fullMatchDotStarLatin1,textSize=262144,FullMatch_DotStar_CachedRE2/262144,3.263540392034585,0.0045689985496661315,14,42.466494648410055,42.08736791890396,0.009008088370758132,42.276506294794515,0.07719512982643088,-39.01296590275993,true
graviton,full-match/dot-star/re2/2097152,full-match,re2,io.airlift.slice.re2.BenchmarkRe2FullMatch.fullMatchDotStarLatin1,textSize=2097152,FullMatch_DotStar_CachedRE2/2097152,3.2551361026529726,0.00831743772943048,14,42.4713119223674,42.10710913736756,0.008649436935024152,42.28881845502785,0.07697391938520712,-39.03368235237488,true
graviton,full-match/dot-star-dollar/re2/8,full-match,re2,io.airlift.slice.re2.BenchmarkRe2FullMatch.fullMatchDotStarDollarLatin1,textSize=8,FullMatch_DotStarDollar_CachedRE2/8,65.65327492968083,0.0007958888515386512,14,75.76358860299015,75.83783764713463,0.0009800095997769263,75.80070403391954,0.866130147027422,-10.14742910423871,true
graviton,full-match/dot-star-dollar/re2/64,full-match,re2,io.airlift.slice.re2.BenchmarkRe2FullMatch.fullMatchDotStarDollarLatin1,textSize=64,FullMatch_DotStarDollar_CachedRE2/64,206.59960478346454,0.0005052414462173923,14,176.55119229224408,176.5567252859408,3.133931651702128e-05,176.55395876741775,1.1701782629276936,30.04564601604679,true
graviton,full-match/dot-star-dollar/re2/512,full-match,re2,io.airlift.slice.re2.BenchmarkRe2FullMatch.fullMatchDotStarDollarLatin1,textSize=512,FullMatch_DotStarDollar_CachedRE2/512,609.8855763619467,0.003099676942304552,14,981.1776995680441,982.6224356480577,0.0014724509950130955,981.8998018907579,0.6211281183554003,-372.01422552881115,true
graviton,full-match/dot-star-dollar/re2/4096,full-match,re2,io.airlift.slice.re2.BenchmarkRe2FullMatch.fullMatchDotStarDollarLatin1,textSize=4096,FullMatch_DotStarDollar_CachedRE2/4096,4547.840656420534,0.006346445630003554,14,7416.844346125373,7385.682159245353,0.004219269961544543,7401.2468520566135,0.6144695275441067,-2853.4061956360792,true
graviton,full-match/dot-star-dollar/re2/32768,full-match,re2,io.airlift.slice.re2.BenchmarkRe2FullMatch.fullMatchDotStarDollarLatin1,textSize=32768,FullMatch_DotStarDollar_CachedRE2/32768,36059.08599761036,0.003544730078955638,14,58936.1924615779,58930.435551890776,9.768992258768841e-05,58933.31393643877,0.6118625203480174,-22874.227938828408,true
graviton,full-match/dot-star-dollar/re2/262144,full-match,re2,io.airlift.slice.re2.BenchmarkRe2FullMatch.fullMatchDotStarDollarLatin1,textSize=262144,FullMatch_DotStarDollar_CachedRE2/262144,292361.2387492694,0.0012440138370935084,14,471604.7205388794,473086.6694937843,0.003142353946778921,472345.11382810486,0.6189568393750021,-179983.87507883547,true
graviton,full-match/dot-star-dollar/re2/2097152,full-match,re2,io.airlift.slice.re2.BenchmarkRe2FullMatch.fullMatchDotStarDollarLatin1,textSize=2097152,FullMatch_DotStarDollar_CachedRE2/2097152,2307989.2281105993,0.0005629744135651211,14,3773736.378379171,3771682.216211048,0.0005446275826987343,3772709.157489006,0.611759118385559,-1464719.9293784066,true
graviton,full-match/dot-star-capture/re2/8,full-match,re2,io.airlift.slice.re2.BenchmarkRe2FullMatch.fullMatchDotStarCaptureLatin1,textSize=8,FullMatch_DotStarCapture_CachedRE2/8,65.75765520529876,0.0005584160114183897,14,75.73906338257204,75.87970015618158,0.0018568591599708714,75.8093491568131,0.86740825421516,-10.051693951514338,true
graviton,full-match/dot-star-capture/re2/64,full-match,re2,io.airlift.slice.re2.BenchmarkRe2FullMatch.fullMatchDotStarCaptureLatin1,textSize=64,FullMatch_DotStarCapture_CachedRE2/64,207.22686996472004,0.0002329843522073044,14,176.91609710241175,176.3270309112715,0.003340759429203355,176.62131842583008,1.1732834507842402,30.605551538889955,true
graviton,full-match/dot-star-capture/re2/512,full-match,re2,io.airlift.slice.re2.BenchmarkRe2FullMatch.fullMatchDotStarCaptureLatin1,textSize=512,FullMatch_DotStarCapture_CachedRE2/512,600.6424632321032,0.0005945650234022395,14,980.9923258583318,981.256837646355,0.00026963695948569626,981.1245728382759,0.612197961258392,-380.4821096061727,true
graviton,full-match/dot-star-capture/re2/4096,full-match,re2,io.airlift.slice.re2.BenchmarkRe2FullMatch.fullMatchDotStarCaptureLatin1,textSize=4096,FullMatch_DotStarCapture_CachedRE2/4096,4550.2727495296085,0.0020279501769181613,14,7416.720642510407,7417.337068518138,8.311301415318766e-05,7417.028849110411,0.6134899623688753,-2866.7560995808026,true
graviton,full-match/dot-star-capture/re2/32768,full-match,re2,io.airlift.slice.re2.BenchmarkRe2FullMatch.fullMatchDotStarCaptureLatin1,textSize=32768,FullMatch_DotStarCapture_CachedRE2/32768,36149.275903575486,0.0016020701109768557,14,58930.7835333696,58986.33572015779,0.0009426683892084053,58958.55308393588,0.6131303095602066,-22809.277180360397,true
graviton,full-match/dot-star-capture/re2/262144,full-match,re2,io.airlift.slice.re2.BenchmarkRe2FullMatch.fullMatchDotStarCaptureLatin1,textSize=262144,FullMatch_DotStarCapture_CachedRE2/262144,293428.61943228287,0.0024617179113927213,14,471566.4367622946,473464.59661207895,0.0040252225387727375,472514.563540062,0.6209938107175497,-179085.94410777913,true
graviton,full-match/dot-star-capture/re2/2097152,full-match,re2,io.airlift.slice.re2.BenchmarkRe2FullMatch.fullMatchDotStarCaptureLatin1,textSize=2097152,FullMatch_DotStarCapture_CachedRE2/2097152,2316289.9675925924,0.00045470776717294653,14,3770762.202702212,3771944.662165313,0.00031358632539954485,3771353.386090639,0.6141800384274367,-1455063.4184980467,true
